Name,Pos,Org,Top 100,Org Rk,Age,Hit,Pitch Sel,Bat Ctrl,Con Style,Game Pwr,Raw Pwr,Spd,Fld,Versa,Hard Hit%,FV,PlayerId
"Jesús Made","SS","MIL",1,1,"19.2333333","40 / 60",70,60,"Oppo/Pull","35 / 60","50 / 60","50 / 45","40 / 60","2B/SS/3B",,"65","sa3024108"
"Franklin Arias","SS","BOS",2,1,"20.7027777","50 / 60",40,70,"Oppo","40 / 50","50 / 50","50 / 50","50 / 55",,,"60","sa3021845"
"Kade Anderson","SP","SEA",3,1,"22.0722222","",,,,"","","","",,,"60","sa3026056"
"Walker Jenkins","CF","MIN",4,1,"21.4527777","50 / 60",70,55,"GapToGap","35 / 50","45 / 55","50 / 50","40 / 45","OF",,"60","sa3022894"
"Max Clark","CF","DET",5,1,"21.6138888","50 / 60",55,60,"SlashAndDash","40 / 50","50 / 55","70 / 70","40 / 50",,,"60","33381"
"Leo De Vries","SS","ATH",6,1,"19.8083333","40 / 50",50,50,"Pull","50 / 60","45 / 60","50 / 50","40 / 50",,0.407,"60","sa3023363"
"Eli Willits","SS","WSN",7,1,"18.6472222","25 / 60",50,60,"InsideOut","20 / 45","35 / 45","60 / 60","45 / 60",,,"60","sa3069164"
"Seth Hernandez","SP","PIT",8,1,"20.0944444","",,,,"","","","",,,"60","sa3069247"
"Thomas White","SP","MIA",9,1,"21.8416666","",,,,"","","","",,,"60","sa3023268"
"Ryan Sloan","SP","SEA",10,2,"20.5083333","",,,,"","","","",,,"55","sa3067131"
"Angel Genao","SS","CLE",11,1,"22.2027777","40 / 50",60,50,"GapToGap","40 / 50","45 / 50","60 / 60","40 / 50","SS/3B",,"55","sa3015706"
"Ethan Salas","C","SDP",12,1,"20.1694444","30 / 40",40,50,"GapToGap","30 / 55","45 / 55","50 / 40","45 / 70",,,"55","sa3020881"
"Sebastian Walcott","SS","TEX",13,1,"20.3833333","30 / 45",50,40,"Pull","45 / 60","55 / 70","50 / 50","40 / 50","SS/3B",,"55","sa3021069"
"Vahn Lackey","C","MIN",14,2,"21.0694444","35 / 55",60,55,"PoleToPole","30 / 55","50 / 60","60 / 50","45 / 55",,,"55","sa3035829"
"Grady Emerson","SS","TBR",15,1,"18.4472222","25 / 60",70,55,"GapToGap","20 / 40","45 / 50","55 / 55","45 / 55","3B/SS",,"55","sa3077867"
"Theo Gillen","CF","TBR",16,2,"20.8888888","35 / 50",60,55,"PoleToPole","30 / 55","55 / 60","60 / 55","40 / 45","OF",,"55","sa3025565"
"Josue De Paula","RF","LAD",17,1,"21.1888888","30 / 45",70,40,"PoleToPole","30 / 60","55 / 70","30 / 40","20 / 40","LF/RF",0.51,"55","sa3018591"
"George Lombard Jr.","SS","NYY",18,1,"21.1666666","30 / 40",50,40,"GapToGap","35 / 50","50 / 55","55 / 55","50 / 60","SS/3B",,"55","sa3023233"
"Roch Cholowsky","SS","CHW",19,1,"21.325","30 / 40",45,50,"PoleToPole","35 / 55","55 / 60","50 / 50","60 / 70",,,"55","sa3028866"
"Alfredo Duno","C","CIN",20,1,"20.5694444","30 / 40",60,30,"PoleToPole","35 / 65","60 / 70","50 / 40","40 / 60",,,"55","sa3021066"
"Gage Wood","SP","PHI",21,1,"22.6305555","",,,,"","","","",,,"55","sa3045536"
"River Ryan","SP","DET",22,2,"27.9583333","",,,,"","","","",,,"55","29514"
"Mike Sirota","CF","LAD",23,2,"23.1277777","30 / 45",60,40,"InsideOut","35 / 60","60 / 60","60 / 60","30 / 40","OF",0.59,"55","sa3042374"
"Rainiel Rodriguez","C","STL",24,1,"19.5777777","35 / 50",40,60,"PoleToPole","35 / 55","55 / 60","45 / 40","40 / 60",,,"55","sa3023987"
"Bryce Rainer","SS","DET",25,3,"21.0805555","30 / 40",50,40,"InsideOut","35 / 60","50 / 60","55 / 55","40 / 55",,,"55","sa3066592"
"Luis Peña","SS","MIL",26,2,"19.7194444","30 / 50",40,50,"PoleToPole","30 / 60","50 / 60","60 / 60","30 / 40","2B/SS/3B",,"55","sa3024134"
"Anthony Eyanson","SP","BOS",27,2,"21.8138888","",,,,"","","","",,,"55","sa3031104"
"Liam Doyle","SP","STL",28,2,"22.1638888","",,,,"","","","",,,"55","sa3030545"
"Aidan Miller","SS","PHI",29,2,"22.1472222","40 / 50",60,50,"Pull","45 / 60","55 / 60","55 / 55","30 / 40",,,"55","sa3022609"
"Jarlin Susana","SP","WSN",30,2,"22.3583333","",,,,"","","","",,,"55","sa3018808"
"Josuar Gonzalez","SS","SFG",31,1,"18.7944444","30 / 50",50,45,"GapToGap","20 / 55","45 / 55","60 / 60","50 / 60","SS/CF",,"50","sa3067675"
"Caden Bodine","C","TBR",32,3,"22.6666666","55 / 70",50,70,"Pull/Oppo","30 / 45","45 / 45","30 / 30","30 / 45",,,"50","sa3027305"
"Eric Hartman","CF","ATL",33,1,"20.1277777","20 / 40",45,45,"Pull","25 / 40","35 / 45","70 / 70","40 / 55",,0.456,"50","sa3067040"
"Jackson Flora","SP","SFG",34,2,"21.1861111","",,,,"","","","",,,"50","sa3031459"
"Kaelen Culpepper","SS","MIN",35,3,"23.5916666","40 / 45",35,50,"GapToGap","45 / 55","55 / 55","55 / 55","50 / 60","2B/3B/SS",,"50","sa3025360"
"Eduardo Quintero","CF","LAD",36,3,"20.8777777","35 / 45",55,45,"InsideOut","30 / 50","45 / 50","55 / 55","45 / 55","OF",0.4,"50","sa3021208"
"Christian Zazueta","SP","LAD",37,4,"21.8194444","",,,,"","","","",,,"50","sa3018867"
"Braylon Doughty","SP","CLE",38,2,"20.6527777","",,,,"","","","",,,"50","sa3067030"
"Ralphy Velazquez","1B","CLE",39,3,"21.1777777","35 / 50",50,40,"PoleToPole","40 / 55","55 / 60","30 / 30","45 / 50",,,"50","sa3023013"
"Josue Briceño","1B","DET",40,4,"21.8583333","35 / 50",55,50,"GapToGap","45 / 60","60 / 60","30 / 20","30 / 40","C/1B",,"50","sa3018584"
"Charlie Condon","1B","COL",41,1,"23.3","30 / 35",40,30,"PoleToPole","30 / 60","70 / 70","40 / 40","45 / 50","1B/3B/LF",,"50","sa3025257"
"Kendry Chourio","SP","KCR",42,1,"18.8361111","",,,,"","","","",,,"50","sa3067545"
"Alexander Frias","RF","MIL",43,3,"18.3944444","30 / 50",35,55,"Oppo","20 / 50","45 / 55","45 / 45","50 / 50","OF",,"50","sa3068835"
"Arjun Nimmala","SS","TOR",44,38,"20.7944444","30 / 45",50,45,"Pull","25 / 55","55 / 60","50 / 45","40 / 50",,,"50","sa3022892"
"Ethan Holliday","3B","COL",45,2,"19.4416666","20 / 45",55,40,"InsideOut","25 / 60","60 / 70","45 / 45","45 / 55",,,"50","sa3069100"
"Brody Hopkins","SP","TBR",46,4,"24.5388888","",,,,"","","","",,,"50","sa3023515"
"Jefferson Rojas","SS","CHC",47,1,"21.2694444","25 / 50",40,55,"GapToGap","30 / 50","45 / 50","50 / 50","40 / 50","2B/SS",,"50","sa3018571"
"Roldy Brito","CF","COL",48,3,"19.3166666","30 / 45",40,50,"Gaps/Pull","20 / 50","50 / 55","60 / 60","45 / 60","2B/CF",,"50","sa3023917"
"Josiah Hartshorn","1B","CHC",49,2,"19.5","30 / 50",70,55,"GapToGap","30 / 50","50 / 50","50 / 40","30 / 40","1B/LF/RF",,"50","sa3069285"
"Taitn Gray","1B","TBR",50,5,"18.9611111","20 / 50",45,40,"PoleToPole","20 / 60","60 / 70","45 / 40","30 / 40",,,"50","sa3069266"
"Aiva Arquette","SS","MIA",51,2,"22.7916666","30 / 45",45,45,"GapToGap","35 / 55","55 / 60","60 / 60","40 / 45",,,"50","sa3026235"
"Zachary Root","SP","LAD",52,5,"22.4888888","",,,,"","","","",,,"50","sa3041130"
"Felnin Celesten","SS","SEA",53,3,"20.8805555","20 / 40",55,45,"GapToGap","20 / 50","45 / 55","50 / 50","40 / 50",,,"50","sa3023381"
"Eric Booth Jr.","CF","BAL",54,1,"18.0777777","20 / 50",45,50,"Oppo","20 / 55","55 / 60","80 / 80","30 / 55",,,"50",
"Hayden Alvarez","CF","LAA",55,1,"19.3694444","30 / 50",60,50,"GapToGap","30 / 50","45 / 55","55 / 55","40 / 50","OF",,"50","sa3023906"
"Pedro Ramírez","2B","CHC",56,3,"22.3361111","50 / 60",55,60,"GapToGap","40 / 45","45 / 45","40 / 40","40 / 45","2B/3B/LF",,"50","29218"
"Zyhir Hope","RF","DET",57,5,"21.5361111","30 / 40",60,40,"Oppo","35 / 65","65 / 65","60 / 55","40 / 50","OF",0.46,"50","sa3022703"
"Jonny Farmelo","CF","SEA",58,4,"21.8972222","30 / 45",40,40,"Pull","35 / 55","50 / 60","70 / 65","40 / 50","OF",,"50","sa3023362"
"Marek Houston","SS","MIN",59,4,"22.3","35 / 60",60,60,"GapToGap","30 / 35","40 / 40","55 / 55","45 / 55",,,"50","sa3034152"
"Jhonny Level","2B","SFG",60,3,"19.3416666","25 / 60",50,50,"GapToGap","25 / 45","45 / 50","50 / 50","40 / 55","2B/SS",,"50","sa3023898"
"Josh Hammond","SS","KCR",61,2,"19.8638888","20 / 30",50,30,"Oppo","20 / 45","45 / 60","50 / 50","45 / 60",,,"50","sa3069255"
"Yolfran Castillo","SS","TEX",62,2,"19.4833333","25 / 55",60,55,"Oppo","20 / 50","40 / 55","55 / 55","40 / 50","SS/3B",,"50","sa3023726"
"Brady  Ebel","SS","MIL",63,4,"19.0194444","25 / 50",60,55,"Pull","20 / 45","40 / 50","50 / 50","40 / 50","2B/SS",,"50","sa3069149"
"Luis Hernández","SS","SFG",64,4,"17.6361111","25 / 55",,60,,"20 / 55","45 / 55","50 / 50","40 / 50",,,"50","sa3076284"
"Elmer Rodríguez","SP","NYY",65,2,"22.9555555","",,,,"","","","",,,"50","31811"
"Tyler Bremner","SP","LAA",66,2,"22.2833333","",,,,"","","","",,,"50","sa3027644"
"Ramon Marquez","SP","PHI",67,3,"20.8694444","",,,,"","","","",,,"50","sa3067514"
"Juneiker Caceres","RF","CLE",68,4,"18.9638888","25 / 60",50,55,"PoleToPole","20 / 40","45 / 50","50 / 50","40 / 50","LF/RF",,"50","sa3024329"
"Kevin Alvarez","LF","HOU",69,1,"18.5527777","25 / 50",50,60,"Oppo","25 / 60","40 / 60","50 / 40","30 / 50","OF",,"50","sa3067677"
"Michael Arroyo","2B","SEA",70,5,"21.7472222","30 / 50",60,50,"InsideOut","40 / 50","50 / 55","50 / 45","30 / 40",,,"50","sa3018429"
"Justin Gonzales","RF","BOS",71,3,"19.5888888","30 / 45",50,40,"Pole to Pole","40 / 50","60 / 60","40 / 40","35 / 40","RF/1B",,"50","sa3023757"
"Jurrangelo Cijntje","SP","STL",72,3,"23.1722222","",,,,"","","","",,,"50","sa3028930"
"Devin Fitz-Gerald","SS","WSN",73,3,"20.9583333","30 / 50",60,50,"GapToGap","30 / 40","40 / 45","50 / 50","35 / 45","2B/3B/SS",,"50","sa3067320"
"Tyler Bell","SS","COL",74,4,"21.0888888","30 / 45",45,45,"PoleToPole","35 / 50","45 / 50","60 / 60","40 / 50","2B/SS",,"50","sa3058609"
"Tate Southisene","SS","ATL",75,2,"19.8222222","20 / 40",40,50,"PoleToPole","20 / 50","45 / 55","60 / 60","40 / 50",,0.493,"50","sa3069150"
"Brayden Taylor","3B","TBR",76,6,"24.1944444","30 / 40",60,40,"Pull","45 / 50","45 / 50","60 / 60","60 / 60","2B/3B/SS",,"50","sa3022921"
"Emil Morales","SS","LAD",77,6,"19.8611111","30 / 40",40,40,"InsideOut","30 / 55","50 / 65","50 / 50","40 / 50",,0.48,"50","sa3023887"
"Edward Florentino","RF","PIT",78,2,"19.725","20 / 40",60,45,"Pull","25 / 60","45 / 60","50 / 40","35 / 55",,,"50","sa3023944"
"JoJo Parker","3B","TOR",79,1,"19.9833333","30 / 55",40,55,"GapToGap","35 / 55","50 / 55","40 / 40","35 / 50",,,"50","sa3069248"
"Axiel Plaz","C","PIT",80,3,"20.9722222","30 / 30",30,45,"Oppo","30 / 50","60 / 60","30 / 30","40 / 55","C/1B",,"50","sa3018480"
"Lazaro Montes","RF","SEA",81,6,"21.7777777","30 / 40",55,40,"PoleToPole","40 / 60","65 / 70","35 / 30","30 / 40",,,"50","sa3018409"
"Ramon Ramirez","C","KCR",82,3,"21.1305555","30 / 40",40,40,"Pull","35 / 50","50 / 55","30 / 30","40 / 50",,,"50","sa3021637"
"Eduardo Tait","C","MIN",83,5,"19.9305555","20 / 35",30,50,"PoleToPole","30 / 60","60 / 70","30 / 30","30 / 50",,,"50","sa3022162"
"Dorian Soto","SS","BOS",84,4,"18.4666666","20 / 45",,40,"GapToGap","20 / 60","50 / 60","55 / 50","45 / 55",,,"50","sa3067678"
"Angeibel Gomez","CF","KCR",85,4,"17.6388888","25 / 50",,55,,"20 / 60","40 / 60","55 / 45","30 / 45",,,"50","sa3075040"
"Cristian Arguelles","CF","COL",86,5,"19.0888888","30 / 55",45,55,"GapToGap","20 / 40","30 / 45","50 / 50","35 / 45",,,"50","sa3023968"
"Karson Milbrandt","SP","MIA",87,3,"22.2805555","",,,,"","","","",,,"50","sa3020659"
"Michael Forret","SP","TBR",88,7,"22.3222222","",,,,"","","","",,,"50","sa3023479"
"Tyson Hardin","SP","MIL",89,5,"24.7027777","",,,,"","","","",,,"50","sa3025574"
"Riley Quick","SP","MIN",90,6,"22.2583333","",,,,"","","","",,,"50","sa3040326"
"Keyner Martinez","SP","SFG",91,5,"21.9611111","",,,,"","","","",,,"50","sa3023631"
"Carlos Lagrange","SIRP","NYY",92,3,"23.1861111","",,,,"","","","",,,"50","sa3019390"
"Hagen Smith","SP","CHW",93,3,"22.9527777","",,,,"","","","",,,"50","sa3025544"
"Elian Peña","3B","NYM",94,1,"18.7861111","25 / 50",40,45,"PoleToPole","25 / 55","50 / 55","40 / 30","35 / 55",,,"50","sa3067674"
"Harry Ford","C","WSN",95,4,"23.4472222","30 / 45",70,40,"GapToGap","40 / 45","50 / 50","55 / 55","45 / 50","C/LF",,"50","29958"
"Luis De León","SP","BAL",96,2,"23.3","",,,,"","","","",,,"50","sa3019283"
"Aaron Walton","CF","CLE",97,5,"22.2166666","30 / 40",45,40,"Pull","30 / 40","40 / 45","60 / 60","45 / 60","OF",,"50","sa3044756"
"Murf Gray","3B","PIT",98,4,"22.5888888","35 / 45",40,55,"Pull","30 / 55","55 / 60","40 / 40","30 / 40",,,"50","sa3032619"
"Caleb Bonemer","3B","CHW",99,2,"20.825","30 / 40",40,50,"Pull","40 / 60","50 / 55","40 / 40","30 / 40","SS/3B",,"50","sa3067043"
"Kendry Rojas","SP","MIN",100,7,"23.6833333","",,,,"","","","",,,"50","29423"
"Caden Scarborough","SP","TEX",101,3,"21.3361111","",,,,"","","","",,,"50","sa3025060"
"Jake Bloss","SP","TOR",102,2,"25.1083333","",,,,"","","","",,,"50","33168"
"George Klassen","SP","LAA",103,3,"24.5166666","",,,,"","","","",,,"50","33464"
"Owen Ayers","C","CHC",103,4,"25.1527777","35 / 40",55,35,"Poles/Pull","45 / 50","55 / 55","50 / 40","50 / 55",,,"50","sa3025449"
"Jaxon Wiggins","SP","CHC",104,5,"24.8305555","",,,,"","","","",,,"50","sa3023635"
"Thayron Liranzo","C","DET",105,6,"23.075","20 / 35",55,35,"Pull","35 / 55","55 / 60","30 / 30","30 / 50","C/1B",,"50","sa3015790"
"Blake Mitchell","C","KCR",106,5,"21.9972222","20 / 30",55,30,"Pull","35 / 55","50 / 60","45 / 35","35 / 50",,,"50","sa3022756"
"Jeferson Quero","C","MIL",107,6,"23.8166666","40 / 45",30,55,"Pull","45 / 50","55 / 55","35 / 35","45 / 50",,,"50","28272"
"Dax Kilby","SS","NYY",108,4,"19.7083333","25 / 55",45,55,"GapToGap","20 / 45","45 / 60","60 / 60","30 / 45",,,"50","sa3069080"
"Travis Sykora","SP","WSN",109,5,"22.2611111","",,,,"","","","",,,"50","sa3023557"
"Juan Valera","SP","BOS",110,5,"20.2055555","",,,,"","","","",,,"50","sa3021570"
"Robby Snelling","SP","MIA",111,4,"22.6194444","",,,,"","","","",,,"50","31893"
"Khal Stephen","SP","CLE",112,6,"23.6138888","",,,,"","","","",,,"50","sa3043049"
"JD Dix","2B","ARI",,1,"20.8055555","30 / 50",60,50,"Oppo","25 / 50","45 / 55","60 / 60","40 / 50",,0.378,"45+","sa3066859"
"Steele Hall","SS","CIN",,2,"19.0222222","20 / 45",50,40,"GapToGap","20 / 45","40 / 50","70 / 70","45 / 60",,,"45+","sa3069249"
"Jonathan Santucci","SIRP","NYM",,2,"23.5944444","",,,,"","","","",,,"45+","sa3041559"
"Kash Mayfield","SP","SDP",,2,"21.4833333","",,,,"","","","",,,"45+","sa3067104"
"Jansel Luis","3B","ARI",,2,"21.4055555","30 / 50",30,50,"Pull/Gaps","30 / 50","45 / 55","55 / 55","45 / 55","2B/3B/SS",0.384,"45+","sa3018508"
"Albert Fermín","3B","HOU",,2,"17.4805555","20 / 45",,45,,"20 / 50","40 / 50","45 / 40","30 / 50",,,"45+","sa3075075"
"Drew Burress","CF","ATH",,2,"21.6583333","30 / 50",50,50,"PoleToPole","30 / 55","55 / 55","60 / 60","40 / 45",,,"45+","sa3028100"
"Wandy Asigen","SS","NYM",,3,"16.9472222","20 / 45",,40,,"20 / 60","45 / 60","55 / 55","40 / 55",,,"45+","sa3075045"
"Cam Caminiti","SP","ATL",,3,"19.9833333","",,,,"","","","",,,"45+","sa3025607"
"Wehiwa Aloy","SS","BAL",,3,"22.4944444","30 / 35",35,40,"PoleToPole","35 / 35","55 / 60","50 / 50","40 / 45",,0.486,"45+","sa3025961"
"Demetrio Crisantes","2B","ARI",,3,"21.9083333","40 / 60",50,60,"InsideOut","35 / 45","40 / 45","50 / 50","45 / 55","1B/2B/3B",0.388,"45+","sa3021051"
"Cole Carlon","SP","TOR",,3,"21.2","",,,,"","","","",,,"45+","sa3028440"
"Kade Morris","SP","ATH",,3,"24.1138888","",,,,"","","","",,,"45","33787"
"Héctor  Rodríguez","RF","CIN",,3,"22.3916666","40 / 50",20,55,"GapToGap","40 / 50","50 / 50","45 / 45","45 / 50","LF/RF",,"45","sa3015828"
"Coleman Borthwick","SP","SDP",,3,"18.3027777","",,,,"","","","",,,"45",
"Xavier Neyens","3B","HOU",,3,"19.7583333","20 / 40",60,40,"GapToGap","30 / 60","55 / 70","50 / 40","30 / 45",,,"45","sa3069252"
"Jonah Tong","SP","NYM",,4,"23.1472222","",,,,"","","","",,,"45+","32157"
"Trey Gregory-Alford","SP","LAA",,4,"22.2388888","",,,,"","","","",,,"45+","sa3067313"
"Briggs McKenzie","SP","ATL",,4,"19.8083333","",,,,"","","","",,,"45+","sa3069273"
"Brandon Clarke","SP","STL",,4,"23.3111111","",,,,"","","","",,,"45+","sa3067144"
"Ike Irish","RF","BAL",,4,"22.6833333","30 / 45",45,45,"PoleToPole","35 / 55","55 / 60","40 / 40","35 / 40","1B/LF/RF",0.482,"45+","sa3034445"
"Francisco Renteria","LF","PHI",,4,"17.5638888","20 / 40",,50,"GapToGap","20 / 60","55 / 70","55 / 45","40 / 50",,0.5,"45+","sa3069440"
"Gio Rojas","SP","TEX",,4,"19.0916666","",,,,"","","","",,,"45+",
"Billy Carlson","SS","CHW",,4,"20.0083333","25 / 50",60,55,"InsideOut","20 / 55","45 / 55","55 / 55","45 / 70",,,"45+","sa3069250"
"Jamie Arnold","SP","ATH",,4,"22.3638888","",,,,"","","","",,,"45","sa3026225"
"Jose Franco","SP","CIN",,4,"25.6861111","",,,,"","","","",,,"45","27014"
"Miguel Mendez","SIRP","SDP",,4,"24.0861111","",,,,"","","","",,,"45","sa3015506"
"Ryder Helfrick","C","ARI",,4,"21.4583333","20 / 30",50,30,"GapToGap","35 / 55","55 / 60","30 / 30","45 / 60",,,"45","sa3033556"
"Ethan Pecko","SP","HOU",,4,"23.9361111","",,,,"","","","",,,"45","sa3022997"
"Ricky Tiedemann","SP","TOR",,4,"23.9555555","",,,,"","","","",,,"45","sa3018096"
"Jared Grindlinger","TWP","LAA",,5,"17.2944444","25 / 55",45,60,"Oppo","20 / 40","35 / 45","40 / 40","30 / 50",,,"45+",
"Owen Murphy","SP","ATL",,5,"22.8472222","",,,,"","","","",,,"45+","31761"
"Joshua Baez","RF","STL",,5,"23.0944444","35 / 40",40,30,"PoleToPole","50 / 60","60 / 70","50 / 40","45 / 45","OF",,"45+","sa3017022"
"Ben Hess","SP","NYY",,5,"23.9138888","",,,,"","","","",,,"45+","sa3033725"
"Nate George","CF","BAL",,5,"20.1611111","20 / 40",40,40,"InsideOut","20 / 45","45 / 50","70 / 70","40 / 55","OF",,"45+","sa3067128"
"Jacob Lombard","SS","MIA",,5,"18.8472222","20 / 30",30,20,"PoleToPole","25 / 70","60 / 70","60 / 50","40 / 55",,,"45+",
"Johan De Los Santos","CF","PIT",,5,"18.0222222","25 / 60",50,60,"Pull","25 / 45","30 / 45","70 / 70","30 / 45","2B/CF",,"45+","sa3066666"
"Wei-En Lin","SP","ATH",,5,"20.7444444","",,,,"","","","",,,"45","sa3067072"
"Justin Lebron","SS","CIN",,5,"21.7472222","20 / 30",30,30,"InsideOut","30 / 50","45 / 55","60 / 60","45 / 60","2B/SS",,"45","sa3036129"
"Zac Thornton","SP","NYM",,5,"24.5416666","",,,,"","","","",,,"45","33891"
"Bryan Rincon","SS","PHI",,5,"22.4833333","30 / 40",60,40,"GapToGap","30 / 40","45 / 50","50 / 50","45 / 50",,,"45","sa3020221"
"Connor Comeau","3B","TEX",,5,"17.975","20 / 40",50,50,"PoleToPole","20 / 60","45 / 60","40 / 40","30 / 50",,,"45",
"Kayson Cunningham","2B","ARI",,5,"20.1027777","30 / 60",50,70,"Pull","30 / 45","30 / 40","55 / 55","20 / 40",,0.281,"45","sa3069148"
"Logan Hughes","LF","HOU",,5,"21.2638888","35 / 50",55,50,"PoleToPole","35 / 50","50 / 50","30 / 30","30 / 40",,,"45","sa3034267"
"Johnny King","SP","TOR",,5,"20.0166666","",,,,"","","","",,,"45","sa3067123"
"David Sandlin","MIRP","CHW",,5,"25.4472222","",,,,"","","","",,,"45","31743"
"Jorge Quintana","3B","SDP",,5,"19.325","20 / 40",50,45,"PoleToPole","20 / 50","45 / 55","50 / 50","40 / 50",,,"40+","sa3024107"
"Carson Whisenhunt","SP","SFG",,6,"25.7833333","",,,,"","","","",,,"45+","31676"
"Yairo Padilla","SS","STL",,6,"19.0944444","25 / 55",45,55,"UpTheMid","20 / 55","40 / 60","50 / 40","30 / 40",,,"45+","sa3023925"
"Henry Lalane","SP","NYY",,6,"22.2055555","",,,,"","","","",,,"45+","sa3016066"
"Wilder Dalis","2B","COL",,6,"20.0055555","30 / 50",45,45,"GapToGap","30 / 50","45 / 55","55 / 55","40 / 55","2B/3B/SS",,"45+","sa3022347"
"Luis Arana","2B","MIA",,6,"18.3694444","30 / 55",55,70,"GapToGap","20 / 45","35 / 45","45 / 45","45 / 55",,,"45+","sa3067767"
"Enddy Azocar","CF","BOS",,6,"19.4388888","30 / 50",45,50,"Oppo","30 / 50","45 / 60","55 / 55","40 / 50",,,"45+","sa3023764"
"Wyatt Sanford","SS","PIT",,6,"20.6888888","30 / 45",40,50,"GapToGap","20 / 45","45 / 55","50 / 50","45 / 55",,,"45+","sa3066665"
"Kevin Alcántara","CF","CHC",,6,"24.0555555","30 / 30",30,40,"InsideOut","50 / 60","60 / 70","60 / 60","50 / 55","OF",,"45+","25971"
"Chris Hacopian","2B","WSN",,6,"21.9222222","35 / 55",60,60,"PoleToPole","35 / 55","50 / 55","30 / 30","30 / 40","1B/2B/3B",,"45+","sa3032936"
"Johenssy Colome","3B","ATH",,6,"17.7972222","20 / 45",,45,,"20 / 60","55 / 60","55 / 50","30 / 45",,,"45","sa3075046"
"Cam Collier","1B","CIN",,6,"21.7","30 / 40",50,40,"PoleToPole","30 / 55","55 / 60","40 / 30","30 / 40","1B/3B",,"45","sa3020131"
"Ryan Clifford","RF","NYM",,6,"23.0333333","30 / 40",60,35,"PoleToPole","35 / 55","55 / 60","40 / 40","40 / 45","1B/LF/RF",,"45","sa3020126"
"Nelson Rada","CF","LAA",,6,"20.9361111","40 / 55",60,50,"InsideOut","20 / 30","30 / 35","60 / 60","55 / 60","OF",,"45","sa3018421"
"AJ Gracia","LF","ATL",,6,"21.7638888","35 / 55",60,55,"PoleToPole","35 / 45","45 / 50","40 / 40","30 / 50",,,"45","sa3032552"
"Nestor German","SP","BAL",,6,"24.4333333","",,,,"","","","",,,"45","sa3023517"
"Aroon Escobar","3B","PHI",,6,"21.5861111","40 / 50",50,50,"GapToGap","30 / 45","40 / 45","40 / 40","40 / 50","2B/3B",0.36,"45","sa3018463"
"David Davalillo","SP","TEX",,6,"23.9472222","",,,,"","","","",,,"45","sa3020448"
"Daniel Eagen","SP","ARI",,6,"23.6916666","",,,,"","","","",,,"45","sa3030728"
"Walker Janek","C","HOU",,6,"23.8555555","30 / 35",35,35,"GapToGap","35 / 45","55 / 55","50 / 50","40 / 55",,,"45","sa3025254"
"Will Brick","C","TOR",,6,"18.1555555","25 / 55",40,55,"GapToGap","20 / 50","40 / 55","50 / 40","20 / 45",,,"45",
"Zion Rose","CF","KCR",,6,"21.1833333","35 / 55",40,60,"Oppo","30 / 45","45 / 50","60 / 60","30 / 45","C/OF",,"45","sa3041154"
"Kruz Schoolcraft","SP","SDP",,6,"19.2888888","",,,,"","","","",,,"40+","sa3069203"
"Cole Prosek","C","CHW",,6,"19.1333333","25 / 55",40,55,"GapToGap","20 / 45","40 / 45","40 / 40","30 / 45","C/3B/RF",,"40+",
"Gabriel Rodriguez","SS","CLE",,7,"19.2472222","25 / 55",60,55,"PoleToPole","20 / 45","35 / 50","60 / 50","40 / 50","2B/SS",,"45+","sa3024645"
"Charles Davalan","LF","LAD",,7,"22.6277777","35 / 60",60,60,"PoleToPole","35 / 40","40 / 45","60 / 60","45 / 50",,0.42,"45+","sa3029860"
"Keyner Benitez","SP","MIA",,7,"20.1916666","",,,,"","","","",,,"45+","sa3021795"
"Josh Knoth","SP","MIL",,7,"20.9777777","",,,,"","","","",,,"45+","sa3023420"
"Alejandro Rosario","SP","WSN",,7,"24.5722222","",,,,"","","","",,,"45+","sa3023538"
"Blade Tidwell","SP","SFG",,7,"25.15","",,,,"","","","",,,"45","31701"
"Braden Nett","MIRP","ATH",,7,"24.1222222","",,,,"","","","",,,"45","sa3020336"
"Will Watson","MIRP","NYM",,7,"23.7361111","",,,,"","","","",,,"45","sa3025592"
"Juan Flores","C","LAA",,7,"20.4694444","20 / 30",40,30,"GapToGap","20 / 35","40 / 50","30 / 20","55 / 70",,,"45","sa3021185"
"Luke Sinnard","SP","ATL",,7,"23.7805555","",,,,"","","","",,,"45","sa3042362"
"Leonardo Bernal","C","STL",,7,"22.4694444","40 / 45",55,55,"Pull/Oppo","40 / 45","50 / 50","40 / 30","40 / 50",,,"45","sa3015773"
"Hunter Dietz","SP","NYY",,7,"21.4138888","",,,,"","","","",,,"45","sa3030307"
"Braxton Bragg","SP","BAL",,7,"25.7611111","",,,,"","","","",,,"45","sa3023303"
"Daniel Jackson","C","COL",,7,"21.6888888","20 / 20",30,30,"InsideOut","35 / 50","55 / 60","60 / 60","40 / 55",,,"45","sa3065812"
"Moisés Chace","SP","PHI",,7,"23.1472222","",,,,"","","","",,,"45","sa3015346"
"Henry Godbout ","SS","BOS",,7,"22.7388888","35 / 50",50,60,"Pull","30 / 45","40 / 50","45 / 45","40 / 50",,,"45","sa3032331"
"Khristian Curtis","SP","PIT",,7,"24.2305555","",,,,"","","","",,,"45","33865"
"Jordan Yost","SS","DET",,7,"19.6138888","20 / 50",45,55,"GapToGap","20 / 40","30 / 45","55 / 55","45 / 60",,,"45","sa3069254"
"Winston Santos","SP","TEX",,7,"24.2972222","",,,,"","","","",,,"45","28489"
"Ethan Conrad","CF","CHC",,7,"22.075","35 / 50",40,55,"PoleToPole","30 / 50","45 / 55","55 / 55","35 / 45","1B/OF",,"45","sa3029266"
"Cristian Mena","SP","ARI",,7,"23.6138888","",,,,"","","","",,,"45","27974"
"Bryce Mayer","SP","HOU",,7,"24.475","",,,,"","","","",,,"45","sa3025558"
"Luke Stevenson","C","SEA",,7,"22.0277777","30 / 40",60,40,"GapToGap","35 / 50","50 / 55","30 / 30","45 / 55",,,"45","sa3043081"
"Zach Maxwell","SIRP","CIN",,7,"25.5166666","",,,,"","","","",,,"40+","31610"
"Lan-Hong Su","SP","SDP",,7,"19.4111111","",,,,"","","","",,,"40+","sa3076261"
"Victor Arias","CF","TOR",,7,"22.9388888","30 / 40",45,40,"PoleToPole","30 / 50","55 / 60","60 / 60","40 / 45","OF",,"40+","sa3015636"
"Jaden Fauske","LF","CHW",,7,"19.6972222","30 / 55",50,60,"GapToGap","30 / 45","45 / 50","50 / 50","35 / 50",,,"40+","sa3069258"
"David Shields","SP","KCR",,7,"19.8972222","",,,,"","","","",,,"40+","sa3067433"
"Liam Peterson","SP","CLE",,8,"21.1444444","",,,,"","","","",,,"45+","sa3039785"
"Adam Serwinowski","SP","LAD",,8,"22.1527777","",,,,"","","","",,,"45+","sa3020626"
"Jacob Melton","CF","TBR",,8,"25.9027777","35 / 40",40,30,"PoleToPole","50 / 60","60 / 60","60 / 60","45 / 45","OF",,"45+","31661"
"Bishop Letson","SP","MIL",,8,"21.8805555","",,,,"","","","",,,"45+","sa3023526"
"Landon Harmon","SP","WSN",,8,"19.8972222","",,,,"","","","",,,"45+","sa3069265"
"Carson Bolemon","SP","SFG",,8,"19.325","",,,,"","","","",,,"45",
"Gary Gill Hill","SP","NYM",,8,"21.8666666","",,,,"","","","",,,"45","sa3020972"
"Kaiden McCarthy","SP","ATL",,8,"17.9888888","",,,,"","","","",,,"45",
"Trevor Condon","CF","STL",,8,"18.5638888","25 / 55",40,50,"PoleToPole","20 / 40","35 / 40","60 / 60","40 / 60",,,"45",
"Yeiber Cartaya","SP","BAL",,8,"23.5333333","",,,,"","","","",,,"45","sa3019599"
"Jackson Natili","C","COL",,8,"21.3944444","20 / 30",55,40,"InsideOut","35 / 50","55 / 60","30 / 30","45 / 60",,,"45","sa3060122"
"Yohanfer Santana","SP","MIA",,8,"20.8027777","",,,,"","","","",,,"45","sa3022143"
"Kyson Witherspoon","MIRP","BOS",,8,"21.9722222","",,,,"","","","",,,"45","sa3045487"
"Derek Curiel*","CF","PIT",,8,"21.1888888","35 / 60",55,55,"InsideOut","30 / 35","30 / 35","70 / 70","45 / 55",,,"45","sa3058966"
"Will Adams","RF","DET",,8,"18.3138888","20 / 45",40,50,"Pull","25 / 60","50 / 60","40 / 30","30 / 50",,,"45",
"Seong-Jun Kim","TWP","TEX",,8,"19.2527777","20 / 45",,,"InsideOut","20 / 45","30 / 50","50 / 50","35 / 50","SS/3B",,"45","sa3069132"
"Kane Kepley","CF","CHC",,8,"22.4666666","35 / 55",60,60,"GaptoGap","30 / 35","35 / 40","70 / 70","40 / 55","OF",,"45","sa3035293"
"Kohl Drake","SP","ARI",,8,"26.0416666","",,,,"","","","",,,"45","32070"
"Jack Radel","SP","HOU",,8,"21.8833333","",,,,"","","","",,,"45","sa3040377"
"Emmanuel Rodriguez","RF","MIN",,8,"23.4222222","20 / 30",80,30,"GapToGap","50 / 60","65 / 65","50 / 45","60 / 60","OF",,"45","sa3014693"
"Ace Reese","LF","SEA",,8,"21.3027777","30 / 40",40,45,"PoleToPole","35 / 55","60 / 65","50 / 40","30 / 40","1B/3B/LF/RF",,"45","sa3040543"
"Mason Edwards","SP","ATH",,8,"21.05","",,,,"","","","",,,"40+","sa3030819"
"Chase Petty","SP","CIN",,8,"23.3277777","",,,,"","","","",,,"40+","30170"
"Johnny Slawinski","SP","LAA",,8,"19.4333333","",,,,"","","","",,,"40+","sa3069264"
"Allen Facundo","SIRP","NYY",,8,"23.9138888","",,,,"","","","",,,"40+","sa3016071"
"Alex McFarlane","SIRP","PHI",,8,"25.1472222","",,,,"","","","",,,"40+","31773"
"Tucker Musgrove","SIRP","SDP",,8,"24.5027777","",,,,"","","","",,,"40+","sa3067261"
"Juan Sanchez","3B","TOR",,8,"18.8472222","20 / 45",,40,,"25 / 50","45 / 55","40 / 40","40 / 50",,,"40+","sa3067129"
"Landon Thome","2B","CHW",,8,"18.7111111","20 / 40",50,40,"Pull","25 / 55","45 / 55","45 / 45","30 / 50",,,"40+",
"Justin Lamkin","SP","KCR",,8,"22.1694444","",,,,"","","","",,,"40+","sa3035887"
"Miguel Sime Jr.","SIRP","WSN",,9,"19.2333333","",,,,"","","","",,,"45+","sa3069269"
"Robert Arias","CF","CLE",,9,"19.8861111","25 / 60",55,65,"Slash&Dash","20 / 40","40 / 50","60 / 60","40 / 50","OF",,"45+","sa3024304"
"Bo Lowrance","3B","LAD",,9,"18.8694444","20 / 50",55,45,"Oppo","20 / 55","45 / 60","50 / 40","40 / 45",,,"45+",
"Nathan Flewelling","C","TBR",,9,"19.725","20 / 35",40,40,"PoleToPole","20 / 55","45 / 60","40 / 30","30 / 40",,,"45+","sa3067041"
"Parks Harber","3B","SFG",,9,"24.8527777","40 / 50",45,45,"Middle/Pull","40 / 45","60 / 60","40 / 40","40 / 45","3B/LF/1B",,"45","sa3025308"
"Tegan Kuhns","SP","STL",,9,"21.1861111","",,,,"","","","",,,"45","sa3065818"
"Joseph Dzierwa","SP","BAL",,9,"22.3361111","",,,,"","","","",,,"45","sa3030726"
"McCade Brown","SP","COL",,9,"26.2138888","",,,,"","","","",,,"45","30004"
"Kevin Defrank","SP","MIA",,9,"17.975","",,,,"","","","",,,"45","sa3067574"
"Jhostynxon Garcia","CF","PIT",,9,"23.6416666","30 / 35",30,40,"PoleToPole","45 / 55","55 / 60","55 / 55","45 / 50","OF",,"45","28142"
"Cameron Flukey","SP","DET",,9,"21.3027777","",,,,"","","","",,,"45","sa3031493"
"Cooper Pratt","SS","MIL",,9,"21.9555555","40 / 45",40,55,"InsideOut","30 / 40","45 / 50","50 / 50","45 / 55","SS/3B",,"45","33530"
"Cade Townsend","SP","CHC",,9,"21.2416666","",,,,"","","","",,,"45","sa3065435"
"LuJames Groover","3B","ARI",,9,"24.2944444","40 / 55",45,55,"InsideOut","35 / 45","40 / 45","40 / 40","45 / 50","1B/2B/3B",0.377,"45","33552"
"Hendry Mendez","LF","MIN",,9,"22.7361111","50 / 60",60,60,"GapToGap","30 / 40","55 / 60","40 / 40","30 / 35",,,"45","sa3015727"
"Devin Taylor","LF","ATH",,9,"22.5722222","35 / 50",50,50,"PoleToPole","30 / 55","55 / 60","50 / 50","20 / 30",,0.437,"40+","sa3043560"
"Carlos Jorge","CF","CIN",,9,"22.8611111","30 / 40",40,40,"PoleToPole","35 / 45","45 / 50","60 / 60","50 / 60",,,"40+","sa3016722"
"Jacob Reimer","3B","NYM",,9,"22.4444444","40 / 55",50,55,"Pull","40 / 50","50 / 50","30 / 30","30 / 45","1B/3B",,"40+","sa3020416"
"Joel Hurtado","SP","LAA",,9,"25.4888888","",,,,"","","","",,,"40+","sa3019774"
"John Gil","2B","ATL",,9,"20.2166666","30 / 50",60,40,"GapToGap","30 / 45","45 / 50","60 / 60","45 / 50","2B/SS",0.389,"40+","sa3021284"
"Yostin Pena","RF","NYY",,9,"18.7861111","",,,,"","","","",,,"40+","sa3076545"
"Tyler Spangler","SS","PHI",,9,"18.8361111","20 / 50",45,55,"GapToGap","20 / 50","40 / 55","50 / 40","40 / 45",,,"40+",
"Jake Schaffner","SS","BOS",,9,"21.8277777","35 / 60",50,60,"GapToGap","30 / 35","40 / 45","50 / 50","40 / 50",,,"40+","sa3041661"
"Cam Cauley","SS","TEX",,9,"23.4888888","35 / 40",50,30,"GapToGap","35 / 45","40 / 50","70 / 70","55 / 60","2B/SS/CF",,"40+","29710"
"Ryan Forcucci","SP","HOU",,9,"23.6666666","",,,,"","","","",,,"40+","sa3031539"
"Gage Stanifer","SIRP","TOR",,9,"22.7055555","",,,,"","","","",,,"40+","sa3021731"
"Yorger Bautista","CF","SEA",,9,"18.8694444","20 / 35",45,60,,"20 / 55","50 / 60","60 / 60","40 / 50",,,"40+","sa3067684"
"Tanner McDougal","SP","CHW",,9,"23.3305555","",,,,"","","","",,,"40+","sa3017471"
"Asbel Gonzalez","CF","KCR",,9,"20.5833333","30 / 50",45,55,"InsideOut","20 / 40","30 / 40","60 / 60","50 / 60","OF",,"40+","sa3021639"
"Ryan Lynch","SIRP","SDP",,9,"21.1361111","",,,,"","","","",,,"40","sa3059876"
"Jackson Baumeister","SP","TBR",,10,"24.0611111","",,,,"","","","",,,"45+","sa3023471"
"Jackson Kent","SP","WSN",,10,"23.4777777","",,,,"","","","",,,"45","sa3035282"
"Bo Davidson","CF","SFG",,10,"24.075","20 / 30",50,30,"Oppo","30 / 45","50 / 60","50 / 50","30 / 45","OF",,"45","sa3022706"
"Quinn Mathews","SP","STL",,10,"25.8277777","",,,,"","","","",,,"45","33851"
"Cooper Ingle","C","CLE",,10,"24.4416666","50 / 60",60,60,"Pull","30 / 35","35 / 35","50 / 50","35 / 45",,,"45","33708"
"James Tibbs III","RF","LAD",,10,"23.8361111","35 / 45",50,45,"PoleToPole","35 / 50","55 / 55","50 / 50","40 / 40","LF/RF",0.53,"45","sa3025333"
"Enrique Bradfield Jr.","CF","BAL",,10,"24.6666666","50 / 55",70,55,"Slash&Dash","30 / 30","30 / 35","70 / 70","60 / 60","OF",0.33,"45","sa3022917"
"Angel Jimenez","SP","COL",,10,"23.0777777","",,,,"","","","",,,"45","sa3018287"
"Dillon Lewis","CF","MIA",,10,"23.1388888","30 / 40",45,40,"Pull","40 / 50","60 / 60","55 / 55","40 / 45",,,"45","sa3025515"
"Hunter Barco","SP","PIT",,10,"25.6305555","",,,,"","","","",,,"45","33174"
"Cris Rodriguez","RF","DET",,10,"18.5111111","20 / 35",30,40,"PoleToPole","25 / 60","60 / 70","50 / 40","35 / 60","OF",,"45","sa3066593"
"Luis Lara","CF","MIL",,10,"21.7083333","40 / 60",40,70,"Oppo","30 / 35","35 / 35","60 / 60","55 / 60","OF",,"45","30675"
"Brooks Caple","SP","CHC",,10,"23.9416666","",,,,"","","","",,,"45","sa3028388"
"Breyson Guedez","LF","ATH",,10,"18.8444444","20 / 45",30,55,"PoleToPole","25 / 50","45 / 55","50 / 50","30 / 55","LF/RF",0.371,"40+","sa3067688"
"Tyson Lewis","SS","CIN",,10,"20.5611111","20 / 30",40,30,"InsideOut","30 / 55","60 / 70","70 / 70","40 / 45",,,"40+","sa3066822"
"Chris Suero","C","NYM",,10,"22.5138888","20 / 30",50,30,"Pull","40 / 45","50 / 55","60 / 60","30 / 40","C/1B/LF",,"40+","sa3018614"
"Marlon Quintero","C","LAA",,10,"19.6805555","30 / 50",30,60,"GapToGap","20 / 40","35 / 45","45 / 40","45 / 60",,,"40+","sa3023936"
"Conor Essenburg","CF","ATL",,10,"19.8722222","20 / 40",50,50,"GapToGap","25 / 50","45 / 55","55 / 60","40 / 50",,0.555,"40+","sa3069281"
"Sean Duncan","SP","NYY",,10,"18.2305555","",,,,"","","","",,,"40+",
"Romeli Espinosa","SS","PHI",,10,"18.1583333","20 / 45",30,50,"Pull","20 / 45","30 / 45","60 / 55","40 / 60",,0.17,"40+","sa3067704"
"Marcus Phillips","SP","BOS",,10,"22.0166666","",,,,"","","","",,,"40+","sa3039870"
"Rafe Perich","3B","TEX",,10,"24.1944444","30 / 40",50,45,"PoleToPole","40 / 50","55 / 60","40 / 40","40 / 45","3B/1B",,"40+","sa3025368"
"Ashton Izzi","SP","ARI",,10,"22.7055555","",,,,"","","","",,,"40+","sa3022230"
"Ethan  Frey","LF","HOU",,10,"22.3805555","35 / 50",55,50,"InsideOut","35 / 55","60 / 70","30 / 30","20 / 40",,,"40+","sa3031717"
"Juan Caricote","C","TOR",,10,"17.7416666","20 / 45",,40,,"20 / 55","45 / 55","45 / 40","40 / 50",,,"40+","sa3075077"
"Andrew Morris","SIRP","MIN",,10,"24.9194444","",,,,"","","","",,,"40+","31891"
"Nick Becker","SS","SEA",,10,"19.6611111","20 / 35",55,40,"PoleToPole","25 / 50","40 / 55","60 / 60","45 / 55",,,"40+","sa3069151"
"Christian Oppor","SP","CHW",,10,"22.025","",,,,"","","","",,,"40+","sa3022950"
"Freddy Contreras","SP","KCR",,10,"17.9777777","",,,,"","","","",,,"40+","sa3068633"
"Bryan Balzer","SIRP","SDP",,10,"21.7638888","",,,,"","","","",,,"40","sa3025047"
"Jose Urbina","SP","TBR",,11,"20.75","",,,,"","","","",,,"45+","sa3022218"
"Gavin Kilen","SS","SFG",,11,"22.3444444","35 / 55",40,60,"GapToGap","30 / 45","40 / 45","55 / 55","40 / 45",,,"45","sa3035353"
"Tink Hence","SP","STL",,11,"23.9888888","",,,,"","","","",,,"45","sa3014709"
"Kahlil Watson","CF","CLE",,11,"23.2944444","30 / 40",50,40,"Pull","40 / 55","50 / 55","55 / 55","30 / 45","OF",,"45","29905"
"Chase Harlan","1B","LAD",,11,"20.0638888","20 / 30",40,40,"UpTheMiddle","25 / 60","60 / 70","40 / 40","30 / 40","1B/3B",0.48,"45","sa3067256"
"Ty Head*","CF","BAL",,11,"21.1861111","35 / 55",55,55,"Slash&Dash","30 / 45","35 / 45","60 / 60","40 / 55",,,"45","sa3059446"
"Logan Reddemann","SP","COL",,11,"21.3166666","",,,,"","","","",,,"45","sa3040515"
"Duce Gourson","3B","PIT",,11,"23.8666666","35 / 45",60,45,"Pull","40 / 50","45 / 50","55 / 55","40 / 45","2B/3B",,"45","sa3025248"
"Josh Adamczewski","LF","MIL",,11,"21.2277777","30 / 45",60,45,"InsideOut","35 / 50","50 / 55","50 / 50","20 / 40","2B/LF",,"45","sa3023168"
"Jack Cebert","SP","WSN",,11,"24.3361111","",,,,"","","","",,,"40+","sa3028683"
"Steven Echavarria","SP","ATH",,11,"20.9888888","",,,,"","","","",,,"40+","sa3023560"
"Hansel Jimenez","3B","CIN",,11,"19.6583333","20 / 30",40,30,"Pull","25 / 55","55 / 70","50 / 40","35 / 55",,,"40+","sa3025419"
"Jack Wenninger","SP","NYM",,11,"24.3833333","",,,,"","","","",,,"40+","sa3023282"
"Joswa Lugo","SS","LAA",,11,"19.5222222","20 / 40",40,40,"Pull","20 / 55","40 / 60","60 / 60","40 / 50",,,"40+","sa3023894"
"Owen Carey","CF","ATL",,11,"20.0277777","30 / 50",50,55,"GapToGap","30 / 45","40 / 50","55 / 55","45 / 50",,0.353,"40+","sa3067044"
"Brad Pacheco","SP","PHI",,11,"21.1472222","",,,,"","","","",,,"40+","sa3025116"
"Eiver Mosquera","SP","MIA",,11,"19.8944444","",,,,"","","","",,,"40+","sa3068767"
"Harold Rivas","CF","BOS",,11,"18.2277777","20 / 40",55,40,"GapToGap","20 / 50","40 / 55","60 / 60","45 / 60","OF",,"40+","sa3067705"
"Eduardo Valencia","C","DET",,11,"26.5194444","40 / 45",50,45,"InsideOut","45 / 50","55 / 55","20 / 20","40 / 45","C/1B",,"40+","24574"
"Josh Owens","TWP","TEX",,11,"19.5666666","20 / 40",50,45,"PoleToPole","25 / 55","40 / 55","50 / 50","30 / 45",,,"40+","sa3069169"
"Dominick Reid","SP","CHC",,11,"22.6777777","",,,,"","","","",,,"40+","sa3040572"
"David Hagaman","SP","ARI",,11,"23.2944444","",,,,"","","","",,,"40+","sa3032946"
"Joseph Sullivan","CF","HOU",,11,"24.0861111","30 / 35",70,45,"GapToGap","40 / 50","55 / 60","55 / 55","40 / 45","OF",,"40+","sa3025413"
"Ryan Gallagher","SP","MIN",,11,"23.5361111","",,,,"","","","",,,"40+","sa3031857"
"Juan Rijo","CF","SEA",,11,"17.9138888","25 / 55",,55,,"20 / 40","35 / 45","55 / 55","45 / 60",,,"40+","sa3075051"
"Aldrin Batista","SP","CHW",,11,"23.2444444","",,,,"","","","",,,"40+","sa3019119"
"Ben Kudrna","SP","KCR",,11,"23.5055555","",,,,"","","","",,,"40+","sa3018253"
"Chase Hampton","MIRP","NYY",,11,"24.9861111","",,,,"","","","",,,"40","sa3020682"
"Jhoan De La Cruz","SS","SDP",,11,"18.7111111","30 / 50",,50,,"20 / 40","30 / 45","55 / 55","40 / 55",,,"40","sa3067693"
"Silvano Hechavarria","SP","TOR",,11,"23.3722222","",,,,"","","","",,,"40","sa3024856"
"Daniel Pierce","SS","TBR",,12,"19.9944444","20 / 30",55,30,"Pull","20 / 50","45 / 55","60 / 60","45 / 60","2B/3B/SS",,"45+","sa3069251"
"Joe Whitman","SP","SFG",,12,"24.875","",,,,"","","","",,,"45","sa3023131"
"Rocco Maniscalco","SS","STL",,12,"17.2527777","20 / 30",40,40,"PoleToPole","20 / 55","50 / 60","60 / 60","45 / 60",,,"45",
"Jace LaViolette","CF","CLE",,12,"22.6611111","30 / 35",60,40,"Pull","35 / 55","60 / 60","55 / 55","40 / 50",,,"45","sa3036058"
"Jackson Ferris","SP","LAD",,12,"22.5472222","",,,,"","","","",,,"45","sa3020891"
"Jhomnardo Reyes","RF","BAL",,12,"18.8222222","20 / 40",45,40,"PoleToPole","25 / 60","55 / 65","55 / 50","30 / 50",,,"45","sa3067700"
"Termarr Johnson","2B","PIT",,12,"22.1416666","30 / 50",60,40,"GapToGap","30 / 45","45 / 50","50 / 50","40 / 45",,,"45","sa3020214"
"Blake Burke","1B","MIL",,12,"23.1416666","30 / 45",30,50,"PoleToPole","45 / 55","70 / 70","30 / 20","40 / 45",,,"45","sa3025381"
"Davian Garcia","MIRP","WSN",,12,"22.8111111","",,,,"","","","",,,"40+","sa3031927"
"Dylan Fien","C","ATH",,12,"20.7833333","30 / 50",50,50,"Poles/Pull","30 / 50","40 / 50","40 / 40","30 / 40","C/1B",0.246,"40+","sa3067509"
"Liberts Aponte","SS","CIN",,12,"18.7333333","20 / 40",40,40,"GapToGap","20 / 40","30 / 45","55 / 55","45 / 60",,,"40+","sa3067288"
"R.J. Gordon","SP","NYM",,12,"24.7666666","",,,,"","","","",,,"40+","sa3032485"
"Yilver De Paula","SS","LAA",,12,"18.5472222","30 / 55",55,55,"GapToGap","20 / 50","35 / 50","55 / 55","35 / 50",,,"40+","sa3067753"
"Jensen Hirschkorn","SP","ATL",,12,"18.6194444","",,,,"","","","",,,"40+",
"Jared Thomas","LF","COL",,12,"23.0861111","30 / 40",50,40,"GapToGap","40 / 50","50 / 55","50 / 50","45 / 50",,,"40+","sa3025252"
"Cade Obermueller","SP","PHI",,12,"23.0111111","",,,,"","","","",,,"40+","sa3038991"
"Starlyn Caba","SS","MIA",,12,"20.6555555","30 / 50",55,70,"SlashAndDash","20 / 30","30 / 40","60 / 60","60 / 70",,,"40+","sa3021070"
"Hector Ramos","2B","BOS",,12,"18.8694444","25 / 50",55,50,"GapToGap","25 / 50","35 / 50","45 / 40","30 / 40","2B/3B",,"40+","sa3067783"
"Max Anderson","3B","DET",,12,"24.4222222","30 / 40",35,40,"Oppo","40 / 50","60 / 60","40 / 40","40 / 45","2B/3B",,"40+","sa3022567"
"Brody Bumila","SP","TEX",,12,"18.5111111","",,,,"","","","",,,"40+",
"Kaleb Wing","SP","CHC",,12,"19.5555555","",,,,"","","","",,,"40+","sa3069271"
"Patrick Forbes","SP","ARI",,12,"22.0583333","",,,,"","","","",,,"40+","sa3031537"
"Miguel Ullola","SIRP","HOU",,12,"24.1194444","",,,,"","","","",,,"40+","29036"
"Dasan Hill","SP","MIN",,12,"20.6027777","",,,,"","","","",,,"40+","sa3067070"
"Junior Perez","CF","CHW",,12,"25.0777777","30 / 35",60,30,"PoleToPole","50 / 55","55 / 55","60 / 60","45 / 45","OF",,"40+","23989"
"Taylor Rabe","SP","KCR",,12,"21.9305555","",,,,"","","","",,,"40+","sa3066446"
"Rory Fox","SP","NYY",,12,"22.4972222","",,,,"","","","",,,"40","sa3031610"
"Ty Harvey","C","SDP",,12,"20.0111111","20 / 40",40,40,"Oppo","20 / 55","55 / 60","30 / 30","20 / 45",,,"40","sa3069181"
"Sean Keys","3B","TOR",,12,"23.1833333","30 / 35",45,55,"GapToGap","35 / 50","60 / 60","30 / 30","45 / 50","1B/3B",,"40","35094"
"Jake Brown","CF","SEA",,12,"21.5555555","30 / 45",,,,"30 / 40","40 / 45","60 / 60","40 / 50",,,"40","sa3027844"
"Cooper Flemming","2B","TBR",,13,"19.9916666","25 / 55",45,55,"PoleToPole","25 / 55","40 / 55","40 / 30","30 / 40","2B/3B",,"45+","sa3069260"
"Matt Wilkinson","SP","SFG",,13,"23.6444444","",,,,"","","","",,,"45","sa3023171"
"Tekoah Roby","MIRP","STL",,13,"24.8722222","",,,,"","","","",,,"45","sa3014519"
"Caden Favors","SP","CLE",,13,"24.925","",,,,"","","","",,,"45","sa3025446"
"Brooks Auger","SP","LAD",,13,"24.7833333","",,,,"","","","",,,"45","sa3026300"
"Aiden Ruiz","SS","PIT",,13,"19.3444444","25 / 50",40,60,"GapToGap","20 / 30","30 / 35","60 / 60","45 / 70","2B/SS",,"45",
"Jett Williams","CF","MIL",,13,"22.7472222","30 / 40",70,40,"GapToGap","40 / 50","50 / 50","60 / 60","40 / 50","2B/SS/CF",,"45","sa3020134"
"Luis Perales","SIRP","WSN",,13,"23.3","",,,,"","","","",,,"40+","sa3014677"
"Jacob Dudan","SP","ATH",,13,"21.5916666","",,,,"","","","",,,"40+","sa3030600"
"Aaron Watson","SP","CIN",,13,"19.575","",,,,"","","","",,,"40+","sa3069259"
"Carson Wiggins","SIRP","NYM",,13,"21.1694444","",,,,"","","","",,,"40+","sa3060918"
"Jarren Advincula","2B","LAA",,13,"21.5472222","35 / 70",35,60,"PoleToPole","30 / 35","30 / 35","60 / 60","35 / 50",,,"40+","sa3025789"
"Garrett Baumann","SP","ATL",,13,"21.9638888","",,,,"","","","",,,"40+","sa3023310"
"Jose Luis Acevedo","SS","BAL",,13,"17.675","20 / 45",,40,,"20 / 50","35 / 50","55 / 55","45 / 60",,,"40+","sa3075053"
"Roc Riggio","2B","COL",,13,"24.1416666","30 / 40",50,45,"PoleToPole","45 / 50","55 / 55","45 / 45","40 / 45",,,"40+","sa3022750"
"Matthew Fisher","SP","PHI",,13,"20.3833333","",,,,"","","","",,,"40+","sa3069287"
"Noble Meyer","SP","MIA",,13,"21.5611111","",,,,"","","","",,,"40+","sa3022945"
"John Holobetz","SP","BOS",,13,"24.0055555","",,,,"","","","",,,"40+","sa3034016"
"Andrew Sears","MIRP","DET",,13,"23.9222222","",,,,"","","","",,,"40+","sa3023133"
"Paxton Kling","CF","TEX",,13,"23.1777777","30 / 50",,,"PoletoPole","30 / 50","45 / 55","60 / 60","45 / 50",,,"40+","sa3035512"
"Caden Sorrell","RF","CHC",,13,"21.4027777","20 / 30",40,30,"PoleToPole","35 / 55","60 / 60","55 / 55","30 / 50",,,"40+","sa3042754"
"Blake Bryant","SP","ARI",,13,"18.9388888","",,,,"","","","",,,"40+",
"Adrian  Bohorquez","SP","MIN",,13,"21.4138888","",,,,"","","","",,,"40+","sa3021501"
"Yandel Ricardo","SS","KCR",,13,"19.8222222","20 / 35",40,40,"GapToGap","20 / 40","40 / 50","50 / 45","40 / 50","SS/2B",,"40+","sa3024305"
"Bryce Cunningham","SP","NYY",,13,"23.6166666","",,,,"","","","",,,"40","sa3029687"
"Michael Salina","SIRP","SDP",,13,"22.5055555","",,,,"","","","",,,"40","sa3041443"
"Wes Mendes","SP","HOU",,13,"21.8277777","",,,,"","","","",,,"40","sa3037853"
"Adrian Pinto","2B","TOR",,13,"23.8611111","35 / 45",45,50,"GapToGap","35 / 45","50 / 50","55 / 55","50 / 55","2B/CF",,"40","sa3015542"
"Teddy McGraw","MIRP","SEA",,13,"24.7555555","",,,,"","","","",,,"40","sa3025220"
"Kyle Lodise","SS","CHW",,13,"22.7916666","30 / 45",60,45,"GapToGap","30 / 40","40 / 45","55 / 55","40 / 45",,,"40","sa3059833"
"Ty Johnson","SP","TBR",,14,"24.8527777","",,,,"","","","",,,"45","sa3023410"
"Luke Adams","1B","MIL",,14,"22.2722222","30 / 40",60,40,"Pull","40 / 50","55 / 60","30 / 30","30 / 40","1B/3B",,"45","sa3020135"
"Ronny Cruz","3B","WSN",,14,"19.9388888","20 / 40",40,40,"PoleToPole","25 / 60","50 / 60","50 / 50","35 / 60","2B/3B/SS",,"40+","sa3067336"
"Jonah Cox","CF","SFG",,14,"24.9944444","40 / 50",30,50,"Oppo","35 / 40","45 / 50","70 / 70","60 / 60","OF",,"40+","33270"
"Eric Becker","SS","CIN",,14,"21.2611111","30 / 45",45,40,"GapToGap","35 / 45","50 / 55","50 / 50","40 / 45","SS/3B",,"40+","sa3026844"
"Eli Serrano III","CF","NYM",,14,"23.2527777","35 / 50",50,50,"GapToGap","40 / 45","40 / 50","50 / 50","40 / 50","OF",,"40+","sa3025407"
"Edelson Cabral","SS","ATL",,14,"17.0833333","25 / 55",,55,,"20 / 45","35 / 45","50 / 50","40 / 50",,,"40+","sa3075039"
"Ryan Mitchell","CF","STL",,14,"19.5305555","25 / 55",50,50,"GapToGap","25 / 50","40 / 55","60 / 60","25 / 50",,,"40+","sa3069261"
"Jaison Chourio","CF","CLE",,14,"21.2027777","30 / 50",50,50,"InsideOut","30 / 40","40 / 50","55 / 55","40 / 45","LF/RF",,"40+","sa3018399"
"Cam Leiter","SP","LAD",,14,"22.5111111","",,,,"","","","",,,"40+","sa3036203"
"Creed Willems","C","BAL",,14,"23.1611111","35 / 40",35,40,"PoleToPole","45 / 55","55 / 55","20 / 20","30 / 40","C/1B",0.397,"40+","sa3017562"
"Zac Veen","RF","COL",,14,"24.6388888","30 / 40",55,40,"Oppo","40 / 50","60 / 60","60 / 60","50 / 55","LF/RF",,"40+","27770"
"Chan-Min Park","SP","PHI",,14,"17.6638888","",,,,"","","","",,,"40+",
"Josh Ekness","SIRP","MIA",,14,"24.4861111","",,,,"","","","",,,"40+","33785"
"Sadbiel Delzine","SP","BOS",,14,"18.5638888","",,,,"","","","",,,"40+","sa3068089"
"Rafael Flores Jr.","C","PIT",,14,"25.7361111","30 / 30",40,30,"PoleToPole","40 / 50","60 / 60","40 / 40","45 / 50","C/1B",,"40+","31991"
"Michael Oliveto","C","DET",,14,"19.4972222","20 / 50",40,55,"GapToGap","20 / 50","40 / 55","30 / 30","20 / 40",,,"40+","sa3069256"
"Paulino Santana","RF","TEX",,14,"19.7083333","20 / 40",50,40,"GapToGap","30 / 55","50 / 60","55 / 55","40 / 55","OF",,"40+","sa3023718"
"Wellington Aracena","SIRP","ARI",,14,"21.5972222","",,,,"","","","",,,"40+","sa3019265"
"Carson Tinney","C","MIN",,14,"21.3222222","20 / 30",55,30,"Pull","35 / 55","70 / 70","30 / 30","40 / 45",,,"40+","sa3043851"
"Sean Gamble","2B","KCR",,14,"20.0722222","20 / 35",35,40,"GapToGap","20 / 50","45 / 55","45 / 50","40 / 50",,,"40+","sa3069253"
"Joshua Kuroda-Grauer","2B","ATH",,14,"23.5055555","45 / 55",30,60,"Oppo","30 / 30","35 / 40","50 / 50","50 / 60","2B/3B/SS",0.336,"40","35121"
"Chris Cortez","SIRP","LAA",,14,"23.8222222","",,,,"","","","",,,"40","sa3029417"
"Cade Smith","SP","NYY",,14,"24.3138888","",,,,"","","","",,,"40","sa3023371"
"Will Sanders","SIRP","CHC",,14,"24.3388888","",,,,"","","","",,,"40","sa3023508"
"Ryan Wideman","CF","SDP",,14,"22.7444444","30 / 45",,,"GapToGap","30 / 40","40 / 45","60 / 60","45 / 55",,,"40","sa3060916"
"Zach Cole","CF","HOU",,14,"25.9944444","20 / 20",50,30,"GapToGap","50 / 55","70 / 70","60 / 60","45 / 45","OF",,"40","31583"
"Josh Kasevich","SS","TOR",,14,"25.5416666","50 / 60",45,70,"Oppo","30 / 30","40 / 45","45 / 45","40 / 45","SS/3B/2B",,"40","sa3020203"
"Griffin Hugus","SP","SEA",,14,"22.4361111","",,,,"","","","",,,"40","sa3034275"
"Mason Adams","SP","CHW",,14,"26.4416666","",,,,"","","","",,,"40","sa3020388"
"Anderson Brito","SIRP","TBR",,15,"22.0694444","",,,,"","","","",,,"45","sa3024232"
"Braylon Payne","CF","MIL",,15,"19.9666666","20 / 35",55,40,"Slash&Dash","20 / 45","45 / 55","70 / 70","45 / 60","OF",,"45","sa3025647"
"Luke Dickerson","CF","WSN",,15,"20.9805555","30 / 35",50,30,"GapToGap","35 / 50","55 / 60","70 / 70","30 / 50","2B/3B/CF",,"40+","sa3067329"
"Drew Cavanaugh","C","SFG",,15,"24.5694444","45 / 50",50,45,"GapToGap","40 / 45","45 / 45","30 / 30","45 / 50",,,"40+","33380"
"Angel Nuñez","CF","CIN",,15,"17.3194444","20 / 40",,45,,"20 / 45","40 / 50","70 / 70","45 / 60",,,"40+","sa3075047"
"Aidan Smith","CF","NYM",,15,"22.025","30 / 40",50,30,"InsideOut","30 / 50","45 / 55","60 / 60","30 / 45","OF",,"40+","sa3022611"
"Dee Kennedy","SS","STL",,15,"21.325","30 / 35",40,40,"Pull","35 / 50","45 / 50","60 / 60","45 / 55",,,"40+","sa3035263"
"Dauri Fernandez","SS","CLE",,15,"19.4027777","25 / 60",40,60,"Slash&Dash","20 / 30","30 / 35","55 / 55","40 / 50","2B/3B/SS",,"40+","sa3024327"
"Zach Ehrhard","CF","LAD",,15,"23.5305555","30 / 45",60,40,"Pull","40 / 50","50 / 50","55 / 55","45 / 50","OF",0.35,"40+","sa3025247"
"Levi Wells","MIRP","BAL",,15,"24.8638888","",,,,"","","","",,,"40+","sa3023441"
"Andy Perez","SS","COL",,15,"22.1638888","35 / 45",30,60,"PoleToPole","30 / 45","40 / 50","50 / 50","50 / 55","2B/SS/3B",,"40+","sa3015857"
"Dante Nori","CF","PHI",,15,"21.8194444","30 / 50",55,55,"InsideOut","20 / 30","40 / 40","70 / 70","45 / 60","OF",,"40+","sa3025411"
"Edgardo De Leon","3B","MIA",,15,"19.4444444","20 / 40",45,30,"Middle","30 / 55","60 / 70","45 / 45","35 / 50",,,"40+","sa3024339"
"Miguel Bleis","CF","BOS",,15,"22.4194444","20 / 30",40,50,"Pull","35 / 50","55 / 60","60 / 60","45 / 55","OF",,"40+","sa3016834"
"Darell Morel","SS","PIT",,15,"18.8805555","20 / 30",40,40,"PoleToPole","20 / 60","40 / 60","45 / 55","40 / 50",,,"40+","sa3066667"
"Angel De Los Santos","SS","DET",,15,"18.4138888","25 / 50",40,50,"GapToGap","20 / 50","40 / 55","55 / 55","35 / 50","2B/SS",,"40+","sa3067737"
"Jose Corniell","SP","TEX",,15,"23.1111111","",,,,"","","","",,,"40+","27984"
"Dean Livingston","SP","ARI",,15,"19.9027777","",,,,"","","","",,,"40+","sa3069272"
"Brandon Winokur","3B","MIN",,15,"21.6277777","20 / 30",40,30,"Pull","35 / 55","55 / 70","55 / 50","45 / 60","SS/3B/OF",,"40+","sa3022613"
"Felix Arronde","SP","KCR",,15,"23.2694444","",,,,"","","","",,,"40+","sa3016526"
"Gabe Gaeckle","MIRP","ATH",,15,"21.8444444","",,,,"","","","",,,"40","sa3031812"
"Chase Shores","SIRP","LAA",,15,"22.1972222","",,,,"","","","",,,"40","sa3042212"
"Alex Lodise","SS","ATL",,15,"22.3944444","20 / 30",35,40,"PoleToPole","35 / 45","50 / 55","55 / 55","50 / 60",,0.398,"40","sa3036445"
"Kaeden Kent","SS","NYY",,15,"22.925","30 / 45",50,45,"Pull","30 / 45","40 / 45","50 / 50","40 / 45","3B/SS",,"40","sa3035283"
"Ariel Armas","C","CHC",,15,"23.675","30 / 30",45,40,"PoleToPole","30 / 35","40 / 45","40 / 40","50 / 60",,,"40","sa3025454"
"Nu'u Contrades","2B","SDP",,15,"22.8222222","30 / 40",30,50,"Pull","35 / 50","55 / 60","55 / 55","30 / 40",,,"40","sa3029287"
"Keon Johnson","2B","HOU",,15,"18.4027777","20 / 45",40,55,"Oppo","20 / 55","40 / 55","50 / 50","30 / 40",,,"40",
"Adam Macko","MIRP","TOR",,15,"25.5888888","",,,,"","","","",,,"40","25590"
"Korbyn Dickerson","CF","SEA",,15,"22.7555555","20 / 30",45,30,"GapToGap","30 / 45","50 / 55","60 / 60","45 / 55",,,"40","sa3030281"
"Ky Bush","SP","CHW",,15,"26.7222222","",,,,"","","","",,,"40","29823"
"Jacob Kmatz","SIRP","TBR",,16,"23.8444444","",,,,"","","","",,,"45","sa3035522"
"Gavin Fien","RF","WSN",,16,"19.4","20 / 40",45,40,"InsideOut","20 / 55","45 / 60","55 / 50","30 / 55",,,"40+","sa3069166"
"Dakota Jordan","CF","SFG",,16,"23.2305555","20 / 30",45,30,"Oppo","30 / 50","60 / 70","60 / 60","45 / 50","OF",,"40+","sa3025601"
"Mason Morris","MIRP","CIN",,16,"22.9472222","",,,,"","","","",,,"40+","sa3038414"
"Boston Baro","3B","NYM",,16,"21.9416666","30 / 45",40,45,"GapToGap","20 / 45","30 / 45","50 / 55","45 / 60","2B/3B/SS",,"40+","sa3022962"
"Tai Peete","CF","STL",,16,"20.975","20 / 30",50,30,"Pull","30 / 50","50 / 60","60 / 60","45 / 55",,,"40+","sa3022966"
"Daniel Espino","SIRP","CLE",,16,"25.575","",,,,"","","","",,,"40+","25625"
"Kendall George","CF","LAD",,16,"21.7583333","40 / 50",55,45,"InsideOut","30 / 40","30 / 35","70 / 70","40 / 55","OF",0.17,"40+","sa3022660"
"Zach Fruit","MIRP","BAL",,16,"24.3055555","",,,,"","","","",,,"40+","sa3023507"
"Sterlin Thompson","LF","COL",,16,"25.1","40 / 50",40,55,"PoleToPole","40 / 50","55 / 55","40 / 40","35 / 40","1B/LF",,"40+","31443"
"Andrew Salas","SS","MIA",,16,"18.4111111","20 / 50",50,50,"Pull","20 / 45","20 / 45","55 / 60","45 / 55","2B/SS/CF",,"40+","sa3067045"
"Martin Shelar","LF","BOS",,16,"18.9777777","20 / 45",50,50,"Pull","25 / 60","55 / 60","50 / 50","35 / 55",,,"40+",
"Tony Blanco Jr.","1B","PIT",,16,"21.2166666","20 / 30",50,20,"PoleToPole","25 / 60","70 / 80","30 / 30","30 / 40",,,"40+","sa3019722"
"Brady Smith","MIRP","DET",,16,"21.5138888","",,,,"","","","",,,"40+","sa3067255"
"Andrew Fischer","3B","MIL",,16,"22.1861111","30 / 40",50,40,"Pull","35 / 55","55 / 60","45 / 45","30 / 45","1B/3B/LF",,"40+","sa3031366"
"Junior Ciprian","SP","ARI",,16,"21.1666666","",,,,"","","","",,,"40+","sa3023107"
"Charlee Soto","SP","MIN",,16,"20.9222222","",,,,"","","","",,,"40+","sa3023450"
"Cole Miller","SP","ATH",,16,"21.25","",,,,"","","","",,,"40","sa3067552"
"Raudi Rodriguez","CF","LAA",,16,"23.0694444","30 / 40",40,40,"GapToGap","35 / 50","50 / 60","55 / 55","40 / 50",,,"40","sa3022506"
"Luis Guanipa","CF","ATL",,16,"20.6305555","30 / 50",50,55,"Pull","30 / 40","40 / 45","60 / 60","40 / 45","OF",0.388,"40","sa3020884"
"Wilberson De Pena","RF","NYY",,16,"19.7277777","20 / 40",30,45,"PoleToPole","20 / 50","45 / 60","60 / 60","30 / 50","OF",,"40","sa3025019"
"Keaton Anthony","1B","PHI",,16,"25.1055555","45 / 50",40,60,"Oppo","40 / 45","50 / 50","30 / 30","40 / 45",,,"40","sa3022608"
"AJ Russell","SIRP","TEX",,16,"22.0916666","",,,,"","","","",,,"40","sa3041324"
"Jostin Florentino","SP","CHC",,16,"21.6694444","",,,,"","","","",,,"40","sa3021510"
"Kannon Kemp","SP","SDP",,16,"21.9138888","",,,,"","","","",,,"40","sa3067314"
"Beau Peterson","3B","HOU",,16,"18.9972222","30 / 50",50,50,"GapToGap","20 / 50","45 / 55","40 / 40","30 / 50",,,"40",
"Blaine Bullard","CF","TOR",,16,"19.9611111","30 / 55",,,"SlashAndDash","20 / 35","30 / 40","60 / 60","45 / 55",,,"40","sa3069298"
"Henry Ford","RF","SEA",,16,"22.0138888","30 / 45",40,50,"InsideOut","30 / 60","60 / 70","40 / 40","30 / 50",,,"40","sa3031540"
"Juan Carela","MIRP","CHW",,16,"24.6305555","",,,,"","","","",,,"40","sa3009237"
"Michael Lombardi","SIRP","KCR",,16,"22.8666666","",,,,"","","","",,,"40","sa3036476"
"Santiago Suarez","SP","TBR",,17,"21.5583333","",,,,"","","","",,,"45","sa3019386"
"Yoel Tejeda Jr. ","SP","WSN",,17,"23.0666666","",,,,"","","","",,,"40+","sa3043611"
"Jacob Bresnahan","SP","SFG",,17,"21.0972222","",,,,"","","","",,,"40+","sa3023066"
"Dylan Ross","SIRP","NYM",,17,"25.9194444","",,,,"","","","",,,"40+","sa3025659"
"Andrew Williamson","RF","STL",,17,"21.0305555","30 / 35",50,40,"PoleToPole","35 / 55","60 / 60","45 / 45","30 / 40",,,"40+","sa3045245"
"Joey Oakie","SIRP","CLE",,17,"20.2305555","",,,,"","","","",,,"40+","sa3067418"
"Elijah Hainline","SS","LAD",,17,"23.6166666","30 / 30",65,40,"InsideOut","30 / 45","50 / 50","50 / 50","55 / 70","2B/3B/SS",0.44,"40+","sa3025157"
"Patrick Reilly","SIRP","BAL",,17,"24.8194444","",,,,"","","","",,,"40+","sa3023038"
"Sebastian Blanco","SS","COL",,17,"18.5638888","25 / 55",45,50,"GapToGap","20 / 40","30 / 45","50 / 50","40 / 50","2B/SS",,"40+","sa3067801"
"Dax Fulton","SP","MIA",,17,"24.7944444","",,,,"","","","",,,"40+","27757"
"Antwone Kelly","SIRP","PIT",,17,"22.9194444","",,,,"","","","",,,"40+","29000"
"Yilber Díaz","SIRP","DET",,17,"25.9527777","",,,,"","","","",,,"40+","29271"
"Josiah Ragsdale","CF","MIL",,17,"22.6138888","30 / 40",50,45,"GapToGap","30 / 45","50 / 55","70 / 70","45 / 55","OF",,"40+","sa3040392"
"Hunter Cranton","SIRP","ARI",,17,"25.7722222","",,,,"","","","",,,"40+","sa3025298"
"Ethan Wachsmann","SP","MIN",,17,"18.1555555","",,,,"","","","",,,"40+",
"Mason Barnett","MIRP","ATH",,17,"25.7361111","",,,,"","","","",,,"40","31741"
"Leo Balcazar","SS","CIN",,17,"22.125","30 / 45",40,30,"Oppo","30 / 40","45 / 45","50 / 50","55 / 60","2B/SS",,"40","sa3015798"
"CJ Gray","SP","LAA",,17,"19.5194444","",,,,"","","","",,,"40","sa3069276"
"Cedric De Grandpre","SP","ATL",,17,"24.5194444","",,,,"","","","",,,"40","sa3020315"
"Thatcher Hurd","SP","NYY",,17,"23.6472222","",,,,"","","","",,,"40","sa3034340"
"Kehden Hettiger","C","PHI",,17,"22.1861111","20 / 30",60,40,"Pull","35 / 40","45 / 50","40 / 40","45 / 60","C/1B",,"40","sa3022812"
"Mikey Romero","3B","BOS",,17,"22.5555555","30 / 30",40,45,"PoleToPole","40 / 55","60 / 60","40 / 40","40 / 40","SS/3B",,"40","sa3020216"
"Dylan Dreiling","LF","TEX",,17,"23.2916666","30 / 45",50,55,"InsideOut","30 / 45","50 / 55","55 / 55","45 / 50",,,"40","sa3025251"
"James Triantos","2B","CHC",,17,"23.5083333","50 / 55",40,60,"PoleToPole","30 / 40","40 / 40","50 / 50","35 / 40","2B/3B/LF/CF",,"40","29795"
"Kale Fountain","RF","SDP",,17,"20.9666666","20 / 35",40,40,"InsideOut","30 / 55","50 / 60","40 / 40","30 / 40",,,"40","sa3067321"
"Alonzo Tredwell","MIRP","HOU",,17,"24.2333333","",,,,"","","","",,,"40","sa3023524"
"RJ Schreck","RF","TOR",,17,"26.0555555","40 / 45",60,55,"Pull","40 / 45","50 / 50","50 / 50","45 / 45","LF/RF",,"40","sa3022602"
"William Bergolla","SS","CHW",,17,"21.8111111","55 / 60",60,70,"Oppo","20 / 20","20 / 20","50 / 50","50 / 50","2B/3B/SS",,"40","sa3019777"
"Ramcell Medina","SS","KCR",,17,"18.7194444","20 / 50",40,40,,"20 / 45","30 / 50","50 / 50","40 / 50",,,"40","sa3067543"
"Robinson Ortiz","SIRP","SEA",,17,"26.5777777","",,,,"","","","",,,"35+","sa3004006"
"Dominic Fritton","SP","TBR",,18,"23.3361111","",,,,"","","","",,,"45","sa3031734"
"Nauris De La Cruz","CF","WSN",,18,"18.9111111","25 / 55",40,60,"GapToGap","20 / 45","35 / 45","55 / 60","40 / 50","OF",,"40+","sa3067878"
"Yunior Marte","SP","SFG",,18,"22.9","",,,,"","","","",,,"40+","sa3018367"
"Jonathan Pintaro","SIRP","NYM",,18,"28.7361111","",,,,"","","","",,,"40+","33980"
"Chen-Wei Lin","SP","STL",,18,"24.6944444","",,,,"","","","",,,"40+","sa3022876"
"Savion Sims","SIRP","CLE",,18,"19.1583333","",,,,"","","","",,,"40+",
"Kyle Nevin","3B","LAD",,18,"24.9444444","30 / 45",50,45,"InsideOut","30 / 45","55 / 55","40 / 40","50 / 60","1B/3B",0.47,"40+","sa3019894"
"JT Quinn","MIRP","BAL",,18,"22.2777777","",,,,"","","","",,,"40+","sa3040345"
"Ashly Andujar","SS","COL",,18,"19.0083333","25 / 55",40,55,"SlashAndDash","20 / 45","20 / 40","60 / 60","45 / 55","2B/SS",,"40+","sa3023890"
"Kemp Alderman","LF","MIA",,18,"23.95","20 / 30",40,40,"Oppo","45 / 60","80 / 80","40 / 30","40 / 40",,,"40+","sa3022562"
"Jesus Travieso","SIRP","PIT",,18,"19.3611111","",,,,"","","","",,,"40+","sa3024565"
"Malachi Witherspoon","SIRP","DET",,18,"21.9722222","",,,,"","","","",,,"40+","sa3045488"
"JD Thompson","MIRP","MIL",,18,"22.8444444","",,,,"","","","",,,"40+","sa3043764"
"Tommy White","3B","ATH",,18,"23.4166666","40 / 50",30,55,"InsideOut","30 / 40","50 / 50","40 / 40","40 / 50","1B/3B",0.406,"40","35107"
"Jirvin Morillo","C","CIN",,18,"19.5611111","25 / 55",60,55,"GapToGap","20 / 40","30 / 40","40 / 40","30 / 50",,,"40","sa3023751"
"Gabriel Davalillo","1B","LAA",,18,"18.7388888","35 / 55",45,45,"Pull","30 / 55","50 / 60","20 / 20","20 / 35",,,"40","sa3068659"
"Sean Paul Liñan","SP","NYY",,18,"21.7361111","",,,,"","","","",,,"40","sa3019270"
"Caden Bogenpohl","RF","PHI",,18,"21.3222222","20 / 30",60,30,"InsideOut","35 / 60","80 / 80","50 / 40","35 / 55",,,"40","sa3027320"
"Hayden Mullins","SIRP","BOS",,18,"25.8833333","",,,,"","","","",,,"40","sa3023218"
"Aidan Curry","MIRP","TEX",,18,"24.075","",,,,"","","","",,,"40","sa3015334"
"Jonathon Long","1B","CHC",,18,"24.5333333","40 / 45",50,40,"InsideOut","40 / 45","60 / 60","40 / 40","30 / 40","1B/LF",,"40","sa3022864"
"Truitt Madonna","C","SDP",,18,"19.3888888","20 / 40",,,,"20 / 50","50 / 60","40 / 40","20 / 40",,,"40","sa3069152"
"Adriel Radney","RF","ARI",,18,"19.1083333","20 / 50",40,50,"Grounders","20 / 50","40 / 60","55 / 50","40 / 50","OF",0.25,"40","sa3023886"
"Jackson Nezuh","SP","HOU",,18,"24.475","",,,,"","","","",,,"40","sa3023411"
"Brandon Barriera","SP","TOR",,18,"22.4111111","",,,,"","","","",,,"40","sa3020683"
"Kyler Fedko","RF","MIN",,18,"26.8638888","40 / 40",,,"Pull","45 / 50","55 / 55","45 / 45","45 / 50",,,"40","29930"
"Dylan Campbell","RF","CHW",,18,"24.0833333","30 / 45",45,55,"GapToGap","30 / 45","50 / 50","50 / 50","30 / 45","1B/2B/3B/LF/RF",,"40","sa3022751"
"Warren Calcaño","SS","KCR",,18,"18.7916666","20 / 50",40,50,,"20 / 40","20 / 40","50 / 60","40 / 50",,,"40","sa3067541"
"Mason Peters","SIRP","SEA",,18,"22.6222222","",,,,"","","","",,,"35+","sa3060252"
"Ben Blair","SP","TBR",,19,"21.3527777","",,,,"","","","",,,"45","sa3027209"
"Isaias Suarez","CF","WSN",,19,"17.6444444","25 / 50",,50,,"20 / 45","30 / 45","55 / 50","45 / 55",,,"40+","sa3075070"
"Kaden Waechter","SP","SFG",,19,"18.9972222","",,,,"","","","",,,"40+",
"Ixan Henderson","SP","STL",,19,"24.5083333","",,,,"","","","",,,"40+","sa3022953"
"Moises Acacio","SS","LAD",,19,"18.5222222","25 / 55",45,60,"GapToGap","20 / 45","35 / 45","50 / 50","35 / 50","2B/3B/SS/OF",0.19,"40+","sa3067852"
"Elvin Garcia","3B","BAL",,19,"19.5388888","20 / 35",45,40,"PoleToPole","25 / 60","55 / 70","40 / 40","30 / 50","1B/3B",0.442,"40+","sa3024147"
"Welinton Herrera","SIRP","COL",,19,"22.3305555","",,,,"","","","",,,"40+","29318"
"Manuel Genao","SIRP","MIA",,19,"20.725","",,,,"","","","",,,"40+","sa3024519"
"Estuar Suero","RF","PIT",,19,"20.925","20 / 30",50,30,"GapToGap","20 / 60","55 / 70","55 / 40","30 / 50","OF",,"40+","sa3018481"
"Randy Santana","CF","DET",,19,"17.8722222","20 / 45",,50,,"25 / 55","45 / 60","60 / 60","40 / 50",,,"40+","sa3075057"
"Brett Wichrowski","SIRP","MIL",,19,"23.9638888","",,,,"","","","",,,"40+","sa3023366"
"Roman Martin","SS","ATH",,19,"21.8833333","30 / 40",45,40,"GapToGap","30 / 45","50 / 50","50 / 50","40 / 50","SS/3B",,"40","sa3037203"
"Arnaldo Lantigua","LF","CIN",,19,"20.6194444","30 / 40",50,40,"PoleToPole","25 / 55","55 / 60","40 / 40","20 / 30",,,"40","sa3021084"
"Nick Morabito","CF","NYM",,19,"23.2361111","30 / 40",55,50,"Oppo","30 / 30","45 / 50","70 / 70","50 / 60","OF",,"40","32119"
"Dylan Jordan","SP","LAA",,19,"20.7972222","",,,,"","","","",,,"40","sa3067384"
"Diego Tornes","LF","ATL",,19,"18.0805555","25 / 50",60,40,"GapToGap","25 / 60","50 / 60","50 / 45","40 / 45",,0.313,"40","sa3066458"
"George Valera","RF","CLE",,19,"25.7194444","40 / 40",60,40,"PoleToPole","50 / 50","55 / 55","45 / 45","50 / 50","OF",,"40","22541"
"Brock Selvidge","SIRP","NYY",,19,"23.9277777","",,,,"","","","",,,"40","sa3017950"
"Will Gasparino","CF","PHI",,19,"21.6444444","30 / 40",50,35,"PoleToPole","40 / 55","55 / 60","55 / 45","40 / 50",,,"40","sa3032034"
"Jedixson Paez","SP","BOS",,19,"22.5416666","",,,,"","","","",,,"40","29114"
"Emiliano Teodo","SIRP","TEX",,19,"25.4666666","",,,,"","","","",,,"40","27999"
"Myles Bailey","1B","CHC",,19,"21.0694444","20 / 30",40,30,"PoleToPole","40 / 55","60 / 70","35 / 35","40 / 50",,,"40","sa3058535"
"Mitch Bratt","SP","ARI",,19,"23.0805555","",,,,"","","","",,,"40","30003"
"Hudson Leach","SIRP","HOU",,19,"24.1277777","",,,,"","","","",,,"40","sa3023649"
"Tim Piasentin","3B","TOR",,19,"19.3527777","20 / 40",,,,"20 / 55","50 / 60","40 / 40","30 / 45",,,"40","sa3069278"
"Gabriel Gonzalez","RF","MIN",,19,"22.5777777","40 / 55",30,50,"InsideOut","35 / 40","50 / 55","45 / 40","45 / 45","LF/RF",,"40","28833"
"Jeral Perez","2B","CHW",,19,"21.7388888","40 / 45",50,45,"Pull","40 / 45","45 / 45","45 / 45","40 / 45","2B/3B",,"40","sa3018557"
"Drew Beam","SP","KCR",,19,"23.4666666","",,,,"","","","",,,"40","sa3026785"
"Elliot Lascelles","SS","SDP",,19,"18.4833333","25 / 55",50,55,"GapToGap","20 / 30","30 / 35","40 / 40","30 / 40",,,"35+",
"Marcelo Perez","SP","SEA",,19,"26.7111111","",,,,"","","","",,,"35+","sa3020889"
"Jadher Areinamo","2B","TBR",,20,"22.6777777","35 / 60",35,70,"GapToGap","30 / 40","30 / 40","45 / 45","30 / 40","2B/3B",,"45","sa3015802"
"Samil Serrano","LF","WSN",,20,"17.7527777","25 / 55",,55,,"20 / 55","40 / 50","50 / 40","30 / 50",,,"40+","sa3075061"
"Brycen Mautz","SP","STL",,20,"25.0416666","",,,,"","","","",,,"40+","31910"
"Eduardo Rojas","C","LAD",,20,"19.4666666","25 / 50",50,50,"Pull","30 / 45","30 / 45","30 / 30","40 / 55",,0.21,"40+","sa3024143"
"Wilfri De La Cruz","3B","BAL",,20,"18.8805555","20 / 45",60,45,"PoleToPole","20 / 55","30 / 55","55 / 55","30 / 50","3B/SS",0.231,"40+","sa3067682"
"Derek Bernard","RF","COL",,20,"20.9805555","30 / 40",40,45,"GapToGap","30 / 55","55 / 60","50 / 50","45 / 55",,,"40+","sa3018477"
"Cristian Hernández","SS","MIA",,20,"22.6361111","20 / 35",40,20,"Oppo","30 / 45","55 / 60","55 / 55","50 / 55","2B/3B/SS",,"40+","sa3015696"
"Reinold Navarro","SIRP","PIT",,20,"19.7805555","",,,,"","","","",,,"40+","sa3024459"
"Manuel Bolivar","C","DET",,20,"17.9111111","20 / 40",,40,,"20 / 55","45 / 60","45 / 40","40 / 60",,,"40+","sa3075078"
"Jayden Dubanewicz","SP","MIL",,20,"20.3583333","",,,,"","","","",,,"40+","sa3067382"
"Daniel Susac","C","SFG",,20,"25.2166666","40 / 45",20,40,"InsideOut","40 / 40","45 / 50","30 / 30","55 / 55",,,"40","31441"
"Shotaro Morii","TWP","ATH",,20,"19.6305555","20 / 40",45,40,"GapToGap","25 / 50","45 / 55","50 / 50","30 / 45",,0.346,"40","sa3067343"
"Luke Holman","SP","CIN",,20,"23.5722222","",,,,"","","","",,,"40","sa3034003"
"Mitch Voit","2B","NYM",,20,"21.8388888","30 / 45",45,45,"InsideOut","30 / 50","50 / 55","60 / 60","40 / 50",,,"40","sa3044552"
"Samy Natera Jr.","SIRP","LAA",,20,"26.7416666","",,,,"","","","",,,"40","31936"
"Blake Burkhalter","SIRP","ATL",,20,"25.8694444","",,,,"","","","",,,"40","sa3020382"
"Alfonsin Rosario","RF","CLE",,20,"22.1138888","20 / 30",40,30,"Pull","25 / 55","60 / 65","45 / 45","30 / 50","LF/RF",,"40","sa3022868"
"Edwin Ramirez","LF","PHI",,20,"18.1305555","20 / 45",50,50,"PoleToPole","25 / 50","45 / 55","40 / 40","30 / 40",,,"40","sa3077619"
"Tyler Uberstine","MIRP","BOS",,20,"27.1694444","",,,,"","","","",,,"40","29961"
"Dalton Pence","SP","TEX",,20,"23.9277777","",,,,"","","","",,,"40","sa3039663"
"Carson Jasa","SP","CHC",,20,"21.85","",,,,"","","","",,,"40","sa3059584"
"Slade Caldwell","CF","ARI",,20,"20.1222222","30 / 45",55,60,"InsideOut","20 / 35","35 / 40","70 / 65","45 / 55","LF/CF",0.319,"40","sa3066460"
"Alimber Santa","SIRP","HOU",,20,"23.2472222","",,,,"","","","",,,"40","28846"
"Grant Rogers","SP","TOR",,20,"25.1944444","",,,,"","","","",,,"40","sa3023522"
"Kala'i Rosario","RF","MIN",,20,"24.0833333","30 / 30",40,40,"Pull","35 / 55","60 / 60","45 / 45","50 / 50","LF/RF",,"40","sa3015199"
"Tanner Murray","SS","CHW",,20,"26.9138888","40 / 40",40,45,"GapToGap","40 / 45","50 / 50","40 / 40","45 / 45","2B/3B/SS/OF",,"40","28848"
"Steven Zobac","SP","KCR",,20,"25.8","",,,,"","","","",,,"40","sa3020875"
"Omar Alfonzo","C","NYY",,20,"22.9972222","30 / 30",60,40,"Oppo","35 / 45","60 / 60","20 / 20","30 / 40","C/1B",,"35+","sa3015665"
"Robbie Lavey","C","SDP",,20,"20.9138888","",,,,"","","","",,,"35+","sa3036054"
"Christian Little","SIRP","SEA",,20,"23.075","",,,,"","","","",,,"35+","sa3036393"
"Tre' Morgan","1B","TBR",,21,"24.0444444","40 / 50",40,45,"Oppo","30 / 40","45 / 45","50 / 50","70 / 80",,,"45","sa3022919"
"Chase Brunson","CF","WSN",,21,"21.0694444","35 / 45",40,50,"Pull","30 / 45","45 / 50","55 / 55","45 / 55",,,"40+","sa3027910"
"Hancel Rincon","SP","STL",,21,"24.2611111","",,,,"","","","",,,"40+","sa3009629"
"Marlon Nieves","SP","LAD",,21,"21.1444444","",,,,"","","","",,,"40+","sa3021567"
"Ariel Roque","CF","BAL",,21,"17.7805555","20 / 45",,45,,"20 / 45","35 / 45","60 / 60","40 / 50",,,"40+","sa3075056"
"Kelvis Salcedo","SIRP","DET",,21,"20.525","",,,,"","","","",,,"40+","sa3021531"
"Trey Ebel","SS","MIL",,21,"17.8416666","25 / 55",60,60,"Oppo","20 / 45","30 / 40","50 / 50","40 / 50",,,"40+",
"Argenis Cayama","SP","SFG",,21,"19.8805555","",,,,"","","","",,,"40","sa3025006"
"Edgar Montero","3B","ATH",,21,"19.6972222","20 / 40",60,40,"Oppo","20 / 55","50 / 60","40 / 30","30 / 50","SS/3B",0.371,"40","sa3024109"
"Julian Aguiar","SP","CIN",,21,"25.1611111","",,,,"","","","",,,"40","30031"
"Émilien Pitre","2B","NYM",,21,"23.8277777","50 / 60",55,55,"Oppo","30 / 40","40 / 45","50 / 50","45 / 60",,,"40","sa3025391"
"Keythel Key","SIRP","LAA",,21,"22.8111111","",,,,"","","","",,,"40","sa3016282"
"Rolddy Muñoz","SIRP","ATL",,21,"26.3","",,,,"","","","",,,"40","27407"
"Franklin Gomez","SP","CLE",,21,"21.0722222","",,,,"","","","",,,"40","sa3019153"
"Marcos Herrera","SIRP","COL",,21,"21.8083333","",,,,"","","","",,,"40","sa3019261"
"Alirio Ferrebus","C","PHI",,21,"20.8888888","30 / 50",40,55,"Oppo","30 / 40","35 / 50","40 / 30","30 / 45","C/1B",,"40","sa3022306"
"Luis Cova","CF","MIA",,21,"19.5027777","20 / 50",60,50,"Pull","30 / 50","40 / 50","55 / 55","40 / 50","OF",,"40","sa3023723"
"Tyler Samaniego","SIRP","BOS",,21,"27.5055555","",,,,"","","","",,,"40","30081"
"Andruw Giles","CF","PIT",,21,"18.5611111","25 / 55",55,55,"GapToGap","20 / 40","40 / 45","50 / 50","30 / 45",,,"40",
"Elian Rosario","3B","TEX",,21,"17.825","20 / 45",,45,,"25 / 55","50 / 60","40 / 40","30 / 40",,,"40","sa3075049"
"Riley Martin","SIRP","CHC",,21,"28.3694444","",,,,"","","","",,,"40","29934"
"Yassel Soler","3B","ARI",,21,"20.5166666","30 / 45",30,45,"Pull","30 / 50","55 / 60","40 / 40","35 / 45","1B/3B",0.319,"40","sa3022281"
"Will Bush","C","HOU",,21,"22.4111111","30 / 40",70,40,"InsideOut","40 / 45","55 / 55","35 / 30","30 / 40","C/1B",,"40","sa3022698"
"Edward Duran","C","TOR",,21,"22.175","30 / 40",45,40,"Oppo","30 / 40","30 / 40","30 / 30","45 / 60",,,"40","sa3016719"
"Yasser Mercedes","CF","MIN",,21,"21.7111111","30 / 30",50,40,"Pull","35 / 55","50 / 60","60 / 55","40 / 45","OF",,"40","sa3019557"
"Zach Franklin","SIRP","CHW",,21,"27.7638888","",,,,"","","","",,,"40","sa3022735"
"Blake Wolters","SP","KCR",,21,"21.7694444","",,,,"","","","",,,"40","sa3023513"
"Brendan Beck","SP","NYY",,21,"27.8222222","",,,,"","","","",,,"35+","33043"
"Jase Bowen","CF","SDP",,21,"25.9166666","30 / 35",35,40,"GapToGap","40 / 45","55 / 55","60 / 60","50 / 50",,,"35+","26047"
"Michael Morales","SP","SEA",,21,"23.9694444","",,,,"","","","",,,"35+","sa3017783"
"Taj Marchand","SS","TBR",,22,"18.0138888","20 / 30",50,45,"InsideOut","20 / 55","55 / 70","55 / 55","40 / 50",,,"45",
"Luke Williams","SS","WSN",,22,"18.625","20 / 40",45,40,"GapToGap","20 / 50","45 / 50","60 / 60","40 / 50","2B/SS/CF",,"40+",
"Pete Hansen","SP","STL",,22,"26.0111111","",,,,"","","","",,,"40+","sa3020798"
"Owen Hall","SP","DET",,22,"20.7166666","",,,,"","","","",,,"40+","sa3066594"
"Sawyer Strosnider","RF","MIL",,22,"21.1","30 / 35",40,40,"PoleToPole","35 / 55","55 / 60","60 / 60","30 / 50",,,"40+","sa3060685"
"Luis De La Torre","MIRP","SFG",,22,"22.9055555","",,,,"","","","",,,"40","sa3022880"
"Eduarniel Núñez","SIRP","ATH",,22,"27.1527777","",,,,"","","","",,,"40","23162"
"Ethan Norby","MIRP","CIN",,22,"21.5138888","",,,,"","","","",,,"40","sa3038921"
"Ryan Lambert","SIRP","NYM",,22,"23.9166666","",,,,"","","","",,,"40","sa3025613"
"Gavin Grahovac","3B","LAA",,22,"21.5833333","20 / 30",40,35,"PoleToPole","40 / 55","60 / 60","40 / 40","35 / 45","3B/1B",,"40","sa3032567"
"Jack Brenner","C","ATL",,22,"18.9027777","25 / 55",40,55,"GapToGap","20 / 45","40 / 50","55 / 55","40 / 50","C/SS/CF",,"40",
"Austin Peterson","SP","CLE",,22,"26.8694444","",,,,"","","","",,,"40","sa3020868"
"Ezequiel Melburne","SS","LAD",,22,"17.1666666","20 / 40",,,,"20 / 50","30 / 55","50 / 50","30 / 45",,0.28,"40","sa3076563"
"Boston Bateman","SP","BAL",,22,"20.8666666","",,,,"","","","",,,"40","sa3067145"
"Brody Brecht","SIRP","COL",,22,"23.8472222","",,,,"","","","",,,"40","sa3027632"
"Cody Bowker","MIRP","PHI",,22,"22.6222222","",,,,"","","","",,,"40","sa3027486"
"Adrian  Pena","SP","MIA",,22,"18.25","",,,,"","","","",,,"40","sa3068110"
"Angel Bastardo","SIRP","BOS",,22,"24.1222222","",,,,"","","","",,,"40","sa3009716"
"Thomas Harrington","SP","PIT",,22,"25.0555555","",,,,"","","","",,,"40","31989"
"Leandro Lopez","SP","TEX",,22,"24.125","",,,,"","","","",,,"40","sa3016748"
"Grant Kipp","MIRP","CHC",,22,"26.725","",,,,"","","","",,,"40","sa3020185"
"Brian Curley","SIRP","ARI",,22,"23.1694444","",,,,"","","","",,,"40","sa3029705"
"Kam Durnin","SS","HOU",,22,"21.9916666","30 / 40",50,40,"GapToGap","30 / 40","45 / 45","55 / 55","40 / 50",,,"40","sa3030695"
"Franklin Rojas","C","TOR",,22,"19.3666666","25 / 50",50,55,"GapToGap","20 / 45","40 / 45","30 / 30","40 / 50",,,"40","sa3025018"
"Miguel Caraballo","C","MIN",,22,"17.9333333","20 / 40",55,35,"Pull","25 / 55","35 / 55","40 / 40","20 / 45",,,"40","sa3067756"
"Duncan Davitt","SP","CHW",,22,"26.8583333","",,,,"","","","",,,"40","31886"
"Shane Van Dam","SP","KCR",,22,"22.3111111","",,,,"","","","",,,"40","sa3044327"
"Brendan Brock","C","NYY",,22,"21.9972222","",,,,"","","","",,,"35+","sa3069672"
"Luis Gutierrez","MIRP","SDP",,22,"23.0055555","",,,,"","","","",,,"35+","sa3016469"
"Blas Castaño","MIRP","SEA",,22,"27.9","",,,,"","","","",,,"35+","26117"
"Victor Valdez","2B","TBR",,23,"17.8888888","25 / 60",,60,,"20 / 50","45 / 55","40 / 40","30 / 45",,,"45","sa3075050"
"Jesus Baez","2B","STL",,23,"21.4333333","30 / 45",40,50,"PoleToPole","35 / 50","50 / 55","40 / 40","40 / 45","2B/3B/SS",,"40+","sa3018507"
"Oscar Tineo","SS","DET",,23,"17.4472222","25 / 55",,45,,"20 / 40","30 / 45","60 / 60","45 / 60",,,"40+","sa3075079"
"Alex Clemmey","SP","WSN",,23,"21.0388888","",,,,"","","","",,,"40","sa3023421"
"Trevor Cohen","CF","SFG",,23,"22.7583333","40 / 55",50,55,"InsideOut","20 / 30","40 / 45","60 / 60","45 / 55","OF",,"40","sa3029111"
"Corey Avant","SIRP","ATH",,23,"24.7388888","",,,,"","","","",,,"40","sa3023137"
"Sheng-En  Lin","SP","CIN",,23,"20.9194444","",,,,"","","","",,,"40","sa3022820"
"Ben Simon","SIRP","NYM",,23,"24.3611111","",,,,"","","","",,,"40","sa3023164"
"Capri Ortiz","SS","LAA",,23,"21.3361111","30 / 40",45,40,"GapToGap","20 / 30","30 / 35","70 / 70","55 / 60",,,"40","sa3018473"
"Josh Hartle","SP","CLE",,23,"23.3555555","",,,,"","","","",,,"40","sa3025623"
"Rubel Arias","CF","LAD",,23,"17.65","20 / 50",,45,,"20 / 45","40 / 50","60 / 60","40 / 50",,0.22,"40","sa3075076"
"Reed Trimble","CF","BAL",,23,"26.1555555","30 / 35",40,40,"Pull/Oppo","45 / 50","55 / 55","60 / 60","40 / 45","OF",,"40","sa3017180"
"Eiberson Castellano","SIRP","COL",,23,"25.2305555","",,,,"","","","",,,"40","28040"
"Jaxon Jelkin","SP","PHI",,23,"23.6416666","",,,,"","","","",,,"40","sa3034629"
"Brendan Jones","CF","MIA",,23,"24.2722222","40 / 45",45,45,"GapToGap","30 / 35","40 / 45","60 / 60","50 / 55",,,"40","sa3025253"
"Yoeilin Cespedes","2B","BOS",,23,"20.9","20 / 30",30,50,"Pull","35 / 50","45 / 50","40 / 40","30 / 45",,,"40","sa3021085"
"Matt Ager","SP","PIT",,23,"23.1972222","",,,,"","","","",,,"40","sa3025798"
"Malcolm Moore","C","TEX",,23,"23.0055555","30 / 45",50,60,"PoleToPole","30 / 40","40 / 50","30 / 30","40 / 45",,,"40","sa3025250"
"Coleman Crow","MIRP","MIL",,23,"25.5888888","",,,,"","","","",,,"40","27926"
"Jose Escobar","2B","CHC",,23,"21.8861111","30 / 55",45,50,"GapToGap","30 / 45","50 / 55","50 / 50","40 / 50",,,"40","sa3018629"
"Daury Vasquez","SP","ARI",,23,"20.2916666","",,,,"","","","",,,"40","sa3021767"
"Jake Cook","CF","TOR",,23,"23.0527777","35 / 55",50,60,"SlashAndDash","20 / 30","35 / 40","80 / 80","40 / 60",,,"40","sa3029303"
"Haritzon Castillo","2B","MIN",,23,"18.3583333","25 / 50",50,55,"GapToGap","20 / 45","40 / 50","55 / 55","40 / 50","2B/3B/SS",,"40","sa3067692"
"Joey Volchko","MIRP","CHW",,23,"21.1138888","",,,,"","","","",,,"40","sa3044554"
"Hiro Wyatt","SP","KCR",,23,"21.9361111","",,,,"","","","",,,"40","sa3023613"
"Carson Coleman","SIRP","NYY",,23,"28.3194444","",,,,"","","","",,,"35+","sa3014857"
"Garrett Hawkins","SIRP","SDP",,23,"26.4777777","",,,,"","","","",,,"35+","sa3017383"
"Caden Powell","3B","HOU",,23,"22.7722222","20 / 30",30,50,"Pull","30 / 40","65 / 70","55 / 55","25 / 50","2B/3B/SS",,"35+","sa3025361"
"Brock Rodden","2B","SEA",,23,"26.1861111","30 / 40",40,50,"Pull","40 / 45","45 / 45","60 / 60","45 / 55","2B/3B",,"35+","sa3022432"
"Cooper Hjerpe","MIRP","STL",,24,"25.3777777","",,,,"","","","",,,"40+","sa3020736"
"Andreimi Antunez","SS","TBR",,24,"19.7416666","25 / 45",40,55,"InsideOut","25 / 55","50 / 60","50 / 40","30 / 45","2B/SS/3B",,"40+","sa3067643"
"Maxx Yehl","SP","KCR",,24,"22.1888888","",,,,"","","","",,,"40","sa3045700"
"Abimelec Ortiz","1B","WSN",,24,"24.4444444","40 / 45",40,50,"PoleToPole","45 / 50","55 / 55","20 / 20","50 / 55","1B/RF",,"40","29539"
"Hunter Dryden","SIRP","SFG",,24,"24.1444444","",,,,"","","","",,,"40","sa3067105"
"Kenya Huggins","SP","ATH",,24,"23.6388888","",,,,"","","","",,,"40","sa3020609"
"JeanPierre Ortiz","SP","CIN",,24,"22.4555555","",,,,"","","","",,,"40","sa3024922"
"Justin Hagenman","SP","NYM",,24,"29.8194444","",,,,"","","","",,,"40","21546"
"Jaxon Willits","SS","LAA",,24,"21.7638888","30 / 45",55,45,"GapToGap","20 / 40","40 / 45","45 / 45","40 / 50",,,"40","sa3045313"
"Davis Polo","SP","ATL",,24,"21.7638888","",,,,"","","","",,,"40","sa3019637"
"Petey Halpin","CF","CLE",,24,"24.1833333","35 / 40",45,50,"GapToGap","30 / 35","45 / 45","60 / 60","50 / 55","OF",,"40","27931"
"Patrick Copen","SIRP","LAD",,24,"24.4638888","",,,,"","","","",,,"40","sa3023283"
"Aron Estrada","2B","BAL",,24,"21.5527777","20 / 35",50,45,"PoleToPole","30 / 45","50 / 55","50 / 50","30 / 40",,0.504,"40","sa3018552"
"Jackson Cox","SP","COL",,24,"22.8527777","",,,,"","","","",,,"40","sa3020899"
"Juan Parra","SS","PHI",,24,"17.6611111","20 / 40",60,45,"Pull/Gaps","20 / 50","40 / 50","50 / 50","30 / 50",,,"40","sa3076549"
"Juan Matheus","3B","MIA",,24,"22.2583333","40 / 55",50,60,"PoleToPole","35 / 40","40 / 45","55 / 55","45 / 50","2B/3B/SS",,"40","sa3018611"
"Jhorman Bravo","SS","BOS",,24,"18.1611111","20 / 40",50,50,"Pull","20 / 50","30 / 50","55 / 55","40 / 50","2B/3B/SS",,"40","sa3067799"
"Levi Sterling","SP","PIT",,24,"19.9166666","",,,,"","","","",,,"40","sa3066664"
"Lucas Elissalt","SP","DET",,24,"22.0333333","",,,,"","","","",,,"40","sa3067134"
"Ismael Agreda","MIRP","TEX",,24,"22.8166666","",,,,"","","","",,,"40","sa3017010"
"Marco Dinges","C","MIL",,24,"22.9083333","30 / 40",60,30,"Oppo","30 / 45","50 / 55","50 / 50","30 / 40",,,"40","sa3025495"
"Eli Jerzembeck","MIRP","CHC",,24,"23.125","",,,,"","","","",,,"40","sa3034672"
"Mason Marriott","MIRP","ARI",,24,"23.9666666","",,,,"","","","",,,"40","sa3025505"
"Cutter Coffey","3B","TOR",,24,"22.1972222","20 / 30",55,50,,"35 / 45","50 / 55","45 / 45","40 / 55",,,"40","sa3020280"
"James Ellwanger","SP","MIN",,24,"22.2138888","",,,,"","","","",,,"40","sa3030911"
"Tyler Schweitzer","MIRP","CHW",,24,"25.8694444","",,,,"","","","",,,"40","31920"
"Tony Rossi","SIRP","NYY",,24,"27.0694444","",,,,"","","","",,,"35+","sa3067082"
"Jagger Haynes","MIRP","SDP",,24,"23.8666666","",,,,"","","","",,,"35+","sa3020876"
"Luis Baez","1B","HOU",,24,"22.5583333","30 / 35",30,45,"GapToGap","30 / 45","60 / 65","40 / 40","30 / 50","1B/LF/RF",,"35+","sa3018482"
"Luis Suisbel","3B","SEA",,24,"23.1916666","30 / 40",40,40,"Poles/InsideOut","35 / 50","50 / 55","30 / 30","35 / 40","1B/3B",,"35+","sa3016717"
"Sem Robberse","MIRP","STL",,25,"24.8055555","",,,,"","","","",,,"40+","sa3011735"
"Xavier Isaac","1B","TBR",,25,"22.625","20 / 20",60,20,"PoleToPole","50 / 70","70 / 80","40 / 40","30 / 45",,,"40+","sa3020498"
"Austin Charles","SS","KCR",,25,"22.7194444","20 / 30",30,40,"Pull","20 / 45","40 / 55","55 / 55","40 / 50","SS/3B",,"40","sa3020497"
"Ethan Petry","1B","WSN",,25,"22.125","30 / 35",45,40,"PoleToPole","35 / 60","70 / 70","30 / 30","30 / 40","1B/LF",,"40","sa3039828"
"Jancel Villarroel","C","SFG",,25,"21.5416666","30 / 50",50,50,"Middle","35 / 45","50 / 50","45 / 40","30 / 45","C/2B/LF",,"40","sa3020102"
"Yunior Tur","SIRP","ATH",,25,"26.9805555","",,,,"","","","",,,"40","33026"
"Iker Redona","SP","CIN",,25,"18.6583333","",,,,"","","","",,,"40","sa3068467"
"Randy Guzman","1B","NYM",,25,"21.2861111","30 / 35",30,40,"Pull","35 / 60","55 / 65","40 / 40","30 / 50","1B/LF/RF",,"40","sa3021106"
"Peyton Olejnik","SIRP","LAA",,25,"23.6611111","",,,,"","","","",,,"40","sa3025492"
"Raudy Reyes","SIRP","ATL",,25,"17.9444444","",,,,"","","","",,,"40","sa3066459"
"Jacob Cozart","C","CLE",,25,"23.5638888","20 / 30",45,30,"GapToGap","30 / 40","45 / 50","30 / 30","45 / 55",,,"40","sa3025434"
"Hyun-Seok Jang","SIRP","LAD",,25,"22.3833333","",,,,"","","","",,,"40","sa3023601"
"Twine Palmer","MIRP","BAL",,25,"21.9222222","",,,,"","","","",,,"40","sa3025618"
"Tyler Hampu","SIRP","COL",,25,"24.05","",,,,"","","","",,,"40","sa3033115"
"Gabe Craig","SIRP","PHI",,25,"25.0805555","",,,,"","","","",,,"40","sa3029515"
"Ethan Kleinschmit","SP","MIA",,25,"21.2388888","",,,,"","","","",,,"40","sa3059697"
"Eduardo Rivera","SIRP","BOS",,25,"23.1361111","",,,,"","","","",,,"40","31280"
"Easton Carmichael","C","PIT",,25,"22.7472222","30 / 40",40,45,"GapToGap","30 / 30","40 / 40","30 / 30","55 / 70",,,"40","sa3028459"
"John Peck","SS","DET",,25,"24.0388888","30 / 35",55,40,"Oppo","35 / 45","55 / 55","45 / 45","40 / 45","2B/3B/SS",,"40","sa3022896"
"Breyner Figuereo","SIRP","TEX",,25,"18.1472222","",,,,"","","","",,,"40","sa3067647"
"Frank Cairone","SP","MIL",,25,"18.8833333","",,,,"","","","",,,"40","sa3069241"
"Brody McCullough","SP","CHC",,25,"26.0888888","",,,,"","","","",,,"40","sa3020599"
"Kristian Robinson","RF","ARI",,25,"25.6416666","30 / 30",40,35,"GapToGap","45 / 50","55 / 55","55 / 55","55 / 55","OF",0.442,"40","sa3006884"
"Ryan Sprock","C","TOR",,25,"21.8472222","35 / 55",55,55,"Oppo","20 / 30","30 / 35","40 / 40","30 / 50","C/1B/3B/LF",,"40","sa3042879"
"Tommy LaPour","SIRP","MIN",,25,"21.3416666","",,,,"","","","",,,"40","sa3035976"
"Jaden Woods","SIRP","CHW",,25,"24.5027777","",,,,"","","","",,,"40","sa3023064"
"Stiven Marinez","SS","NYY",,25,"18.95","20 / 45",445,50,"GapToGap","20 / 40","30 / 45","55 / 60","40 / 55",,,"35+","sa3067713"
"James Guyette","SIRP","SDP",,25,"21.4972222","",,,,"","","","",,,"35+","sa3032890"
"James Hicks","SP","HOU",,25,"25.2305555","",,,,"","","","",,,"35+","sa3023161"
"Tyler Cleveland","SIRP","SEA",,25,"26.8972222","",,,,"","","","",,,"35+","sa3020840"
"Brendan Summerhill","RF","TBR",,26,"22.7194444","35 / 50",50,55,"InsideOut","30 / 50","45 / 50","55 / 55","40 / 50",,,"40+","sa3043325"
"Carson Roccaforte","CF","KCR",,26,"24.3416666","30 / 30",45,35,"GapToGap","35 / 40","50 / 50","60 / 60","60 / 60",,,"40","sa3022825"
"Riley Cornelio","SIRP","WSN",,26,"26.1555555","",,,,"","","","",,,"40","31953"
"Trent Harris","SIRP","SFG",,26,"27.5277777","",,,,"","","","",,,"40","sa3022526"
"Will Johnston","SIRP","ATH",,26,"25.6388888","",,,,"","","","",,,"40","sa3022940"
"Nick Sando","SIRP","CIN",,26,"25.225","",,,,"","","","",,,"40","sa3023511"
"Aiden Robbins","RF","NYM",,26,"21.55","20 / 35",40,40,"PoleToPole","35 / 50","50 / 55","55 / 55","35 / 55",,,"40","sa3040859"
"Barrett Kent","SP","LAA",,26,"21.8416666","",,,,"","","","",,,"40","sa3023082"
"Cade Crossland","SP","STL",,26,"22.5027777","",,,,"","","","",,,"40","sa3058955"
"Jose Devers","SS","CLE",,26,"23.2083333","20 / 30",50,30,"GapToGap","30 / 40","40 / 45","60 / 60","50 / 60","2B/3B/SS",,"40","sa3015292"
"Aidan West","2B","LAD",,26,"19.4388888","20 / 45",45,50,"GapToGap","20 / 50","50 / 55","50 / 50","30 / 40",,0.46,"40","sa3069275"
"Brandon Butterworth","SS","BAL",,26,"23.925","30 / 35",50,50,"InsideOut","30 / 35","35 / 40","60 / 60","60 / 60","2B/SS",0.38,"40","sa3025264"
"Konner Eaton","MIRP","COL",,26,"23.6722222","",,,,"","","","",,,"40","sa3025350"
"Cam Cannarella","CF","MIA",,26,"22.9055555","40 / 55",45,45,"GapToGap","30 / 35","40 / 45","55 / 55","35 / 45",,,"40","sa3028360"
"Alec Gamboa","SP","BOS",,26,"29.5416666","",,,,"","","","",,,"40","26227"
"Brandan Bidois","SIRP","PIT",,26,"25.1138888","",,,,"","","","",,,"40","28052"
"Franyerber Montilla","SS","DET",,26,"21.2972222","30 / 45",60,45,"InsideOut","30 / 40","40 / 45","55 / 55","45 / 55","2B/SS",,"40","sa3018580"
"Izack Tiger","SIRP","TEX",,26,"25.4833333","",,,,"","","","",,,"40","sa3022875"
"Jaron DeBerry","SP","MIL",,26,"23.9277777","",,,,"","","","",,,"40","sa3029984"
"Brandon Birdsell","SP","CHC",,26,"26.3583333","",,,,"","","","",,,"40","sa3020797"
"Cristofer Torin","2B","ARI",,26,"21.1833333","25 / 60",55,70,"PoleToPole","20 / 30","20 / 30","40 / 40","30 / 50","2B/SS",0.289,"40","sa3018938"
"Micah Bucknam","MIRP","TOR",,26,"22.9333333","",,,,"","","","",,,"40","sa3027969"
"Enmanuel Merlo","3B","MIN",,26,"17.6944444","20 / 45",45,45,"PoleToPole","25 / 55","50 / 55","50 / 50","30 / 45",,,"40","sa3075067"
"Samuel Zavala","CF","CHW",,26,"22.0472222","30 / 40",55,40,"Pull","30 / 40","45 / 50","50 / 50","45 / 55","OF",,"40","sa3015718"
"Carter Beck","CF","ATL",,26,"21.0944444","30 / 40",40,45,"Pull","35 / 45","50 / 50","55 / 55","40 / 45",,,"35+","sa3058591"
"Dexters Peralta","SS","NYY",,26,"19.0583333","20 / 45",40,40,"GapToGap","20 / 50","30 / 55","50 / 60","40 / 50",,,"35+","sa3023745"
"Felix Reyes","1B","PHI",,26,"25.35","30 / 30",20,55,"PoleToPole","50 / 50","60 / 60","30 / 30","30 / 30",,0.41,"35+","28763"
"Joniel Hernandez","SS","SDP",,26,"17.4055555","20 / 40",,40,,"20 / 45","40 / 50","60 / 60","40 / 50",,,"35+","sa3075052"
"Gabel Pentecost","SP","HOU",,26,"23.0694444","",,,,"","","","",,,"35+","sa3069375"
"Charlie Pagliarini","2B","SEA",,26,"25.6388888","20 / 30",,,"Pull","35 / 50","60 / 60","45 / 45","35 / 40","1B/2B/LF",,"35+","sa3022487"
"Slater de Brun","CF","TBR",,27,"19.15","25 / 50",70,50,"SlashAndDash","20 / 40","35 / 40","70 / 70","30 / 45",,,"40+","sa3069257"
"Lucas Braun","SP","KCR",,27,"24.9333333","",,,,"","","","",,,"40","sa3022996"
"Ben Grable","SIRP","WSN",,27,"24.2472222","",,,,"","","","",,,"40","sa3032539"
"Nate Furman","2B","SFG",,27,"25.025","55 / 60",60,60,"Oppo","30 / 30","30 / 30","60 / 60","40 / 45","2B/OF",,"40","31988"
"Drew Petska","SIRP","CIN",,27,"22.2055555","",,,,"","","","",,,"40","sa3024451"
"Antonio Jimenez","SS","NYM",,27,"22.1305555","30 / 35",35,45,"Pull","30 / 50","55 / 60","40 / 40","30 / 45",,,"40","sa3034692"
"Talon Haley","SP","LAA",,27,"20.5277777","",,,,"","","","",,,"40","sa3069296"
"Tanner Franklin","SP","STL",,27,"22.1861111","",,,,"","","","",,,"40","sa3031652"
"Peyton Pallette","SIRP","CLE",,27,"25.2305555","",,,,"","","","",,,"40","31865"
"Ryan Ward","LF","LAD",,27,"28.4416666","40 / 40",45,45,"PoleToPole","50 / 50","55 / 55","45 / 45","50 / 50","1B/LF/RF",0.41,"40","27449"
"Miguel Rodríguez","C","BAL",,27,"20.5916666","25 / 55",60,60,"PoleToPole","20 / 30","30 / 35","20 / 20","45 / 55","C/1B",0.389,"40","sa3021226"
"Griffin Herring","SP","COL",,27,"23.2361111","",,,,"","","","",,,"40","sa3033707"
"Jared Serna","SS","MIA",,27,"24.1694444","35 / 40",45,55,"PoleToPole","35 / 40","40 / 40","60 / 60","55 / 55","2B/SS/LF",,"40","sa3015579"
"Gage Ziehl","SP","BOS",,27,"23.2138888","",,,,"","","","",,,"40","sa3045855"
"Derek Diamond","SIRP","PIT",,27,"25.5777777","",,,,"","","","",,,"40","sa3020470"
"Jude Warwick","SS","DET",,27,"20.8972222","20 / 50",40,50,"GapToGap","20 / 40","30 / 45","60 / 60","40 / 50","2B/SS",,"40","sa3067338"
"Enyel Lopez","SIRP","TEX",,27,"20.8972222","",,,,"","","","",,,"40","sa3067495"
"Carlos Rodriguez","SP","MIL",,27,"24.6805555","",,,,"","","","",,,"40","30161"
"Druw Jones","CF","ARI",,27,"22.6777777","20 / 30",50,30,"Oppo","20 / 40","40 / 55","70 / 70","70 / 80","OF",0.368,"40","sa3020676"
"T.J. Brock","SIRP","TOR",,27,"26.9777777","",,,,"","","","",,,"40","sa3020079"
"Cesar Lares","SIRP","MIN",,27,"23.0805555","",,,,"","","","",,,"40","sa3019384"
"Fernando Graterol","C","CHW",,27,"17.8138888","20 / 35",,40,,"20 / 50","45 / 60","45 / 30","30 / 45",,,"40","sa3075064"
"Chen Zhong-Ao  Zhuang","SP","ATH",,27,"25.9361111","",,,,"","","","",,,"35+","sa3018174"
"Isaiah Drake","LF","ATL",,27,"21.0472222","30 / 40",,,,"20 / 45","40 / 50","55 / 55","40 / 50",,,"35+","sa3022507"
"Richard Matic","3B","NYY",,27,"19.0166666","20 / 30",45,45,"Pull","25 / 55","50 / 65","40 / 30","30 / 40",,,"35+","sa3023749"
"Anderson Araujo","C","PHI",,27,"18.3166666","25 / 50",50,55,"Pull","20 / 50","40 / 50","40 / 30","30 / 40","C/1B",,"35+","sa3067663"
"Jaims Martinez","SS","CHC",,27,"17.9472222","30 / 55",50,50,,"20 / 40","30 / 45","55 / 55","30 / 50",,,"35+","sa3075083"
"Alex McCoy","LF","SDP",,27,"24.4777777","20 / 30",40,40,"PoleToPole","40 / 55","70 / 70","30 / 30","35 / 40",,,"35+","sa3067170"
"Cole Hertzler","SP","HOU",,27,"23.1138888","",,,,"","","","",,,"35+","sa3025638"
"Gregory Pio","CF","SEA",,27,"17.5111111","20 / 45",,45,,"20 / 45","40 / 50","55 / 55","40 / 45",,,"35+","sa3075065"
"Trevor Harrison","SP","TBR",,28,"20.9833333","",,,,"","","","",,,"40+","sa3023629"
"Carter Holton","SP","KCR",,28,"23.9111111","",,,,"","","","",,,"40","sa3025599"
"Sir Jamison Jones","C","WSN",,28,"20.2027777","20 / 30",40,30,"Oppo","20 / 40","40 / 45","30 / 30","45 / 70",,,"40","sa3067322"
"Peyton Bonds","RF","SFG",,28,"21.0361111","35 / 55",35,55,"LineToLine","20 / 40","50 / 55","55 / 55","40 / 50",,,"40","sa3027364"
"Anyer Laureano","SIRP","CIN",,28,"23.5916666","",,,,"","","","",,,"40","sa3019123"
"Joel Díaz","SP","NYM",,28,"22.4333333","",,,,"","","","",,,"40","sa3015500"
"Jeyson Horton","SS","LAA",,28,"17.4611111","20 / 40",,40,,"20 / 40","45 / 50","60 / 60","40 / 60",,,"40","sa3069443"
"Blaze Jordan","1B","STL",,28,"23.6194444","40 / 50",30,55,"Pull","40 / 50","60 / 60","30 / 30","40 / 45","1B/3B",,"40","28199"
"Franco Aleman","SIRP","CLE",,28,"26.1","",,,,"","","","",,,"40","30195"
"Noah Miller","SS","LAD",,28,"23.7222222","40 / 50",50,50,"Poles/Oppo","30 / 30","35 / 35","50 / 50","60 / 60","2B/SS",0.34,"40","sa3017512"
"Esteban Mejia","SIRP","BAL",,28,"19.4027777","",,,,"","","","",,,"40","sa3024583"
"Gabriel Hughes","SP","COL",,28,"24.9444444","",,,,"","","","",,,"40","31614"
"Chris Arroyo","RF","MIA",,28,"21.7083333","30 / 40",40,40,"GapToGap","30 / 60","60 / 70","40 / 40","30 / 50",,,"40","sa3026239"
"Brooks Brannon","1B","BOS",,28,"22.2444444","35 / 40",45,40,"Middle","45 / 55","70 / 70","30 / 30","35 / 40",,,"40","sa3020417"
"Jack Brannigan","SS","PIT",,28,"25.3916666","20 / 30",50,40,"Pull","30 / 50","45 / 45","50 / 50","50 / 50","2B/3B/SS",,"40","31471"
"Ben Jacobs","SP","DET",,28,"22.1416666","",,,,"","","","",,,"40","sa3034527"
"Josh Stephan","SP","TEX",,28,"24.7527777","",,,,"","","","",,,"40","sa3015286"
"Julian Garcia","SP","MIL",,28,"18.3055555","",,,,"","","","",,,"40",
"Carlos Virahonda","C","ARI",,28,"20.6361111","30 / 50",50,50,"GapToGap","30 / 40","40 / 45","20 / 20","50 / 55",,0.251,"40","sa3021144"
"Connor Cooke","SIRP","TOR",,28,"26.75","",,,,"","","","",,,"40","sa3017822"
"C.J. Culpepper","MIRP","MIN",,28,"24.75","",,,,"","","","",,,"40","sa3020563"
"Henry Baez","SP","ATH",,28,"23.8055555","",,,,"","","","",,,"35+","sa3016584"
"Drue Hackenberg","SP","ATL",,28,"24.3361111","",,,,"","","","",,,"35+","sa3023304"
"Chris Kean","SIRP","NYY",,28,"24.1388888","",,,,"","","","",,,"35+","sa3023576"
"Griffin Burkholder","CF","PHI",,28,"20.9222222","20 / 30",40,30,"GapToGap","25 / 45","40 / 55","70 / 70","40 / 55","OF",,"35+","sa3025418"
"Eli Lovich","RF","CHC",,28,"21","20 / 40",50,45,"Oppo","20 / 50","45 / 60","40 / 40","20 / 40","OF",,"35+","sa3067332"
"Josh Mallitz","MIRP","SDP",,28,"24.7833333","",,,,"","","","",,,"35+","sa3025568"
"Max Martin","MIRP","HOU",,28,"22.65","",,,,"","","","",,,"35+","sa3037193"
"Nathan Taylor","SP","SEA",,28,"21.3805555","",,,,"","","","",,,"35+","sa3043582"
"Blake Larson","SP","CHW",,28,"20.4583333","",,,,"","","","",,,"35+","sa3069438"
"Blake Morgan","SP","TBR",,29,"23.1138888","",,,,"","","","",,,"40+","sa3038359"
"Tyson Guerrero","SIRP","KCR",,29,"27.4611111","",,,,"","","","",,,"40","sa3017140"
"Caleb Lomavita","C","WSN",,29,"23.7055555","30 / 35",40,40,"InsideOut","35 / 45","50 / 55","40 / 40","40 / 50",,,"40","sa3025404"
"Reggie Crawford","SIRP","SFG",,29,"25.6611111","",,,,"","","","",,,"40","sa3020457"
"Jacob Madrid","C","NYM",,29,"18.75","20 / 35",40,30,"InsideOut","20 / 45","40 / 50","50 / 40","45 / 60",,,"40",
"César Prieto","2B","STL",,29,"27.2277777","55 / 55",30,70,"PoleToPole","35 / 35","40 / 40","40 / 40","40 / 40","2B/3B/SS",,"40","30163"
"Yorman Gómez","SIRP","CLE",,29,"23.7277777","",,,,"","","","",,,"40","sa3015931"
"Joendry Vargas","SS","LAD",,29,"20.7333333","20 / 30",50,55,"GapToGap","20 / 50","40 / 60","50 / 45","40 / 60","SS/3B",0.27,"40","sa3021067"
"Jaiden Lo Re","SS","BAL",,29,"19.4777777","25 / 55",40,55,"Pull","20 / 40","30 / 40","55 / 55","45 / 55","2B/3B/SS/CF",0.284,"40","sa3069280"
"Jack Mahoney","SIRP","COL",,29,"24.9694444","",,,,"","","","",,,"40","sa3023157"
"William Kempner","SIRP","MIA",,29,"25.1222222","",,,,"","","","",,,"40","31615"
"Yordanny Monegro","SIRP","BOS",,29,"23.8","",,,,"","","","",,,"40","sa3015476"
"Keiner Delgado","SS","PIT",,29,"22.575","30 / 40",45,40,"Pull","30 / 30","40 / 40","60 / 60","50 / 55","2B/SS",,"40","sa3018397"
"Gage Workman","3B","DET",,29,"26.7722222","20 / 20",30,40,"PoleToPole","40 / 45","55 / 55","55 / 55","70 / 70","3B/SS",,"40","27573"
"Carter Baumler","SP","TEX",,29,"24.5055555","",,,,"","","","",,,"40","30231"
"Daniel Dickinson","2B","MIL",,29,"22.6583333","30 / 50",50,60,"Pull","30 / 40","40 / 45","40 / 40","30 / 40",,,"40","sa3030286"
"Andrew Hoffmann","SIRP","ARI",,29,"26.5","",,,,"","","","",,,"40","29633"
"Chay Yeager","SIRP","TOR",,29,"23.8916666","",,,,"","","","",,,"40","sa3023254"
"Marco Raya","MIRP","MIN",,29,"23.9861111","",,,,"","","","",,,"40","30166"
"Gunnar Hoglund","SP","ATH",,29,"26.625","",,,,"","","","",,,"35+","31318"
"Ryjeteri Merite","SP","CIN",,29,"20.6277777","",,,,"","","","",,,"35+","sa3025117"
"Yeferson Vargas","SIRP","LAA",,29,"21.9944444","",,,,"","","","",,,"35+","sa3021044"
"Ethan Bagwell","SP","ATL",,29,"20.4388888","",,,,"","","","",,,"35+","sa3025661"
"Luis Velasquez","SIRP","NYY",,29,"25.0861111","",,,,"","","","",,,"35+","sa3010135"
"Jean Cabrera","SP","PHI",,29,"24.7833333","",,,,"","","","",,,"35+","sa3015433"
"Juan Cabada","2B","CHC",,29,"18.2555555","25 / 55",70,55,"GapToGap","20 / 45","40 / 45","45 / 40","30 / 40",,,"35+","sa3067679"
"Lamar King Jr.","C","SDP",,29,"22.6527777","30 / 50",40,55,"GapToGap","30 / 35","45 / 50","30 / 30","30 / 45",,,"35+","sa3020279"
"Anthony Huezo","CF","HOU",,29,"20.75","20 / 30",45,35,"Pull","30 / 40","55 / 60","55 / 55","40 / 45","OF",,"35+","sa3022691"
"Trevor Lucas","3B","SEA",,29,"21.225","",,,,"","","","",,,"35+","sa3059864"
"George Wolkow","RF","CHW",,29,"20.5583333","20 / 20",40,40,"PoleToPole","25 / 55","60 / 80","45 / 40","30 / 40","OF",,"35+","sa3022817"
"TJ Nichols","MIRP","TBR",,30,"24.1055555","",,,,"","","","",,,"40+","sa3023039"
"Justin LeGuernic","SIRP","KCR",,30,"20.8166666","",,,,"","","","",,,"40","sa3036183"
"Seaver King","SS","WSN",,30,"23.2694444","30 / 40",30,50,"Oppo","30 / 40","50 / 50","60 / 60","30 / 45","2B/3B/SS/OF",,"40","sa3025414"
"Josh Bostick","SIRP","SFG",,30,"24.7833333","",,,,"","","","",,,"40","sa3022857"
"Marco Vargas","SS","NYM",,30,"21.2166666","35 / 50",60,55,"InsideOut","20 / 30","30 / 30","60 / 60","40 / 50","2B/SS",,"40","sa3018632"
"Yhoiker Fajardo","SP","STL",,30,"19.8305555","",,,,"","","","",,,"40","sa3024273"
"Jogly Garcia","SIRP","CLE",,30,"22.9","",,,,"","","","",,,"40","sa3019633"
"Luke Fox","SIRP","LAD",,30,"24.5777777","",,,,"","","","",,,"40","sa3023673"
"Kevin Roberts Jr.","1B","BAL",,30,"18.0138888","25 / 50",50,55,"GapToGap","20 / 45","40 / 50","45 / 45","30 / 40","1B/OF",,"40",
"JB Middleton","MIRP","COL",,30,"22.6888888","",,,,"","","","",,,"40","sa3037985"
"Brandon White","SP","MIA",,30,"26.6833333","",,,,"","","","",,,"40","sa3020589"
"Yordany De Los Santos","SS","PIT",,30,"21.4583333","20 / 40",35,45,"Oppo","30 / 50","45 / 60","50 / 50","40 / 50","2B/SS/3B",,"40","sa3018408"
"Jackson Strong","CF","DET",,30,"22.9333333","20 / 30",50,30,"Pull","35 / 45","45 / 50","60 / 60","45 / 55",,,"40","sa3025551"
"Tate Kuehner","MIRP","MIL",,30,"25.4861111","",,,,"","","","",,,"40","sa3023099"
"Hayden Durke","SIRP","ARI",,30,"24.2527777","",,,,"","","","",,,"40","sa3022733"
"Javen Coleman","SIRP","TOR",,30,"24.6638888","",,,,"","","","",,,"40","sa3029151"
"Kyle Bischoff","SIRP","MIN",,30,"27.0083333","",,,,"","","","",,,"40","sa3022176"
"A.J. Causey","SIRP","ATH",,30,"23.7027777","",,,,"","","","",,,"35+","sa3028661"
"Mulivai Levu","1B","CIN",,30,"21.9777777","35 / 55",40,60,"GapToGap","30 / 40","45 / 45","30 / 30","30 / 50",,,"35+","sa3036284"
"Cody Laweryson","SIRP","LAA",,30,"28.2277777","",,,,"","","","",,,"35+","26429"
"Hayden Harris","SIRP","ATL",,30,"27.4166666","",,,,"","","","",,,"35+","31913"
"Thomas  Balboni Jr.","SIRP","NYY",,30,"26.0722222","",,,,"","","","",,,"35+","sa3020861"
"Ho Hua","SP","PHI",,30,"18.0583333","",,,,"","","","",,,"35+",
"Allan Castro","RF","BOS",,30,"23.1888888","30 / 40",60,40,"Pole to Pole","35 / 50","50 / 55","45 / 45","45 / 50","RF/LF/CF",,"35+","sa3016084"
"Jacob Johnson","SP","TEX",,30,"20.2083333","",,,,"","","","",,,"35+","sa3069384"
"BJ Murray","3B","CHC",,30,"26.575","45 / 50",60,50,"Oppo/Pull","40 / 40","45 / 45","45 / 45","50 / 50","1B/3B",,"35+","sa3017287"
"Isaiah Lowe","MIRP","SDP",,30,"23.2361111","",,,,"","","","",,,"35+","sa3020864"
"Jase Mitchell","C","HOU",,30,"19.8388888","30 / 45",40,55,"GapToGap","20 / 40","30 / 50","40 / 40","20 / 45",,,"35+","sa3069286"
"Landon Hodge","C","CHW",,30,"19.4555555","20 / 40",,40,"GapToGap","25 / 45","35 / 40","50 / 45","25 / 50",,,"35+","sa3069268"
"Dean Moss","RF","TBR",,31,"20.2916666","20 / 40",55,40,"PoleToPole","25 / 55","55 / 60","50 / 45","30 / 50","2B/OF",,"40+","sa3069262"
"Cooper Harris","SP","WSN",,31,"18.1416666","",,,,"","","","",,,"40",
"Drake George","MIRP","SFG",,31,"24.8388888","",,,,"","","","",,,"40","sa3067033"
"Yovanny Rodriguez","C","NYM",,31,"19.7361111","20 / 30",60,30,"Pull","25 / 45","45 / 50","30 / 30","40 / 50",,,"40","sa3023720"
"Leonel Sequera","SP","STL",,31,"20.9888888","",,,,"","","","",,,"40","sa3019268"
"Juan Brito","2B","CLE",,31,"24.8555555","45 / 45",40,50,"GapToGap","45 / 45","45 / 45","40 / 40","40 / 40","1B/2B/RF",,"40","26693"
"Sterling Patick","MIRP","LAD",,31,"21.1472222","",,,,"","","","",,,"40","sa3024981"
"Jemone Nuel","CF","BAL",,31,"19.5805555","20 / 45",60,45,"GapToGap","20 / 40","30 / 45","70 / 70","40 / 60","2B/SS/CF",0.323,"40","sa3024356"
"Sean Sullivan","MIRP","COL",,31,"24.0277777","",,,,"","","","",,,"40","33502"
"Maximo Acosta","SS","MIA",,31,"23.7583333","40 / 45",40,50,"GapToGap","40 / 40","45 / 45","55 / 55","50 / 50","2B/SS",,"40","27963"
"Sammy Stafura","SS","PIT",,31,"21.7138888","20 / 35",50,40,"Pull","20 / 40","40 / 50","60 / 60","40 / 55","2B/SS",,"40","sa3022612"
"Ty Madden","SP","DET",,31,"26.4472222","",,,,"","","","",,,"40","30140"
"José Rodríguez","SS","MIL",,31,"17.5361111","20 / 40",,45,,"20 / 30","30 / 40","50 / 55","45 / 70",,,"40","sa3075073"
"Yordin Chalas","SIRP","ARI",,31,"22.5","",,,,"","","","",,,"40","sa3021508"
"Ben Ross","SS","MIN",,31,"25.1555555","40 / 40",60,45,"InsideOut","35 / 40","40 / 40","55 / 55","55 / 55","1B/2B/3B/SS/OF",,"40","sa3020353"
"Jack Slightom","SP","KCR",,31,"18.3305555","",,,,"","","","",,,"35+",
"Zane Taylor","SIRP","ATH",,31,"24.1694444","",,,,"","","","",,,"35+","sa3043592"
"Dylan Bowen","2B","CIN",,31,"19.5083333","25 / 55",50,55,"Pull","20 / 40","40 / 45","40 / 40","30 / 40",,,"35+",
"Camden Minacci","SIRP","LAA",,31,"24.55","",,,,"","","","",,,"35+","sa3022728"
"Herick Hernandez","SIRP","ATL",,31,"22.975","",,,,"","","","",,,"35+","sa3025588"
"Sabier Marte","SP","NYY",,31,"22.4777777","",,,,"","","","",,,"35+","sa3019431"
"Reece Moroney","SS","PHI",,31,"21.3388888","30 / 45",50,45,"InsideOut","30 / 30","40 / 40","60 / 60","45 / 60",,,"35+","sa3038389"
"Yophery Rodriguez","CF","BOS",,31,"20.6583333","30 / 40",50,45,"PoleToPole","30 / 45","45 / 50","60 / 60","30 / 45","OF",,"35+","sa3021083"
"Marc Church","SIRP","TEX",,31,"25.3388888","",,,,"","","","",,,"35+","26353"
"Jace Beck","SIRP","CHC",,31,"26.1333333","",,,,"","","","",,,"35+","sa3011811"
"Anthony Millan","CF","HOU",,31,"18.2194444","20 / 40",55,50,"GapToGap","20 / 45","40 / 55","60 / 60","20 / 50","LF/CF",,"35+","sa3067769"
"Charles McAdoo","3B","TOR",,31,"24.4055555","30 / 35",50,30,"GapToGap","50 / 50","55 / 60","40 / 40","30 / 40","1B/3B/LF/RF",,"35+","33323"
"Mathias LaCombe","SIRP","CHW",,31,"24.1388888","",,,,"","","","",,,"35+","sa3067312"
"Fabricio Blanco","2B","TBR",,32,"17.8138888","25 / 60",,60,,"20 / 40","30 / 40","50 / 50","30 / 50",,,"40+","sa3075074"
"Coy James","SS","WSN",,32,"19.4611111","20 / 35",45,40,"GapToGap","25 / 50","45 / 55","60 / 60","40 / 50","2B/3B/SS/OF",,"40","sa3069277"
"Juan Rujano","C","STL",,32,"18.6333333","25 / 45",50,40,"Pull","25 / 50","40 / 60","30 / 30","25 / 50",,,"40","sa3067752"
"Dean Curley","3B","CLE",,32,"22.2972222","30 / 45",50,45,"InsideOut","30 / 50","55 / 60","50 / 50","30 / 35",,,"40","sa3029706"
"Jacob Frost","SIRP","LAD",,32,"23.2166666","",,,,"","","","",,,"40","sa3031744"
"José Peña","SS","BAL",,32,"17.9611111","20 / 45",55,40,"Pull","20 / 50","30 / 50","60 / 60","40 / 50","2B/3B/SS",,"40","sa3067127"
"Liomar Martinez","SIRP","MIA",,32,"21.1027777","",,,,"","","","",,,"40","sa3019612"
"Chris Rembert*","2B","PIT",,32,"21.075","30 / 40",45,45,"Oppo","35 / 45","50 / 50","55 / 55","40 / 50",,,"40","sa3060352"
"Jake Miller","MIRP","DET",,32,"25.0972222","",,,,"","","","",,,"40","sa3020408"
"Bryce Meccage","SP","MIL",,32,"20.3638888","",,,,"","","","",,,"40","sa3067069"
"Sandro Santana","SIRP","ARI",,32,"21.4027777","",,,,"","","","",,,"40","sa3021030"
"Khadim Diaw","C","MIN",,32,"22.9416666","30 / 40",40,40,"GapToGap","30 / 45","45 / 50","50 / 50","30 / 45","C/OF",,"40","sa3025259"
"Josh Hansell","SIRP","KCR",,32,"24.4861111","",,,,"","","","",,,"35+","sa3023158"
"Diego Velasquez","SS","SFG",,32,"22.8361111","45 / 55",50,55,"Gaps/Oppo","30 / 35","40 / 40","45 / 45","45 / 50","2B/SS",,"35+","sa3016144"
"Jose Parra","SP","ATH",,32,"20.5888888","",,,,"","","","",,,"35+","sa3024574"
"Kevin Abel","MIRP","CIN",,32,"27.4527777","",,,,"","","","",,,"35+","sa3017879"
"Yordan Rodriguez","SP","NYM",,32,"18.5083333","",,,,"","","","",,,"35+","sa3068123"
"Ubaldo Soto","SP","LAA",,32,"20.0555555","",,,,"","","","",,,"35+","sa3022015"
"Angel Carmona","SS","ATL",,32,"18.7638888","20 / 40",40,40,,"20 / 45","30 / 50","50 / 50","30 / 50",,0.39,"35+","sa3068967"
"Chalniel Arias","SP","NYY",,32,"22.8916666","",,,,"","","","",,,"35+","sa3019370"
"Yeremmy Cabeza","SP","COL",,32,"22.4194444","",,,,"","","","",,,"35+","sa3024202"
"John Spikerman","CF","PHI",,32,"23.3333333","30 / 40",50,40,"Gaps/Oppo","30 / 40","40 / 40","60 / 60","45 / 55","OF",,"35+","sa3025197"
"Marvin Alcantara","SS","BOS",,32,"21.75","20 / 30",50,45,,"20 / 35","30 / 40","60 / 60","50 / 60",,,"35+","sa3018558"
"Jay McQueen","LF","TEX",,32,"19.8055555","20 / 40",40,40,"Pull","20 / 50","50 / 60","45 / 45","40 / 50",,,"35+","sa3069321"
"Juan Tomas","3B","CHC",,32,"18.6777777","20 / 35",60,40,"GapToGap","20 / 50","35 / 60","60 / 60","30 / 45","SS/3B",,"35+","sa3067758"
"Michael Knorr","SIRP","HOU",,32,"26.2222222","",,,,"","","","",,,"35+","sa3020872"
"Brayden Martin","2B","TOR",,32,"20.8027777","35 / 70",45,70,"Oppo","20 / 20","20 / 20","60 / 60","30 / 40","2B/3B/OF",,"35+","sa3037139"
"Jairo Iriarte","SIRP","CHW",,32,"24.6305555","",,,,"","","","",,,"35+","26907"
"Marconi German","SS","WSN",,33,"18.8972222","25 / 55",55,50,"GapToGap","20 / 40","30 / 45","55 / 55","40 / 55","2B/SS",,"40","sa3067715"
"Emanuel Luna","OF","STL",,33,"17.5472222","20 / 40",,40,,"25 / 55","50 / 60","50 / 50","30 / 50",,,"40","sa3069441"
"Andrew Walters","SIRP","CLE",,33,"25.65","",,,,"","","","",,,"40","33834"
"Jaron Elkins","CF","LAD",,33,"21.7444444","20 / 30",55,30,"PoleToPole","35 / 45","50 / 55","60 / 60","40 / 50",,0.46,"40","sa3023288"
"Will Plunkett","SS","BAL",,33,"18.4138888","20 / 45",40,45,"GapToGap","20 / 45","35 / 50","55 / 55","40 / 50",,,"40",
"Jacob Kisting","SP","TBR",,33,"23.3138888","",,,,"","","","",,,"40","sa3035468"
"Nate Payne","SP","MIA",,33,"20.9527777","",,,,"","","","",,,"40","sa3067390"
"Carlson Reed","MIRP","PIT",,33,"23.6805555","",,,,"","","","",,,"40","sa3022793"
"Paul Wilson","SIRP","DET",,33,"21.6416666","",,,,"","","","",,,"40","sa3023596"
"Gavin Conticello","RF","ARI",,33,"23.1416666","30 / 35",40,40,"Pull","45 / 50","55 / 55","55 / 55","45 / 50",,0.353,"40","sa3017770"
"Eduardo Beltre","RF","MIN",,33,"19.8111111","20 / 40",40,40,"Pull","25 / 50","50 / 60","50 / 50","35 / 55",,,"40","sa3024928"
"Javier Mogollon","2B","CHW",,33,"20.7527777","20 / 30",50,20,"InsideOut","25 / 50","45 / 55","60 / 60","30 / 50","2B/SS",,"35+","sa3021855"
"Eric Cerantola","SIRP","KCR",,33,"26.25","",,,,"","","","",,,"35+","30128"
"Carlos Gutierrez","LF","SFG",,33,"21.9444444","40 / 55",45,60,"Oppo","30 / 40","40 / 45","50 / 50","40 / 50","LF/RF",,"35+","sa3022336"
"Stevie Emanuels","SIRP","ATH",,33,"27.5055555","",,,,"","","","",,,"35+","sa3014698"
"Jay Allen II","CF","CIN",,33,"23.6944444","20 / 30",45,30,"GapToGap","30 / 40","45 / 50","60 / 60","55 / 60","OF",,"35+","sa3017403"
"Peter Kussow","SP","NYM",,33,"19.65","",,,,"","","","",,,"35+","sa3069274"
"Junior Suriel","RF","LAA",,33,"17.9416666","20 / 55",,,"GapToGap","20 / 45","30 / 50","40 / 40","30 / 50",,,"35+","sa3067773"
"Brett Sears","SP","ATL",,33,"26.25","",,,,"","","","",,,"35+","sa3041892"
"Alexander Almonte","MIRP","NYY",,33,"19.8833333","",,,,"","","","",,,"35+","sa3024593"
"Landyn Vidourek","RF","COL",,33,"22.7388888","30 / 35",60,40,"Pull","40 / 50","55 / 60","60 / 60","40 / 50","OF",,"35+","sa3044483"
"Juan Villavicencio","SS","PHI",,33,"21.6888888","30 / 45",45,45,"PoleToPole","30 / 40","30 / 40","55 / 55","40 / 50","2B/3B/SS",0.38,"35+","sa3018494"
"Mason White","SS","BOS",,33,"22.8638888","30 / 35",40,40,"Pull/Lift","40 / 45","45 / 50","50 / 50","40 / 45",,,"35+","sa3045125"
"Hector Osorio","LF","TEX",,33,"21.3222222","30 / 50",50,55,"Pull","20 / 40","35 / 40","50 / 50","45 / 50","LF/RF",,"35+","sa3020461"
"Jacob Morrison","SP","MIL",,33,"22.8861111","",,,,"","","","",,,"35+","sa3038406"
"Nazier Mulé","SIRP","CHC",,33,"21.7972222","",,,,"","","","",,,"35+","sa3023566"
"Randy Arias","SS","HOU",,33,"17.8","20 / 40",,40,,"20 / 40","30 / 45","55 / 60","45 / 60",,,"35+",
"Ty Southisene","2B","TOR",,33,"21.0666666","30 / 50",50,60,"Oppo","20 / 20","20 / 30","60 / 60","35 / 45","2B/SS",,"35+","sa3066842"
"Yovanny Cruz","SIRP","WSN",,34,"26.9416666","",,,,"","","","",,,"40","22622"
"Cade Winquest","SIRP","STL",,34,"26.2555555","",,,,"","","","",,,"40","sa3020805"
"Logan Wagner","3B","LAD",,34,"22.3972222","20 / 30",60,30,"Poles/Gaps","30 / 50","55 / 60","40 / 40","30 / 40","1B/2B/3B",0.47,"40","sa3019932"
"Victor Figueroa","1B","BAL",,34,"22.5888888","30 / 35",30,55,"Oppo","35 / 55","60 / 65","20 / 20","30 / 40",,0.531,"40","sa3031322"
"Aidan Cremarosa","SP","TBR",,34,"22.8138888","",,,,"","","","",,,"40","sa3029549"
"Cam Kozeal","2B","MIA",,34,"21.725","30 / 40",40,40,"PoleToPole","35 / 50","50 / 50","45 / 45","40 / 45","2B/3B/SS",,"40","sa3035667"
"Edgleen Perez","C","PIT",,34,"20.1861111","30 / 40",70,50,"Oppo","20 / 30","30 / 40","40 / 40","45 / 55",,,"40","sa3021330"
"Michael Massey","SIRP","DET",,34,"23.325","",,,,"","","","",,,"40","sa3037259"
"Yu-Min Lin","SP","ARI",,34,"23.0555555","",,,,"","","","",,,"40","sa3019278"
"Riley Gowens","MIRP","CHW",,34,"26.7888888","",,,,"","","","",,,"35+","sa3022948"
"Henry Williams","SP","KCR",,34,"24.8722222","",,,,"","","","",,,"35+","sa3020901"
"Charlie Szykowny","3B","SFG",,34,"26.0888888","40 / 50",30,55,"PoleToPole","40 / 45","60 / 60","40 / 40","35 / 40","1B/3B",,"35+","sa3022689"
"Jared Johnson","SIRP","ATH",,34,"25.3805555","",,,,"","","","",,,"35+","sa3011626"
"Victor Acosta","SS","CIN",,34,"22.1444444","30 / 40",40,55,"GapToGap","20 / 20","20 / 30","60 / 60","45 / 55","2B/SS",,"35+","sa3015705"
"Camden Lohman","SP","NYM",,34,"19.7416666","",,,,"","","","",,,"35+","sa3069289"
"Jhon Almonte","MIRP","LAA",,34,"19.7111111","",,,,"","","","",,,"35+","sa3067577"
"Cade Kuehler","SIRP","ATL",,34,"24.1888888","",,,,"","","","",,,"35+","sa3023306"
"Doug Nikhazy","MIRP","CLE",,34,"26.975","",,,,"","","","",,,"35+","30142"
"Robert Calaz","RF","COL",,34,"20.6944444","20 / 30",30,40,"GapToGap","30 / 50","60 / 70","40 / 40","20 / 40",,,"35+","sa3021078"
"Devin Saltiban","CF","PHI",,34,"21.4666666","20 / 30",40,30,"Pull","25 / 50","45 / 55","60 / 60","20 / 50","2B/CF",,"35+","sa3022827"
"Leighton Finley","SIRP","BOS",,34,"22.3916666","",,,,"","","","",,,"35+","sa3031345"
"Ben Peoples","SIRP","TEX",,34,"25.2527777","",,,,"","","","",,,"35+","26406"
"Ethan Dorchies","SP","MIL",,34,"19.7777777","",,,,"","","","",,,"35+","sa3067421"
"Marino Santy","SIRP","CHC",,34,"24.4111111","",,,,"","","","",,,"35+","sa3017422"
"Nick Potter","SIRP","HOU",,34,"22.475","",,,,"","","","",,,"35+","sa3060295"
"Brett Bateman","CF","TOR",,34,"24.3694444","35 / 55",50,60,"Oppo","20 / 30","30 / 40","60 / 60","40 / 50","OF",,"35+","sa3022603"
"Mike Paredes","MIRP","MIN",,34,"26.0138888","",,,,"","","","",,,"35+","30187"
"Eriq Swan","SIRP","WSN",,35,"24.7555555","",,,,"","","","",,,"40","sa3023514"
"Luis Gastelum","SIRP","STL",,35,"24.8472222","",,,,"","","","",,,"40","33027"
"Ching-Hsien Ko","RF","LAD",,35,"19.975","30 / 45",40,40,"GapToGap","25 / 45","45 / 55","50 / 50","40 / 50","LF/RF",0.42,"40","sa3025230"
"Trace Bright","SIRP","BAL",,35,"25.7666666","",,,,"","","","",,,"40","sa3020558"
"Emmanuel Hernandez","SP","TBR",,35,"17.7416666","",,,,"","","","",,,"40","sa3077272"
"Ethan Schiefelbein","SP","DET",,35,"20.3083333","",,,,"","","","",,,"40","sa3066595"
"Carson Kerce","SS","ARI",,35,"21.675","30 / 40",55,50,"InsideOut","30 / 45","45 / 45","60 / 60","40 / 45",,,"40","sa3035297"
"Alex Weingartner","TWP","CHW",,35,"18.6361111","20 / 30",40,30,"PoleToPole","25 / 50","55 / 60","60 / 60","30 / 50",,,"35+",
"Cameron Millar","SP","KCR",,35,"19.2416666","",,,,"","","","",,,"35+","sa3069267"
"Sabin Ceballos","3B","SFG",,35,"23.9583333","35 / 40",60,40,"GapToGap","30 / 40","40 / 45","40 / 40","45 / 55","3B/1B",,"35+","sa3022500"
"Gavin Turley","LF","ATH",,35,"22.7222222","20 / 30",40,30,"Pull","30 / 55","55 / 60","50 / 50","30 / 50",,0.381,"35+","sa3044148"
"Kyle Henley","CF","CIN",,35,"21.6305555","20 / 20",40,20,"Oppo","20 / 30","35 / 50","70 / 70","45 / 70","OF",,"35+","sa3023012"
"Jose Chirinos","SP","NYM",,35,"21.7944444","",,,,"","","","",,,"35+","sa3018859"
"Carlos Castillo","OF","LAA",,35,"17.8805555","25 / 55",,55,,"20 / 45","40 / 50","40 / 40","30 / 50",,,"35+",
"Jose Perdomo","3B","ATL",,35,"19.8666666","25 / 50",50,50,"InsideOut","25 / 45","45 / 50","40 / 40","35 / 50",,0.4,"35+","sa3025104"
"Nick Mitchell","CF","CLE",,35,"22.9138888","35 / 55",50,60,"GapToGap","30 / 30","40 / 40","60 / 60","40 / 50","LF/RF",,"35+","sa3025315"
"Max Belyeu","RF","COL",,35,"22.6305555","20 / 30",45,55,"PoleToPole","30 / 50","55 / 60","50 / 50","45 / 50",,,"35+","sa3026937"
"Dayber Cruceta","CF","PHI",,35,"18.3777777","25 / 50",55,55,"GapToGap","20 / 40","20 / 40","60 / 60","40 / 55","OF",,"35+","sa3067671"
"Deyvison De Los Santos","1B","MIA",,35,"23.1138888","30 / 35",30,40,"PoleToPole","40 / 50","70 / 70","40 / 30","30 / 30","1B/3B",,"35+","27969"
"Nelly Taylor","CF","BOS",,35,"23.5277777","30 / 40",40,40,,"35 / 45","50 / 55","60 / 60","40 / 50",,,"35+","sa3023426"
"Jacob Gonzalez","SS","PIT",,35,"24.1722222","30 / 35",40,40,"GapToGap","30 / 40","45 / 45","40 / 40","45 / 50","2B/3B/SS",,"35+","33225"
"Wilian Bormie","SIRP","TEX",,35,"23.4416666","",,,,"","","","",,,"35+","sa3020327"
"Matthew Wood","C","MIL",,35,"25.4166666","30 / 40",55,55,"PoleToPole","30 / 30","40 / 40","30 / 30","40 / 45",,,"35+","sa3019924"
"Connor Noland","SP","CHC",,35,"27.0333333","",,,,"","","","",,,"35+","sa3020834"
"Nick Monistere","2B","HOU",,35,"22.5138888","30 / 40",50,50,"Pull","30 / 45","45 / 45","55 / 55","30 / 40","1B/2B/3B/SS",,"35+","sa3038233"
"Sam Shaw","LF","TOR",,35,"20.4361111","35 / 60",50,70,"GapToGap","20 / 30","30 / 35","40 / 40","30 / 50",,,"35+","sa3022889"
"John Klein","SIRP","MIN",,35,"24.2777777","",,,,"","","","",,,"35+","32155"
"Christian Franklin","LF","WSN",,36,"26.6722222","40 / 45",60,40,"InsideOut","35 / 40","50 / 50","50 / 50","60 / 60","OF",,"40","sa3017510"
"Austin Love","SIRP","STL",,36,"27.5166666","",,,,"","","","",,,"40","sa3017609"
"Tre Broussard","CF","CLE",,36,"20.8638888","30 / 50",45,50,"Slash&Dash","30 / 40","40 / 45","70 / 70","45 / 55",,,"40","sa3058738"
"Luis Carias","SIRP","LAD",,36,"21.8388888","",,,,"","","","",,,"40","sa3021006"
"Sebastian Gongora","SP","BAL",,36,"24.9194444","",,,,"","","","",,,"40","sa3025644"
"Cooper Kinney","3B","TBR",,36,"23.5138888","30 / 40",30,45,"PoleToPole","30 / 50","50 / 55","40 / 40","30 / 40","1B/2B/3B",,"40","sa3017793"
"Jeancer Custodio","RF","PIT",,36,"17.7222222","20 / 40",,40,,"25 / 60","55 / 65","40 / 40","30 / 40",,,"40","sa3075048"
"Alberto Barriga","C","ARI",,36,"21.7138888","35 / 55",45,40,"Pull","20 / 30","30 / 40","55 / 55","45 / 60",,0.257,"40","sa3018595"
"Tyler Davis","SIRP","CHW",,36,"27.8305555","",,,,"","","","",,,"35+","34847"
"Dennis Colleran Jr.","SIRP","KCR",,36,"22.95","",,,,"","","","",,,"35+","sa3029168"
"Dylan Smith","SIRP","SFG",,36,"26.1777777","",,,,"","","","",,,"35+","30145"
"Ricky Duran","3B","ATH",,36,"17.8138888","20 / 40",,40,,"20 / 50","45 / 50","45 / 45","30 / 50",,,"35+","sa3075066"
"Yerlin Confidan","RF","CIN",,36,"23.6277777","20 / 30",60,30,"PoleToPole","35 / 55","60 / 70","50 / 40","30 / 50","LF/RF",,"35+","sa3015176"
"Shane Sdao","SP","NYM",,36,"22.8416666","",,,,"","","","",,,"35+","sa3041884"
"Kendri Fana","SP","LAA",,36,"17.5083333","",,,,"","","","",,,"35+","sa3069444"
"Connor Thomas","MIRP","ATL",,36,"28.175","",,,,"","","","",,,"35+","25873"
"Ethan Hedges","3B","COL",,36,"22.5361111","30 / 50",45,45,"GapToGap","30 / 40","45 / 45","50 / 50","50 / 60",,,"35+","sa3033512"
"Ruger Riojas","MIRP","PHI",,36,"23.0555555","",,,,"","","","",,,"35+","sa3040781"
"Josh White","MIRP","MIA",,36,"25.6888888","",,,,"","","","",,,"35+","31738"
"Blake Wehunt","MIRP","BOS",,36,"25.7305555","",,,,"","","","",,,"35+","sa3023220"
"Trei Cruz","SS","DET",,36,"28.075","35 / 40",55,55,"PoleToPole","40 / 40","50 / 50","50 / 50","45 / 45","3B/SS/CF",,"35+","27569"
"Elorky Rodriguez","LF","TEX",,36,"18.6","25 / 55",40,55,"Pull","20 / 40","40 / 45","45 / 45","30 / 50",,,"35+","sa3067697"
"Handelfry Encarnacion","CF","MIL",,36,"19.15","20 / 45",50,60,"Pull","20 / 45","45 / 50","45 / 45","45 / 50","OF",,"35+","sa3024124"
"Kade Snell","RF","CHC",,36,"24.0083333","30 / 45",50,45,"GapToGap","30 / 40","45 / 50","60 / 60","40 / 50","LF/RF",,"35+","sa3042672"
"Elaineiker Coronado","2B","TOR",,36,"18.8277777","30 / 55",60,60,"SlashAndDash","20 / 30","20 / 35","55 / 60","45 / 55",,,"35+","sa3067843"
"Tanner Schobel","SS","MIN",,36,"25.1611111","35 / 40",55,55,"GapToGap","30 / 35","40 / 45","60 / 60","50 / 50","2B/3B/SS",,"35+","sa3020009"
"Yeremy Cabrera","CF","WSN",,37,"21.0833333","30 / 40",50,30,"Uppercut","25 / 45","40 / 45","60 / 60","45 / 60","OF",,"40","sa3018549"
"Oliver Gonzalez","SP","LAD",,37,"19.7666666","",,,,"","","","",,,"40","sa3024789"
"Payton Eeles","2B","BAL",,37,"26.7111111","50 / 55",55,55,"GapToGap","30 / 30","30 / 30","55 / 55","40 / 45","2B/SS/LF",0.355,"40","sa3023622"
"Warel Solano","LF","TBR",,37,"18.8694444","20 / 45",40,40,"PoleToPole","20 / 55","40 / 55","50 / 50","30 / 40",,,"40","sa3067685"
"Christian Cerda","C","ARI",,37,"23.5972222","30 / 40",60,40,"GapToGap","30 / 40","40 / 50","30 / 30","40 / 55",,0.267,"40","sa3015623"
"Ricardo Olivar","C","MIN",,37,"24.9777777","35 / 40",40,40,"Pull","35 / 50","55 / 55","40 / 40","40 / 40","C/LF",,"35+","sa3015234"
"Shane Murphy","MIRP","CHW",,37,"25.5361111","",,,,"","","","",,,"35+","sa3020389"
"Brooks Bryan","C","KCR",,37,"22.05","30 / 35",45,40,"Lift","30 / 55","60 / 60","30 / 30","35 / 45",,,"35+","sa3027921"
"Scott Bandura","LF","SFG",,37,"25","30 / 40",50,45,"Pole to Pole","40 / 45","45 / 50","55 / 55","55 / 55","OF",,"35+","sa3022699"
"Ayden Johnson","3B","ATH",,37,"18.4694444","20 / 40",55,40,"Oppo","25 / 55","45 / 55","50 / 50","30 / 50",,0.208,"35+","sa3067681"
"Adolfo Sanchez","RF","CIN",,37,"19.8694444","20 / 35",40,40,"GapToGap","25 / 50","45 / 55","50 / 50","30 / 50",,,"35+","sa3023709"
"Cole Mathis","1B","NYM",,37,"23.0194444","35 / 45",50,55,"GapToGap","35 / 45","45 / 45","45 / 45","45 / 55",,,"35+","sa3037300"
"Cole Dennis","SIRP","ATL",,37,"17.9666666","",,,,"","","","",,,"35+",
"Nate Dohm","SP","STL",,37,"23.5638888","",,,,"","","","",,,"35+","sa3030418"
"Will Hynes","SP","CLE",,37,"19.0694444","",,,,"","","","",,,"35+","sa3069263"
"Roynier Hernandez","2B","COL",,37,"21.6555555","40 / 55",60,60,"GapToGap","20 / 30","30 / 40","45 / 45","45 / 55","2B/3B",,"35+","sa3018495"
"Deven Sheerin","SIRP","PHI",,37,"20.9833333","",,,,"","","","",,,"35+","sa3042119"
"Ryan Ignoffo","C","MIA",,37,"26.0305555","35 / 45",45,60,"InsideOut","30 / 40","50 / 50","40 / 40","45 / 50",,,"35+","sa3022573"
"Jace Mataczynski","SS","BOS",,37,"18.4138888","20 / 30",40,30,"Pull","20 / 45","45 / 60","50 / 50","40 / 55",,,"35+",
"Wilton Guerrero Jr.","SS","PIT",,37,"17.175","20 / 45",,50,,"20 / 30","30 / 35","70 / 70","45 / 60",,,"35+","sa3075055"
"Izaac Pacheco","3B","DET",,37,"23.7055555","30 / 30",45,40,"PoleToPole","40 / 50","65 / 65","45 / 40","40 / 45","1B/3B",,"35+","sa3016969"
"Ryan Lobus","SIRP","TEX",,37,"25.9","",,,,"","","","",,,"35+","sa3022744"
"Tyler Black","1B","MIL",,37,"26.0166666","50 / 50",70,50,"PoleToPole","30 / 40","45 / 45","60 / 60","30 / 40",,,"35+","29949"
"Pierce Coppola","SIRP","CHC",,37,"23.625","",,,,"","","","",,,"35+","sa3029364"
"Ryan Cooney","SS","TOR",,37,"21.8194444","",,,,"","","","",,,"35+","sa3029332"
"R.J. Sales","SP","WSN",,38,"23.0277777","",,,,"","","","",,,"40","sa3041437"
"Kiefer Lord","SIRP","BAL",,38,"24.1111111","",,,,"","","","",,,"40","sa3023135"
"Alexander Alberto","SIRP","TBR",,38,"24.75","",,,,"","","","",,,"40","sa3015986"
"Cody Boshell","RF","ARI",,38,"19.1861111","20 / 45",40,50,"Pull","25 / 60","60 / 60","40 / 40","30 / 40","1B/RF",,"40",
"Yovanny Duran","CF","MIN",,38,"18.7472222","20 / 40",60,45,"GapToGap","25 / 50","45 / 50","55 / 50","45 / 50","OF",,"35+","sa3067747"
"Grant Umberger","SP","CHW",,38,"24.8","",,,,"","","","",,,"35+","sa3067156"
"Jose Cerice","3B","KCR",,38,"21.2222222","35 / 55",40,60,"GapToGap","20 / 40","40 / 50","40 / 40","35 / 45",,,"35+","sa3024375"
"Niko Mazza","SIRP","SFG",,38,"24.45","",,,,"","","","",,,"35+","sa3037404"
"Darwing Ozuna","RF","ATH",,38,"18.3555555","20 / 30",40,30,"Pull","20 / 55","40 / 60","60 / 60","30 / 50",,0.391,"35+","sa3068179"
"Alfredo Alcantara","2B","CIN",,38,"20.7694444","20 / 35",60,30,"Pull","25 / 50","50 / 55","60 / 60","30 / 40","2B/3B/SS",,"35+","sa3022184"
"Bruin Agbayani","2B","NYM",,38,"19.35","25 / 60",45,60,"GapToGap","20 / 30","30 / 40","45 / 45","40 / 50",,,"35+","sa3069188"
"Ryne Barker","3B","ATL",,38,"19.6472222","25 / 55",55,50,"GapToGap","20 / 30","35 / 40","45 / 45","30 / 50",,,"35+",
"Blake Aita","SP","STL",,38,"23.1416666","",,,,"","","","",,,"35+","sa3025822"
"Aidan Major","SP","CLE",,38,"23.1944444","",,,,"","","","",,,"35+","sa3036887"
"Aidan Foeller","SP","LAD",,38,"24.35","",,,,"","","","",,,"35+","sa3025616"
"Michael Prosecky","SP","COL",,38,"25.4222222","",,,,"","","","",,,"35+","sa3020526"
"Wen-Hui Pan","SIRP","PHI",,38,"23.8694444","",,,,"","","","",,,"35+","sa3020878"
"José Castro","RF","MIA",,38,"19.7555555","20 / 35",45,40,"Pull","25 / 55","45 / 60","45 / 45","30 / 50",,,"35+","sa3023752"
"Starlyn Nunez","SS","BOS",,38,"20.8111111","20 / 30",30,40,"GapToGap","20 / 40","40 / 50","60 / 60","40 / 55","2B/3B/SS/CF",,"35+","sa3021216"
"Tyler Callihan","2B","PIT",,38,"26.1111111","30 / 40",40,40,"Pull","40 / 45","55 / 55","50 / 50","40 / 40","1B/2B/LF",,"35+","27497"
"River Hamilton","SP","DET",,38,"19.8277777","",,,,"","","","",,,"35+","sa3069294"
"Enrique Segura","MIRP","TEX",,38,"21.6194444","",,,,"","","","",,,"35+","sa3019147"
"Kenny Fenelon","CF","MIL",,38,"18.8388888","20 / 40",55,30,"Pull","25 / 50","50 / 60","60 / 60","35 / 50","OF",,"35+","sa3067474"
"Yondrei Rojas","SIRP","TOR",,38,"23.6944444","",,,,"","","","",,,"35+","sa3016783"
"Micah Ashman","MIRP","BAL",,39,"23.9444444","",,,,"","","","",,,"40","sa3025559"
"Trevor Martin","SIRP","TBR",,39,"25.6305555","",,,,"","","","",,,"40","31878"
"Chung-Hsiang Huang","SP","ARI",,39,"20.7666666","",,,,"","","","",,,"40","sa3067525"
"Kyle DeBarge","SS","MIN",,39,"23.0472222","30 / 45",45,55,"Pull","35 / 40","35 / 35","60 / 60","45 / 50","2B/SS/LF/CF",,"35+","sa3025260"
"Truman Pauley","MIRP","CHW",,39,"22.6","",,,,"","","","",,,"35+","sa3039559"
"Frank Mozzicato","SIRP","KCR",,39,"23.1194444","",,,,"","","","",,,"35+","sa3018242"
"Josh Randall","SP","WSN",,39,"23.7972222","",,,,"","","","",,,"35+","sa3025585"
"Wilkin Ramos","SIRP","SFG",,39,"25.7555555","",,,,"","","","",,,"35+","23988"
"Simon Miller","SIRP","CIN",,39,"25.9","",,,,"","","","",,,"35+","sa3023311"
"Heriberto Rincon","CF","NYM",,39,"20.4611111","20 / 40",40,40,"InsideOut","20 / 50","45 / 55","60 / 60","40 / 50","OF",,"35+","sa3021238"
"Starlyn De La Cruz","CF","ATL",,39,"17.7722222","20 / 50",,50,,"20 / 40","30 / 40","60 / 60","45 / 60",,,"35+","sa3075080"
"Braden Davis","SP","STL",,39,"23.3138888","",,,,"","","","",,,"35+","sa3029886"
"Dylan DeLucia","MIRP","CLE",,39,"26.0027777","",,,,"","","","",,,"35+","sa3024964"
"Russell Sandefer","SP","LAD",,39,"21.3472222","",,,,"","","","",,,"35+","sa3060483"
"Ben Shields","SIRP","COL",,39,"27.525","",,,,"","","","",,,"35+","sa3023483"
"Titan Kennedy-Hayes","SIRP","PHI",,39,"24.7222222","",,,,"","","","",,,"35+","sa3025462"
"Victor Ortega","C","MIA",,39,"22.5361111","35 / 60",60,70,"GapToGap","20 / 30","30 / 35","40 / 40","30 / 50",,,"35+","sa3018439"
"Conrad Cason","SP","BOS",,39,"19.9861111","",,,,"","","","",,,"35+","sa3067316"
"Billy Cook","CF","PIT",,39,"27.5694444","30 / 30",50,30,"Pull","40 / 45","50 / 50","70 / 70","40 / 45","1B/OF",,"35+","29573"
"Ryan Hall","SP","DET",,39,"19.325","",,,,"","","","",,,"35+","sa3069282"
"Jesus Lafalaise","SIRP","TEX",,39,"21.4944444","",,,,"","","","",,,"35+","sa3024950"
"Brailyn Antunez","CF","MIL",,39,"18.6722222","20 / 40",55,50,"GapToGap","20 / 50","45 / 55","60 / 60","30 / 50","OF",,"35+","sa3067486"
"Fernando Perez","SP","TOR",,39,"22.4722222","",,,,"","","","",,,"35+","sa3018826"
"Juaron Watts-Brown","MIRP","BAL",,40,"24.4416666","",,,,"","","","",,,"40","sa3023352"
"Owen Wild","SIRP","TBR",,40,"24.0055555","",,,,"","","","",,,"40","sa3023278"
"Caden Grice","SP","ARI",,40,"24.1305555","",,,,"","","","",,,"40","sa3023166"
"Ramiro Dominguez","SS","MIN",,40,"19.35","25 / 50",45,55,"Pull","20 / 20","20 / 30","60 / 60","45 / 55","1B2B/SS/3B",,"35+","sa3023985"
"Carson Jacobs","SIRP","CHW",,40,"24.9583333","",,,,"","","","",,,"35+","sa3022872"
"Kamden Edge","SIRP","KCR",,40,"21.8583333","",,,,"","","","",,,"35+","sa3069069"
"Andry Lara","SP","WSN",,40,"23.5722222","",,,,"","","","",,,"35+","27967"
"Marques Johnson","SIRP","SFG",,40,"26.0777777","",,,,"","","","",,,"35+","sa3020741"
"Deivi Villafana","SIRP","CIN",,40,"23.1861111","",,,,"","","","",,,"35+","sa3025142"
"Colin Houck","SS","NYM",,40,"21.8388888","20 / 30",50,30,"Pull","20 / 45","45 / 55","55 / 55","40 / 50","3B/SS",,"35+","sa3022964"
"Jose Manon","SS","ATL",,40,"17.625","20 / 30",,30,,"20 / 50","40 / 55","50 / 40","40 / 50",,,"35+","sa3075041"
"Jose Davila","SP","STL",,40,"23.7305555","",,,,"","","","",,,"35+","sa3015092"
"Steven Pérez","SIRP","CLE",,40,"25.2805555","",,,,"","","","",,,"35+","sa3008362"
"Cody New","SP","LAD",,40,"21.4611111","",,,,"","","","",,,"35+","sa3038802"
"Braylen Wimmer","SS","COL",,40,"25.625","30 / 35",50,35,"GapToGap","35 / 45","45 / 45","50 / 50","45 / 50","SS/3B",,"35+","sa3022671"
"Luke Gabrysh","SIRP","PHI",,40,"23.2944444","",,,,"","","","",,,"35+","sa3031808"
"Johnny Olmstead","SS","MIA",,40,"26.0611111","35 / 40",50,40,"GapToGap","30 / 35","40 / 40","50 / 50","55 / 55","2B/3B/SS",,"35+","sa3022494"
"Jakson Gamboa","SP","BOS",,40,"19.4666666","",,,,"","","","",,,"35+","sa3068090"
"Cy Nielson","SIRP","PIT",,40,"25.4361111","",,,,"","","","",,,"35+","sa3020321"
"Jhonan Coba","SP","DET",,40,"20.0333333","",,,,"","","","",,,"35+","sa3025048"
"Josh Trentadue","MIRP","TEX",,40,"24.5194444","",,,,"","","","",,,"35+","sa3023010"
"Brock Wilken","3B","MIL",,40,"24.125","20 / 30",70,30,"Pull","45 / 50","55 / 55","40 / 40","35 / 40","1B/3B",,"35+","sa3022499"
"Kai Peterson","SIRP","TOR",,40,"23.9666666","",,,,"","","","",,,"35+","sa3023453"
"Cobb Hightower","SS","BAL",,41,"21.3944444","30 / 50",50,50,"UpThe Mid","20 / 30","30 / 35","60 / 60","40 / 50","2B/SS",,"40","sa3066025"
"Homer Bush Jr.","CF","TBR",,41,"24.8027777","30 / 40",40,40,"Slash&Dash","20 / 30","30 / 35","80 / 80","40 / 60","OF",,"40","sa3022480"
"Josh Grosz","SP","ARI",,41,"23.9083333","",,,,"","","","",,,"40","sa3023478"
"Jason Reitz","SP","MIN",,41,"22.025","",,,,"","","","",,,"35+","sa3040605"
"Sebastian Romero","LF","CHW",,41,"17.9111111","25 / 55",,55,,"20 / 45","40 / 50","40 / 40","30 / 50",,,"35+","sa3075085"
"Jaider Suárez","SS","KCR",,41,"17.6083333","20 / 45",,45,,"20 / 40","35 / 45","55 / 55","40 / 50",,,"35+","sa3075058"
"Jorgelys Mota","3B","WSN",,41,"21.1638888","20 / 20",40,20,"Oppo","20 / 55","60 / 65","60 / 60","40 / 60","3B/CF",,"35+","sa3019465"
"Logan Martin","MIRP","SFG",,41,"25.0416666","",,,,"","","","",,,"35+","sa3023213"
"Ty Floyd","SP","CIN",,41,"24.9277777","",,,,"","","","",,,"35+","sa3031488"
"Nate Lavender","SIRP","NYM",,41,"26.5333333","",,,,"","","","",,,"35+","sa3017917"
"Skylar Hales","SIRP","STL",,41,"24.7722222","",,,,"","","","",,,"35+","sa3022739"
"Jackson  Humphries","MIRP","CLE",,41,"22.0333333","",,,,"","","","",,,"35+","sa3021729"
"Jared Karros","SP","LAD",,41,"25.7111111","",,,,"","","","",,,"35+","sa3020859"
"Austin Smith","SIRP","COL",,41,"27.1111111","",,,,"","","","",,,"35+","sa3017071"
"Tegan Cain","SIRP","PHI",,41,"23.6666666","",,,,"","","","",,,"35+","sa3025465"
"Fenwick Trimble","LF","MIA",,41,"1.925","30 / 40",50,45,"Pull","40 / 50","50 / 55","50 / 50","50 / 50",,,"35+","sa3025202"
"Berny Ortiz","SP","BOS",,41,"20.9861111","",,,,"","","","",,,"35+","sa3067578"
"Irwin Ramirez","SP","PIT",,41,"19.5611111","",,,,"","","","",,,"35+","sa3024088"
"Gabriel Reyes","SP","DET",,41,"23.0861111","",,,,"","","","",,,"35+","sa3016833"
"Keith Jones II","RF","TEX",,41,"24.2583333","30 / 40",50,45,,"40 / 50","55 / 60","40 / 40","40 / 40",,,"35+","sa3025629"
"Eric Bitonti","1B","MIL",,41,"20.7083333","20 / 30",45,40,"GapToGap","30 / 50","60 / 70","30 / 30","35 / 40",,,"35+","sa3022866"
"Tyler Gough","SP","SEA",,41,"22.1361111","",,,,"","","","",,,"35+","sa3020865"
"Pedro Gomez","RF","BAL",,42,"17.8","20 / 40",,40,,"25 / 60","55 / 65","40 / 30","30 / 40",,,"40","sa3075068"
"Adrian Santana","SS","TBR",,42,"21.0388888","35 / 50",40,60,"GapToGap","20 / 30","20 / 30","60 / 60","45 / 55","2B/SS",,"40","sa3022890"
"Jacob Steinmetz","SP","ARI",,42,"23.0361111","",,,,"","","","",,,"40","sa3017976"
"Brett Renfrow","SP","MIN",,42,"21.5694444","",,,,"","","","",,,"35+","sa3040617"
"Dominic Battista","CF","KCR",,42,"18.7666666","20 / 30",40,30,"UpThe Middle","20 / 50","45 / 60","55 / 55","40 / 50",,,"35+",
"Angel Ramirez","CF","WSN",,42,"17.6888888","20 / 40",,40,,"20 / 50","40 / 55","55 / 45","30 / 40",,,"35+","sa3075086"
"Cody Delvecchio","SIRP","SFG",,42,"22.5472222","",,,,"","","","",,,"35+","sa3030108"
"Douglas Orellana","SIRP","NYM",,42,"24.2527777","",,,,"","","","",,,"35+","sa3016817"
"Jack Martinez","MIRP","STL",,42,"23.3888888","",,,,"","","","",,,"35+","sa3037172"
"Kendeglys Virguez","SIRP","CLE",,42,"22.2388888","",,,,"","","","",,,"35+","sa3018351"
"Nico Perez","2B","LAD",,42,"21.8666666","30 / 40",60,40,"Pull","35 / 50","45 / 50","50 / 50","30 / 40",,0.44,"35+","sa3023603"
"Blaine Crim","1B","COL",,42,"29.125","40 / 40",45,50,"PoleToPole","50 / 50","55 / 55","30 / 30","45 / 45",,,"35+","25714"
"Andrew Pintar","CF","MIA",,42,"25.3583333","30 / 35",50,30,"InsideOut","40 / 45","50 / 55","60 / 60","50 / 55",,,"35+","sa3020715"
"Gerardo Rodriguez","C","BOS",,42,"20.65","30 / 50",50,60,"GapToGap","20 / 35","40 / 45","30 / 20","45 / 55",,,"35+","sa3021614"
"David Matoma","SIRP","PIT",,42,"20.5","",,,,"","","","",,,"35+","sa3021761"
"Zane Barnhart","SIRP","DET",,42,"24.1722222","",,,,"","","","",,,"35+","sa3023226"
"Jack Wheeler","3B","TEX",,42,"20.0583333","20 / 40",40,40,"Pull","20 / 50","40 / 55","40 / 40","30 / 45",,,"35+","sa3069284"
"Diego Frontado","SS","MIL",,42,"17.8944444","20 / 50",,50,,"20 / 40","35 / 45","50 / 50","40 / 50",,,"35+","sa3075060"
"Gregory Barrios","SS","TBR",,43,"22.3166666","35 / 50",50,60,"Oppo","20 / 20","30 / 30","60 / 60","45 / 60","2B/SS",,"40","sa3015800"
"Alejandro Hidalgo","SIRP","MIN",,43,"23.1944444","",,,,"","","","",,,"35+","sa3015151"
"Kevin Bazzell","C","WSN",,43,"23.3416666","30 / 45",50,60,"Oppo","20 / 30","30 / 30","30 / 30","40 / 55",,,"35+","sa3025511"
"Aeverson Arteaga","SS","SFG",,43,"23.3777777","20 / 30",40,40,"Oppo","30 / 35","40 / 40","50 / 50","50 / 55","2B/SS/3B",,"35+","sa3014707"
"Felipe De La Cruz","SIRP","NYM",,43,"25.1833333","",,,,"","","","",,,"35+","sa3016065"
"Ethan Young","MIRP","STL",,43,"22.4972222","",,,,"","","","",,,"35+","sa3060988"
"Nolan Schubart","LF","CLE",,43,"22.2277777","20 / 30",50,30,"Pull","35 / 60","70 / 70","30 / 30","30 / 40","1B/LF/RF",,"35+","sa3041794"
"Kellon Lindsey","2B","LAD",,43,"20.8638888","20 / 40",45,40,"Oppo","20 / 50","40 / 50","80 / 80","30 / 40",,0.48,"35+","sa3067042"
"Cameron Weston","MIRP","BAL",,43,"25.9305555","",,,,"","","","",,,"35+","31696"
"Yujanyer Herrera","SIRP","COL",,43,"22.9583333","",,,,"","","","",,,"35+","sa3015370"
"Brandon Compton","LF","MIA",,43,"22.7638888","20 / 30",40,40,"GapToGap","30 / 50","60 / 60","60 / 55","35 / 50",,,"35+","sa3029229"
"Dalton Rogers","MIRP","BOS",,43,"24.5388888","",,,,"","","","",,,"35+","sa3020479"
"McLane Moody","SP","PIT",,43,"19.9083333","",,,,"","","","",,,"35+","sa3069306"
"Moises Rodriguez","SIRP","DET",,43,"24.4138888","",,,,"","","","",,,"35+","sa3017389"
"Paul Bonzagni","MIRP","TEX",,43,"24.3361111","",,,,"","","","",,,"35+","sa3022587"
"Ricki Moneys","3B","MIL",,43,"17.8138888","20 / 40",,40,,"25 / 55","50 / 60","40 / 40","30 / 40",,,"35+","sa3075043"
"Elian De La Cruz","RF","ARI",,43,"18.8527777","20 / 40",50,40,"Pull","25 / 55","50 / 60","40 / 40","30 / 50",,,"35+","sa3067695"
"Austin Overn","CF","TBR",,44,"23.2277777","30 / 35",50,30,"Pull","30 / 45","45 / 50","70 / 70","50 / 50","OF",,"40","sa3025408"
"Darren Bowen","SIRP","MIN",,44,"25.4972222","",,,,"","","","",,,"35+","sa3020945"
"Angel Feliz","3B","WSN",,44,"19.7111111","25 / 45",60,50,"Oppo","20 / 40","35 / 45","40 / 40","35 / 55","2B/3B/SS",,"35+","sa3023892"
"Maui Ahuna","SS","SFG",,44,"24.3916666","20 / 30",50,40,"Oppo","30 / 40","50 / 50","50 / 50","45 / 55","2B/SS/3B",,"35+","sa3023373"
"Peyton Prescott","SIRP","NYM",,44,"22.2166666","",,,,"","","","",,,"35+","sa3040183"
"Mason Molina","MIRP","STL",,44,"23.0666666","",,,,"","","","",,,"35+","sa3025586"
"Chase Mobley","SP","CLE",,44,"20.1583333","",,,,"","","","",,,"35+","sa3067542"
"Reyli Mariano","2B","LAD",,44,"19.7361111","25 / 50",50,50,"GapToGap","20 / 45","30 / 45","60 / 60","30 / 50","2B/SS/3B/LF",0.26,"35+","sa3023970"
"Jud Fabian","CF","BAL",,44,"25.8472222","20 / 20",55,20,"PoleToPole","30 / 45","55 / 55","60 / 60","60 / 60","OF",0.385,"35+","sa3019942"
"Carson Palmquist","MIRP","COL",,44,"25.7916666","",,,,"","","","",,,"35+","31612"
"Andres Valor","CF","MIA",,44,"20.7333333","20 / 30",55,40,"Pull","30 / 50","50 / 60","55 / 55","40 / 50",,,"35+","sa3021278"
"Jose Bello","SP","BOS",,44,"21.175","",,,,"","","","",,,"35+","sa3021530"
"Neomar Urbina","SIRP","PIT",,44,"17.8166666","",,,,"","","","",,,"35+",
"Joseph Montalvo","SP","DET",,44,"24.2444444","",,,,"","","","",,,"35+","sa3018802"
"Hudson Calhoun","SIRP","TEX",,44,"21.9944444","",,,,"","","","",,,"35+","sa3028264"
"Leanders Matos","3B","MIL",,44,"17.0833333","20 / 45",,45,,"20 / 50","30 / 55","45 / 50","30 / 50",,,"35+","sa3076667"
"Blake Walston","SP","ARI",,44,"25.0944444","",,,,"","","","",,,"35+","26270"
"Garrett Horn","SIRP","MIN",,45,"23.3583333","",,,,"","","","",,,"35+","sa3034093"
"Brayan Cortesia","SS","WSN",,45,"18.7166666","20 / 45",55,50,"Oppo","20 / 40","40 / 45","45 / 45","40 / 45","2B/SS",,"35+","sa3067686"
"Alexander Fuentes","SIRP","SFG",,45,"21.5527777","",,,,"","","","",,,"35+","sa3024072"
"Luis Alvarez","SIRP","NYM",,45,"23.2416666","",,,,"","","","",,,"35+","sa3016847"
"Frank Elissalt","SIRP","STL",,45,"24.3527777","",,,,"","","","",,,"35+","sa3025634"
"Alexander Garcia","SP","CLE",,45,"20.0138888","",,,,"","","","",,,"35+","sa3024792"
"Samuel Munoz","LF","LAD",,45,"21.8611111","35 / 55",50,60,"Pull","30 / 45","35 / 50","40 / 40","30 / 50",,0.42,"35+","sa3018407"
"Cameron Foster","SIRP","BAL",,45,"27.375","",,,,"","","","",,,"35+","31942"
"Jordy Vargas","SP","COL",,45,"22.7388888","",,,,"","","","",,,"35+","sa3016052"
"Collin Bland","1B","TBR",,45,"18.7916666","20 / 30",40,30,"Pull","25 / 60","70 / 70","30 / 30","20 / 30",,,"35+",
"Eliazar Dishmey","MIRP","MIA",,45,"21.7694444","",,,,"","","","",,,"35+","sa3019181"
"Louis Andujar","3B","BOS",,45,"18.8527777","25 / 50",50,50,"Pull","25 / 45","30 / 40","40 / 40","30 / 40","2B/3B",,"35+","sa3068889"
"Hyun Seung Lee","3B","PIT",,45,"18.4666666","20 / 40",50,45,"GapToGap","20 / 45","40 / 50","55 / 55","30 / 40",,,"35+","sa3067735"
"Jaden Hamm","SP","DET",,45,"23.9083333","",,,,"","","","",,,"35+","sa3023134"
"Wande Torres","SIRP","MIL",,45,"21.5055555","",,,,"","","","",,,"35+","sa3019165"
"Spencer Giesting","MIRP","ARI",,45,"25.0833333","",,,,"","","","",,,"35+","sa3020402"
"Matt Barr","SP","MIN",,46,"20.5444444","",,,,"","","","",,,"35+","sa3069374"
"Daniel Hernandez","C","WSN",,46,"18.4611111","25 / 60",50,50,"GapToGap","20 / 30","20 / 30","40 / 40","30 / 45",,,"35+","sa3067734"
"Liam Simon","SIRP","SFG",,46,"25.7944444","",,,,"","","","",,,"35+","sa3020256"
"Luke McNeillie","SIRP","NYM",,46,"21.375","",,,,"","","","",,,"35+","sa3037734"
"Yordy Herrera","SIRP","STL",,46,"21.6666666","",,,,"","","","",,,"35+","sa3019643"
"Easton Shelton","1B","LAD",,46,"20.875","20 / 20",50,20,,"35 / 60","70 / 70","30 / 30","30 / 30",,0.53,"35+","sa3023287"
"Tanner Smith","SIRP","BAL",,46,"23.9916666","",,,,"","","","",,,"35+","sa3042645"
"RJ Petit","SIRP","COL",,46,"26.8583333","",,,,"","","","",,,"35+","sa3017848"
"Will Simpson","1B","TBR",,46,"24.9277777","35 / 45",40,40,"PoleToPole","40 / 50","55 / 60","30 / 30","45 / 50","1B/LF",,"35+","sa3022530"
"Pedro Montero","SP","MIA",,46,"19.0583333","",,,,"","","","",,,"35+","sa3068682"
"Garielvin Silverio","LF","BOS",,46,"17.7888888","25 / 50",,50,,"20 / 45","40 / 50","40 / 40","30 / 40",,,"35+","sa3075069"
"Gustavo Melendez","SS","PIT",,46,"18.7833333","20 / 45",50,45,"InsideOut","20 / 40","40 / 40","55 / 55","45 / 55","2B/SS/3B",,"35+","sa3069270"
"Tyler Owens","SIRP","DET",,46,"25.5638888","",,,,"","","","",,,"35+","26030"
"Eduardo Garcia","SS","MIL",,46,"24.0611111","20 / 30",30,30,"GapToGap","40 / 40","50 / 55","50 / 50","50 / 55","SS/3B/CF",,"35+","sa3008751"
"Dylan Ray","SP","ARI",,46,"25.2305555","",,,,"","","","",,,"35+","sa3020392"
"Santiago Rojas","MIRP","MIN",,47,"19.3166666","",,,,"","","","",,,"35+","sa3024585"
"Jose Feliz","SP","WSN",,47,"20.8138888","",,,,"","","","",,,"35+","sa3024069"
"Gerelmi Maldonado","SIRP","SFG",,47,"22.6138888","",,,,"","","","",,,"35+","sa3016018"
"Ronald Hernandez","C","NYM",,47,"22.775","30 / 40",50,40,"Gaps/Oppo","30 / 40","40 / 45","30 / 30","40 / 50","C/1B",,"35+","sa3015738"
"Randel Clemente","SIRP","STL",,47,"24.7083333","",,,,"","","","",,,"35+","sa3016003"
"Carson Hobbs","SIRP","LAD",,47,"24.4305555","",,,,"","","","",,,"35+","sa3023573"
"Joshua Liranzo","3B","BAL",,47,"19.9361111","20 / 30",40,40,"PoleToPole","30 / 50","45 / 60","40 / 40","35 / 50","1B/2B/3B",,"35+","sa3021198"
"Richard De Los Santos","3B","COL",,47,"17.2","20 / 40",,40,,"20 / 50","45 / 60","55 / 45","30 / 50",,,"35+","sa3075042"
"Jean Paredes","CF","TBR",,47,"17.6194444","20 / 50",60,50,"Pull","20 / 45","30 / 45","55 / 50","35 / 45","OF",,"35+","sa3075038"
"Joey Volini","SP","MIA",,47,"23.6055555","",,,,"","","","",,,"35+","sa3044555"
"Jared Jones","1B","PIT",,47,"23.0027777","30 / 30",45,40,"PoleToPole","35 / 55","60 / 70","30 / 30","30 / 40",,,"35+","sa3034881"
"Luis Aguilera","SS","DET",,47,"19.575","25 / 55",50,55,"GapToGap","20 / 40","35 / 45","55 / 55","40 / 50",,,"35+","sa3024374"
"Sean Episcope","MIRP","MIL",,47,"22.475","",,,,"","","","",,,"35+","sa3030964"
"Joe Elbis","SP","ARI",,47,"23.8555555","",,,,"","","","",,,"35+","sa3015216"
"Enrique Jimenez","C","MIN",,48,"20.7472222","20 / 35",60,40,"GapToGap","30 / 40","40 / 45","30 / 30","40 / 50","C/1B",,"35+","sa3021091"
"Sam Brown","1B","WSN",,48,"24.8916666","40 / 50",60,50,"InsideOut","30 / 40","45 / 45","40 / 40","40 / 50","1B/LF/RF",,"35+","sa3023367"
"Alberto Laroche","SP","SFG",,48,"20.6694444","",,,,"","","","",,,"35+","sa3025448"
"Edward Lantigua","LF","NYM",,48,"19.7472222","25 / 50",55,50,"GapToGap","20 / 45","40 / 50","45 / 45","30 / 50",,,"35+","sa3024476"
"Colton Ledbetter","RF","STL",,48,"24.7138888","30 / 35",50,35,"PoleToPole","40 / 50","55 / 55","50 / 40","50 / 50","CF/RF",,"35+","sa3022897"
"Isaac Ayon","SIRP","LAD",,48,"24.1333333","",,,,"","","","",,,"35+","sa3026340"
"Willy Vasquez","SS","BAL",,48,"24.9055555","20 / 30",40,30,"Pull","35 / 40","60 / 60","50 / 50","45 / 45","2B/3B/SS/OF",0.441,"35+","sa3011821"
"Ben Davis","SIRP","COL",,48,"22.0833333","",,,,"","","","",,,"35+","sa3058996"
"Deinys Gonzalez","C","TBR",,48,"19.5222222","20 / 45",40,55,"PoleToPole","25 / 50","50 / 55","30 / 30","30 / 45","C/1B",,"35+","sa3023774"
"Dameivi Tineo","SIRP","MIA",,48,"23.0027777","",,,,"","","","",,,"35+","sa3017726"
"Jason DeCaro","MIRP","PIT",,48,"20.2916666","",,,,"","","","",,,"35+","sa3029991"
"Josueth Quinonez ","CF","DET",,48,"19.4444444","25 / 60",50,60,"GapToGap","20 / 30","20 / 30","45 / 55","30 / 45",,,"35+","sa3023882"
"Brian Fitzpatrick","SIRP","MIL",,48,"26.1694444","",,,,"","","","",,,"35+","31624"
"Sawyer Hawks","SIRP","ARI",,48,"23.1027777","",,,,"","","","",,,"35+","sa3033436"
"Dameury  Pena","2B","MIN",,49,"20.9194444","35 / 55",50,70,"GapToGap","20 / 30","30 / 30","45 / 45","30 / 40","2B/LF",,"35+","sa3021624"
"Braxton Roxby","SIRP","SFG",,49,"27.3888888","",,,,"","","","",,,"35+","sa3014811"
"Cleiner Ramirez","OF","NYM",,49,"17.6694444","20 / 50",,50,,"20 / 45","45 / 45","50 / 50","30 / 45",,,"35+","sa3075059"
"Bryan Torres","LF","STL",,49,"29.0833333","60 / 60",,,"GapToGap","30 / 30","35 / 35","40 / 40","45 / 45","2B/3B/OF",,"35+","21464"
"José Rodríguez","SIRP","LAD",,49,"25.0388888","",,,,"","","","",,,"35+","sa3015437"
"Griff O'Ferrall","3B","BAL",,49,"23.5","30 / 50",45,50,"GapToGap","20 / 30","40 / 45","50 / 50","45 / 55","2B/3B/SS",0.214,"35+","sa3025409"
"Gavin Giese","SP","TBR",,49,"18.7444444","",,,,"","","","",,,"35+",
"Walin Castillo","SIRP","MIA",,49,"21.5833333","",,,,"","","","",,,"35+","sa3019280"
"Tyler Fay","SP","PIT",,49,"22.5277777","",,,,"","","","",,,"35+","sa3031198"
"Andy Mata","CF","DET",,49,"18.8055555","20 / 50",40,50,"InsideOut","20 / 45","35 / 50","50 / 50","30 / 50","2B/3B/SS/OF",,"35+","sa3068243"
"Joshua Flores","SIRP","MIL",,49,"19.1333333","",,,,"","","","",,,"35+","sa3069242"
"Jose Cabrera","MIRP","ARI",,49,"24.1722222","",,,,"","","","",,,"35+","30412"
"Santiago Leon","SS","MIN",,50,"18.1027777","20 / 45",,45,"GapToGap","20 / 40","40 / 45","50 / 50","40 / 60","2B/SS",,"35+","sa3067689"
"Brayan Narvaez","SP","SFG",,50,"21.7833333","",,,,"","","","",,,"35+","sa3022133"
"Cesar Acosta","C","NYM",,50,"18.0083333","20 / 35",45,45,"GapToGap","20 / 50","40 / 55","20 / 20","30 / 50",,,"35+","sa3067868"
"Dawson Montesa","SIRP","STL",,50,"20.9138888","",,,,"","","","",,,"35+","sa3070804"
"Paul Gervase","SIRP","LAD",,50,"26.1916666","",,,,"","","","",,,"35+","31571"
"RJ Austin","CF","BAL",,50,"22.6222222","20 / 30",55,30,"Pull","30 / 50","45 / 50","60 / 60","40 / 45","2B/3B/OF",0.35,"35+","sa3026315"
"Alex Cook","SIRP","TBR",,50,"23.5055555","",,,,"","","","",,,"35+","32015"
"Grant Shepardson","SP","MIA",,50,"20.8277777","",,,,"","","","",,,"35+","sa3067434"
"Jojo Ingrassia","SIRP","DET",,50,"24.0222222","",,,,"","","","",,,"35+","sa3023475"
"Jack Hostetler","SIRP","MIL",,50,"23","",,,,"","","","",,,"35+","sa3065768"
"Landon Sims","SIRP","ARI",,50,"25.5805555","",,,,"","","","",,,"35+","sa3021979"
"Jose Olivares","SIRP","MIN",,51,"23.5388888","",,,,"","","","",,,"35+","sa3016267"
"Nathan Hall","SP","NYM",,51,"22.4916666","",,,,"","","","",,,"35+","sa3069376"
"Jack Gurevitch","1B","STL",,51,"22.3972222","30 / 40",50,45,"PoleToPole","40 / 55","60 / 60","40 / 40","30 / 40",,,"35+","sa3032859"
"Garrett McDaniels","SIRP","LAD",,51,"26.6305555","",,,,"","","","",,,"35+","31751"
"Colin Yeaman","SS","BAL",,51,"22.2972222","20 / 30",40,40,"GapToGap","30 / 40","45 / 45","50 / 50","40 / 50","2B/3B/SS",0.348,"35+","sa3060984"
"Jacob Kuhn","SIRP","TBR",,51,"22.1277777","",,,,"","","","",,,"35+","sa3069377"
"Jacob Miller","MIRP","MIA",,51,"22.9777777","",,,,"","","","",,,"35+","sa3020111"
"Kenny Serwa","MIRP","DET",,51,"28.9972222","",,,,"","","","",,,"35+","sa3067062"
"Kyle Amendt","SIRP","ARI",,51,"26.325","",,,,"","","","",,,"35+","sa3022904"
"Calvin Ziegler","SIRP","NYM",,52,"23.8305555","",,,,"","","","",,,"35+","sa3018142"
"Won-Bin Cho","RF","STL",,52,"22.95","30 / 40",45,45,,"35 / 50","60 / 60","50 / 50","40 / 50",,,"35+","sa3019526"
"Chayce McDermott","SP","LAD",,52,"27.9444444","",,,,"","","","",,,"35+","29866"
"Ethan Anderson","1B","BAL",,52,"22.8638888","30 / 40",60,55,"PoleToPole","30 / 40","45 / 45","30 / 30","45 / 60","C/1B",,"35+","sa3025410"
"Junior William","SIRP","TBR",,52,"24.5694444","",,,,"","","","",,,"35+","sa3016072"
"Santiago Solarte","3B","MIA",,52,"17.6916666","20 / 40",35,35,"Pull","25 / 55","50 / 55","60 / 60","30 / 50",,,"35+","sa3075054"
"Yoniel Curet","SIRP","DET",,52,"23.7472222","",,,,"","","","",,,"35+","sa3015446"
"Gian Zapata","RF","ARI",,52,"20.8861111","20 / 30",50,30,"InsideOut","20 / 55","60 / 70","50 / 45","35 / 45",,,"35+","sa3021079"
"Luis R. Rodriguez","SIRP","NYM",,53,"23.6638888","",,,,"","","","",,,"35+","sa3017275"
"Chase Davis","RF","STL",,53,"24.6583333","30 / 35",60,50,"GapToGap","30 / 45","60 / 60","50 / 50","45 / 55",,,"35+","sa3022426"
"Carlos Duran","SIRP","LAD",,53,"24.1694444","",,,,"","","","",,,"35+","24458"
"Raimon Gomez","SIRP","BAL",,53,"24.9055555","",,,,"","","","",,,"35+","sa3017645"
"Alvaro Mejias","SIRP","TBR",,53,"21.05","",,,,"","","","",,,"35+","sa3017657"
"Matt Pushard","SIRP","MIA",,53,"28.7638888","",,,,"","","","",,,"35+","31870"
"Tyson LeBlanc","2B","DET",,53,"21.2027777","30 / 45",45,45,"PoleToPole","30 / 45","45 / 50","50 / 50","40 / 45",,,"35+","sa3070576"
"Ivan Luciano","C","ARI",,53,"19.6888888","30 / 50",40,40,"GapToGap","20 / 40","30 / 45","40 / 40","40 / 50",,0.282,"35+","sa3067397"
"Carlos Carrion","3B","STL",,54,"17.6611111","20 / 40",,30,,"20 / 50","40 / 55","60 / 60","30 / 45",,,"35+","sa3069442"
"Ronan Kopp","SIRP","LAD",,54,"24.0083333","",,,,"","","","",,,"35+","sa3017751"
"Yaqui Rivera","SIRP","BAL",,54,"23.0361111","",,,,"","","","",,,"35+","sa3015504"
"Tyson Neighbors","SIRP","BAL",,54,"23.8138888","",,,,"","","","",,,"35+","sa3025569"
"Brailer Guerrero","RF","TBR",,54,"20.1027777","20 / 30",55,20,"Oppo","30 / 50","60 / 70","45 / 40","30 / 50",,,"35+","sa3021072"
"Garret Forrester","C","MIA",,54,"24.6972222","30 / 40",50,45,"GapToGap","30 / 40","45 / 40","40 / 40","35 / 50","C/3B/1B",,"35+","sa3022822"
"Evan Dempsey","TWP","DET",,54,"21.0361111","",,,,"","","","",,,"35+","sa3030134"
"Tytus Cissell","SS","ARI",,54,"20.3222222","20 / 30",30,40,"Pull","25 / 40","35 / 50","60 / 60","55 / 60","2B/SS/CF",0.225,"35+","sa3067331"
"Sebastian Dos Santos","2B","STL",,55,"18.5083333","25 / 45",,,,"25 / 50","30 / 55","50 / 50","20 / 45",,,"35+","sa3067732"
"Griff McGarry","SIRP","LAD",,55,"27.15","",,,,"","","","",,,"35+","sa3017130"
"Dom Keegan","C","BAL",,55,"26.0027777","20 / 30",50,30,"PoleToPole","40 / 45","60 / 60","30 / 30","35 / 40",,0.422,"35+","sa3020194"
"James  Quinn-Irons","CF","TBR",,55,"23.0944444","30 / 40",40,40,"InsideOut","30 / 55","60 / 65","55 / 50","40 / 45",,,"35+","sa3040344"
"Maddox Molony","SS","DET",,55,"21.8361111","30 / 35",40,45,"Pull","30 / 40","40 / 45","55 / 55","45 / 55",,,"35+","sa3036940"
"Pedro Blanco","1B","ARI",,55,"19.2777777","20 / 30",50,30,"Pull","35 / 55","50 / 60","40 / 30","20 / 30","1B/LF",0.387,"35+","sa3023945"
"Branneli Franco","SP","STL",,56,"19.4916666","",,,,"","","","",,,"35+","sa3023818"
"Jakob Wright","SIRP","LAD",,56,"23.1722222","",,,,"","","","",,,"35+","sa3045618"
"Chandler Marsh","SIRP","BAL",,56,"23.9055555","",,,,"","","","",,,"35+","sa3025652"
"Maykel Coret","RF","TBR",,56,"18.8555555","20 / 30",50,30,"InsideOut","25 / 55","55 / 70","55 / 55","35 / 55",,,"35+","sa3067683"
"Walvin Mena","SIRP","ARI",,56,"20.8388888","",,,,"","","","",,,"35+","sa3021505"
"Caden Ferraro","1B","STL",,57,"21.6694444","",,,,"","","","",,,"35+","sa3070075"
"Reynaldo Yean","SIRP","LAD",,57,"22.5777777","",,,,"","","","",,,"35+","sa3018303"
"Cam Sanders","SIRP","BAL",,57,"29.6472222","",,,,"","","","",,,"35+","23479"
"Emmanuel Cedeno","SS","TBR",,57,"18.8527777","25 / 55",60,60,"Pull","20 / 35","20 / 30","55 / 55","40 / 45","2B/3B/SS",,"35+","sa3067717"
"Samuel Gonzalez","SP","ARI",,57,"21.5388888","",,,,"","","","",,,"35+","sa3025098"
"Peter Heubeck","SIRP","LAD",,58,"24.0277777","",,,,"","","","",,,"35+","sa3017936"
"DJ Layton","2B","BAL",,58,"20.0305555","20 / 40",50,40,"PoleToPole","20 / 40","35 / 45","60 / 60","40 / 50","2B/SS/CF",0.413,"35+","sa3067333"
"Eliomar Garces","2B","TBR",,58,"18.8916666","25 / 55",55,70,"GapToGap","20 / 30","20 / 30","50 / 50","40 / 55","2B/3B/SS",,"35+","sa3068523"
"Ruben Gallego","SS","ARI",,58,"18.3083333","25 / 50",,55,,"20 / 40","30 / 40","50 / 50","50 / 50",,,"35+",
"Dylan Tate","SIRP","LAD",,59,"22.2305555","",,,,"","","","",,,"35+","sa3067523"
"Keeler Morfe","SIRP","BAL",,59,"20.1472222","",,,,"","","","",,,"35+","sa3022239"
"Yereny Teus","SIRP","TBR",,59,"23.0027777","",,,,"","","","",,,"35+","sa3020978"
"Josh McDevitt","SP","ARI",,59,"22.1305555","",,,,"","","","",,,"35+","sa3037542"
"Wyatt Crowell","SIRP","LAD",,60,"24.8027777","",,,,"","","","",,,"35+","sa3023662"
"Thomas Sosa","LF","BAL",,60,"21.5388888","20 / 30",40,30,"PoleToPole","35 / 55","55 / 70","55 / 45","30 / 40","1B/LF/RF",0.459,"35+","sa3018566"
"Drew Dowd","SP","TBR",,60,"24.5805555","",,,,"","","","",,,"35+","sa3023509"
"Logan Tabeling","SIRP","LAD",,61,"24.9472222","",,,,"","","","",,,"35+","sa3067065"
"Jordan Sanchez","RF","BAL",,61,"20.8138888","20 / 35",50,50,"Pull","25 / 55","45 / 60","45 / 40","30 / 50","LF/RF",0.373,"35+","sa3024112"
"Marcus Johnson","SP","TBR",,61,"25.6416666","",,,,"","","","",,,"35+","sa3020324"
"Gabriel Rosario","LF","BAL",,62,"17.9111111","25 / 55",,50,,"20 / 50","45 / 50","40 / 40","30 / 40",,,"35+","sa3075071"
"Hunter Allen","SIRP","BAL",,63,"23.025","",,,,"","","","",,,"35+","sa3069378"
"Juan Nuñez","SP","BAL",,64,"25.6527777","",,,,"","","","",,,"35+","sa3015464"
"Chase Allsup","SP","BAL",,65,"23.2805555","",,,,"","","","",,,"35+","sa3025950"
"Dominic Voegele","MIRP","BAL",,66,"21.4527777","",,,,"","","","",,,"35+","sa3044541"