Name,Pos,Org,Top 100,Org Rk,Age,TJ Date,FB Type,FB,SL,CB,CH,CMD,Sits,Tops,FV,PlayerId
"Konnor Griffin","SS","PIT",1,1,"20.15",,,"","","","","",,,"70","35376"
"Jesús Made","SS","MIL",2,1,"19.1111111",,,"","","","","",,,"65","sa3024108"
"Nolan McLean","SP","NYM",3,1,"24.9",,"Tail","55 / 60","70 / 70","80 / 80","55 / 55","45 / 55","94-97","98","65","33703"
"Samuel Basallo","C","BAL",4,1,"21.8472222",,,"","","","","",,,"65","28824"
"Kevin McGonigle","3B","DET",5,1,"21.8333333",,,"","","","","",,,"60","33572"
"Leo De Vries","SS","ATH",6,1,"19.6861111",,,"","","","","",,,"60","sa3023363"
"Max Clark","CF","DET",7,2,"21.4916666",,,"","","","","",,,"60","sa3022683"
"Franklin Arias","SS","BOS",8,1,"20.5805555",,,"","","","","",,,"60","sa3021845"
"Trey Yesavage","SP","TOR",9,1,"22.8888888",,"Rise/Downh","60 / 60","55 / 60","","","40 / 50","93-96","97","60","35456"
"Bubba Chandler","SP","PIT",10,2,"23.7611111",,"Rise","70 / 70","45 / 50","","55 / 70","40 / 45","96-99","102","60","29868"
"Thomas White","SP","MIA",11,1,"21.7194444",,"Rise","60 / 60","60 / 70","","50 / 60","30 / 40","94-97","100","60","sa3023268"
"Seth Hernandez","SP","PIT",12,3,"19.9722222",,"None","55 / 70","45 / 55","","55 / 70","20 / 40","95-99","100","60","sa3069247"
"Colt Emerson","SS","SEA",13,1,"20.9111111",,,"","","","","",,,"55","33575"
"JJ Wetherholt","2B","STL",14,1,"23.7722222",,,"","","","","",,,"55","34985"
"Eli Willits","SS","WSN",15,1,"18.525",,,"","","","","",,,"55","sa3069164"
"Chase DeLauter","RF","CLE",16,1,"24.6944444",,,"","","","","",,,"55","32127"
"Payton Tolle","SP","BOS",17,2,"23.6305555",,"Rise/Uphil","80 / 80","","45 / 45","50 / 55","50 / 55","93-97","101","55","35466"
"River Ryan","SP","LAD",18,1,"27.8361111","8/15/24","Rise","60 / 60","55 / 60","55 / 60","40 / 50","40 / 45","95-98","100","55","29514"
"Ryan Sloan","SP","SEA",19,2,"20.3861111",,"Rise/Tail","55 / 60","50 / 60","","","40 / 55","94-97","99","55","sa3067131"
"Bryce Eldridge","1B","SFG",20,1,"21.6611111",,,"","","","","",,,"55","33390"
"Andrew Painter","SP","PHI",21,1,"23.1888888","7/25/23","Downhill","40 / 50","55 / 55","55 / 60","45 / 55","45 / 60","94-98","100","55","30091"
"Josue De Paula","RF","LAD",22,2,"21.0666666",,,"","","","","",,,"55","sa3018591"
"Alfredo Duno","C","CIN",23,1,"20.4472222",,,"","","","","",,,"55","sa3021066"
"Luis Peña","SS","MIL",24,2,"19.5972222",,,"","","","","",,,"55","sa3024134"
"Rainiel Rodriguez","C","STL",25,2,"19.4555555",,,"","","","","",,,"55","sa3023987"
"Carson Benge","CF","NYM",26,2,"23.4111111",,,"","","","","",,,"55","35177"
"Liam Doyle","SP","STL",27,3,"22.0416666",,"Rise","70 / 70","40 / 50","","45 / 55","30 / 45","95-98","100","55","sa3030545"
"Anthony Eyanson","SP","BOS",28,3,"21.6916666",,"Downhill","55 / 55","55 / 60","55 / 60","50 / 60","40 / 55","94-96","100","55","sa3031104"
"Carson Williams","SS","TBR",29,0,"22.9805555",,,"","","","","",,,"55","30038"
"Bryce Rainer","SS","DET",30,3,"20.9583333",,,"","","","","",,,"55","sa3066592"
"Aidan Miller","SS","PHI",31,2,"22.025",,,"","","","","",,,"55","sa3022609"
"Jarlin Susana","SP","WSN",32,2,"22.2361111",,"Tail","60 / 65","70 / 80","","30 / 45","30 / 45","96-99","103","55","sa3018808"
"Sebastian Walcott","SS","TEX",33,1,"20.2611111",,,"","","","","",,,"55","sa3021069"
"Walker Jenkins","CF","MIN",34,1,"21.3305555",,,"","","","","",,,"50","sa3022894"
"Carter Jensen","C","KCR",35,1,"22.9583333",,,"","","","","",,,"50","29478"
"Caleb Bonemer","3B","CHW",36,1,"20.7027777",,,"","","","","",,,"50","sa3067043"
"Sal Stewart","3B","CIN",37,2,"22.5305555",,,"","","","","",,,"50","31505"
"Ryan Waldschmidt","LF","ARI",38,1,"23.6972222",,,"","","","","",,,"50","35061"
"Noah Schultz","SP","CHW",39,2,"22.8694444",,"Tail","45 / 55","55 / 70","","40 / 45","35 / 50","93-96","98","50","32056"
"Brandon Sproat","SP","MIL",40,3,"25.7527777",,"Tail","55 / 60","55 / 60","45 / 50","50 / 60","35 / 45","94-98","100","50","33850"
"Connelly Early","SP","BOS",41,4,"24.2083333",,"Rise/Tail","50 / 50","45 / 50","55 / 55","55 / 60","45 / 55","92-95","97","50","33666"
"Kade Anderson","SP","SEA",42,3,"21.95","4/1/22","Rise","70 / 70","55 / 60","55 / 60","50 / 60","30 / 45","92-95","97","50","sa3026056"
"Dylan Beavers","LF","BAL",43,2,"24.8527777",,,"","","","","",,,"50","31695"
"Moisés Ballesteros","C","CHC",44,1,"22.6111111",,,"","","","","",,,"50","28820"
"Ralphy Velazquez","1B","CLE",45,2,"21.0555555",,,"","","","","",,,"50","sa3023013"
"Angel Genao","SS","CLE",46,3,"22.0805555",,,"","","","","",,,"50","sa3015706"
"Eduardo Quintero","CF","LAD",47,3,"20.7555555",,,"","","","","",,,"50","sa3021208"
"Josuar Gonzalez","SS","SFG",48,2,"18.6722222",,,"","","","","",,,"50","sa3067675"
"Ethan Salas","C","SDP",49,1,"20.0472222",,,"","","","","",,,"50","sa3020881"
"Arjun Nimmala","SS","TOR",50,2,"20.6722222",,,"","","","","",,,"50","sa3022892"
"George Lombard Jr.","SS","NYY",51,1,"21.0444444",,,"","","","","",,,"50","sa3023233"
"Parker Messick","SP","CLE",52,4,"25.6444444",,"Rise","50 / 50","50 / 50","50 / 50","60 / 60","55 / 60","91-95","97","50","31986"
"Jonny Farmelo","CF","SEA",53,4,"21.775",,,"","","","","",,,"50","sa3023362"
"Tyler Bremner","SP","LAA",54,1,"22.1611111",,"Sink","55 / 55","45 / 55","","65 / 70","40 / 55","93-97","98","50","sa3027644"
"Elmer Rodríguez","SP","NYY",55,2,"22.8333333",,"Downhill","55 / 60","50 / 55","50 / 55","45 / 50","40 / 45","93-97","98","50","31811"
"Travis Bazzana","2B","CLE",56,5,"23.8055555",,,"","","","","",,,"50","34967"
"Kaelen Culpepper","SS","MIN",57,2,"23.4694444",,,"","","","","",,,"50","sa3025360"
"Jefferson Rojas","SS","CHC",58,2,"21.1472222",,,"","","","","",,,"50","sa3018571"
"Joe Mack","C","MIA",59,2,"23.475",,,"","","","","",,,"50","29780"
"Emil Morales","SS","LAD",60,4,"19.7388888",,,"","","","","",,,"50","sa3023887"
"Carlos Lagrange","SIRP","NYY",61,3,"23.0638888",,"Downhill","70 / 70","55 / 60","45 / 55","50 / 60","30 / 35","96-100","103","50","sa3019390"
"Jonah Tong","SP","NYM",62,3,"23.025",,"Rise","70 / 70","40 / 45","40 / 45","50 / 55","40 / 45","94-97","99","50","32157"
"Brody Hopkins","SP","TBR",63,0,"24.4166666",,"Rise/Tail","55 / 60","50 / 55","","20 / 45","30 / 45","94-98","100","50","sa3023515"
"Luis De León","SP","BAL",64,3,"23.1777777",,"Sink","55 / 55","60 / 60","","45 / 50","30 / 40","95-98","99","50","sa3019283"
"Hagen Smith","SP","CHW",65,3,"22.8305555","9/1/19","Rise/Tail","60 / 60","70 / 70","","35 / 40","25 / 40","92-96","99","50","sa3025544"
"Braden Montgomery","RF","CHW",66,4,"23.1722222",,,"","","","","",,,"50","35423"
"Charlie Condon","LF","COL",67,1,"23.1777777",,,"","","","","",,,"50","sa3025257"
"Zyhir Hope","RF","LAD",68,5,"21.4138888",,,"","","","","",,,"50","sa3022703"
"Lazaro Montes","RF","SEA",69,5,"21.6555555",,,"","","","","",,,"50","sa3018409"
"JR Ritchie","SP","ATL",70,1,"22.9777777","6/1/23","Rise/Tail","50 / 50","50 / 55","50 / 55","45 / 55","45 / 55","92-95","97","50","31760"
"Yolfran Castillo","SS","TEX",71,2,"19.3611111",,,"","","","","",,,"50","sa3023726"
"Caden Scarborough","SP","TEX",72,3,"21.2138888",,"Rise/Tail","50 / 60","50 / 60","","40 / 50","30 / 45","93-96","97","50","sa3025060"
"Didier Fuentes","SP","ATL",73,2,"21.0027777",,"Uphill/Tai","55 / 60","50 / 55","45 / 50","35 / 50","45 / 55","94-96","98","50","30661"
"Gage Jump","SP","ATH",74,2,"23.1833333","4/1/22","Rise/Tail","60 / 60","60 / 60","50 / 50","","35 / 45","93-96","98","50","35418"
"Jake Bloss","SP","TOR",75,3,"24.9861111","5/20/25","Rise","60 / 60","60 / 60","55 / 55","40 / 50","40 / 50","92-95","98","50","33168"
"Kendry Rojas","SP","MIN",76,3,"23.5611111",,"Rise/Tail","60 / 60","45 / 50","","55 / 55","45 / 50","93-98","99","50","29423"
"Jeferson Quero","C","MIL",77,4,"23.6944444",,,"","","","","",,,"50","28272"
"Pedro Ramírez","2B","CHC",78,3,"22.2138888",,,"","","","","",,,"50","29218"
"Jhonny Level","2B","SFG",79,3,"19.2194444",,,"","","","","",,,"50","sa3023898"
"Michael Arroyo","2B","SEA",80,6,"21.625",,,"","","","","",,,"50","sa3018429"
"Dax Kilby","SS","NYY",81,4,"19.5861111",,,"","","","","",,,"50","sa3069080"
"Felnin Celesten","SS","SEA",82,7,"20.7583333",,,"","","","","",,,"50","sa3023381"
"Luis Hernández","SS","SFG",83,4,"17.5138888",,,"","","","","",,,"50","sa3076284"
"Josh Hammond","SS","KCR",84,2,"19.7416666",,,"","","","","",,,"50","sa3069255"
"Eduardo Tait","C","MIN",85,4,"19.8083333",,,"","","","","",,,"50","sa3022162"
"Aiva Arquette","SS","MIA",86,3,"22.6694444",,,"","","","","",,,"50","sa3026235"
"Ronny Cruz","3B","WSN",87,3,"19.8166666",,,"","","","","",,,"50","sa3067336"
"Dorian Soto","SS","BOS",88,5,"18.3444444",,,"","","","","",,,"50","sa3067678"
"Tanner McDougal","SP","CHW",89,5,"23.2083333","10/28/21","Rise/Tail","60 / 60","60 / 60","50 / 55","30 / 40","30 / 40","96-99","101","50","sa3017471"
"Jack Wenninger","SP","NYM",90,4,"24.2611111",,"Rise/Downh","50 / 55","40 / 45","45 / 55","60 / 60","50 / 60","93-96","98","50","sa3023282"
"Karson Milbrandt","SP","MIA",91,4,"22.1583333",,"Rise/Tail","55 / 55","50 / 55","50 / 55","35 / 40","35 / 45","94-96","98","50","sa3020659"
"Logan Henderson","SP","MIL",92,5,"24.2944444",,"Uphill/Tai","55 / 55","","40 / 40","70 / 70","55 / 60","90-94","96","50","31475"
"Connor Prielipp","SP","MIN",93,5,"25.4388888","5/27/21","Rise/Tail","45 / 50","70 / 70","60 / 60","45 / 50","40 / 45","94-97","99","50","31857"
"David Davalillo","SP","TEX",94,4,"23.825",,"Tail","45 / 45","45 / 55","55 / 60","","40 / 50","92-95","96","50","sa3020448"
"Trey Gibson","SP","BAL",95,4,"24.0833333",,"Tail","40 / 40","55 / 60","55 / 55","","55 / 60","92-95","97","50","33794"
"Khal Stephen","SP","CLE",96,6,"23.4916666",,"Rise","50 / 50","50 / 55","55 / 55","45 / 55","50 / 60","91-95","96","50","sa3043049"
"Michael Forret","SP","TBR",97,0,"22.2",,"Rise/Tail","45 / 45","50 / 55","50 / 50","50 / 55","60 / 70","91-95","97","50","sa3023479"
"Jimmy Crooks","C","STL",98,4,"24.9138888",,,"","","","","",,,"50","31354"
"Edward Florentino","RF","PIT",99,4,"19.6027777",,,"","","","","",,,"50","sa3023944"
"Jurrangelo Cijntje","SP","STL",100,5,"23.05",,"Rise/Tail","55 / 60","50 / 60","","50 / 60","30 / 40","94-97","99","50","sa3028930"
"Riley Quick","SP","MIN",101,6,"22.1361111",,"Sink/Tail","55 / 60","55 / 60","","55 / 60","35 / 55","95-97","99","50","sa3040326"
"Kendry Chourio","SP","KCR",102,3,"18.7138888",,,"45 / 50","","50 / 60","50 / 60","40 / 55","94-97","98","50","sa3067545"
"Keyner Martinez","SP","SFG",103,5,"21.8388888",,"Rise/Tail","50 / 55","50 / 60","","40 / 50","25 / 55","94-97","101","50","sa3023631"
"Tommy Troy","2B","ARI",104,2,"24.4194444",,,"","","","","",,,"50","33279"
"Jett Williams","CF","MIL",105,6,"22.625",,,"","","","","",,,"50","sa3020134"
"Roldy Brito","CF","COL",106,2,"19.1944444",,,"","","","","",,,"50","sa3023917"
"Jacob Reimer","3B","NYM",107,5,"22.3222222",,,"","","","","",,,"50","sa3020416"
"Rhett Lowder","SP","CIN",108,3,"24.2777777",,"Sink/Tail","50 / 50","60 / 60","","45 / 50","45 / 50","92-95","97","50","33876"
"Jaxon Wiggins","SP","CHC",109,4,"24.7083333","2/22/23","Rise/Downh","70 / 70","40 / 45","50 / 55","45 / 60","30 / 40","96-98","100","50","sa3023635"
"Blake Mitchell","C","KCR",110,4,"21.875",,,"","","","","",,,"50","sa3022756"
"Harry Ford","C","WSN",111,4,"23.325",,,"","","","","",,,"50","29958"
"George Klassen","SP","LAA",112,2,"24.3944444",,"Rise","55 / 60","55 / 60","","40 / 40","35 / 40","96-98","101","50","33464"
"Winston Santos","SP","TEX",113,5,"24.175",,"Rise/Tail","55 / 55","45 / 55","","55 / 55","40 / 50","94-97","99","50","sa3015952"
"Thayron Liranzo","C","DET",114,4,"22.9527777",,,"","","","","",,,"50","sa3015790"
"Christian Oppor","SP","CHW",115,6,"21.9027777",,"Tail/Uphil","50 / 60","45 / 55","","60 / 60","30 / 45","92-98","100","50","sa3022950"
"Josue Briceño","1B","DET",116,5,"21.7361111",,,"","","","","",,,"50","sa3018584"
"Ethan Holliday","3B","COL",117,3,"19.3194444",,,"","","","","",,,"50","sa3069100"
"Travis Sykora","SP","WSN",118,5,"22.1388888","8/1/25","Rise/Tail","60 / 60","55 / 60","","","45 / 55","94-98","100","50","sa3023557"
"Juan Valera","SP","BOS",119,6,"20.0833333",,"Cut/Rise","60 / 70","50 / 60","","45 / 60","30 / 50","95-99","100","50","sa3021570"
"Robby Snelling","SP","MIA",120,5,"22.4972222",,"Rise/Downh","60 / 60","45 / 45","50 / 55","45 / 50","50 / 50","93-96","99","50","31893"
"Kevin Alvarez","LF","HOU",,1,"18.4305555",,,"","","","","",,,"45+","sa3067677"
"Kash Mayfield","SP","SDP",,2,"21.3611111",,"Rise/Tail","45 / 50","40 / 50","","60 / 60","40 / 55","90-93","97","45+","sa3067104"
"Xavier Neyens","3B","HOU",,2,"19.6361111",,,"","","","","",,,"45","sa3069252"
"Jansel Luis","3B","ARI",,3,"21.2833333",,,"","","","","",,,"45+","sa3018508"
"Trey Gregory-Alford","SP","LAA",,3,"22.1166666",,"Rise/Tail","50 / 60","45 / 55","40 / 45","45 / 55","40 / 50","96-99","101","45+","sa3067313"
"Cam Caminiti","SP","ATL",,3,"19.8611111",,"Rise","45 / 55","50 / 60","","35 / 50","45 / 55","92-95","97","45+","sa3025607"
"Justin Crawford","CF","PHI",,3,"22.4305555",,,"","","","","",,,"45+","31791"
"Kade Morris","SP","ATH",,3,"23.9916666",,"Rise/Tail","50 / 50","50 / 50","40 / 45","40 / 50","50 / 60","92-94","96","45","33787"
"Miguel Mendez","SIRP","SDP",,3,"23.9638888",,"Rise/Tail","60 / 70","50 / 60","","40 / 50","30 / 40","95-99","101","45","sa3015506"
"AJ Blubaugh","SP","HOU",,3,"25.9555555",,"Rise/run","50 / 55","50 / 50","","50 / 55","40 / 40","92-96","98","45","31764"
"JD Dix","2B","ARI",,4,"20.6833333",,,"","","","","",,,"45+","sa3066859"
"Hayden Alvarez","CF","LAA",,4,"19.2472222",,,"","","","","",,,"45+","sa3023906"
"Steele Hall","SS","CIN",,4,"18.9",,,"","","","","",,,"45+","sa3069249"
"Owen Murphy","SP","ATL",,4,"22.725","6/1/24","Rise","50 / 55","45 / 55","50 / 55","40 / 50","45 / 60","88-92","95","45+","sa3020330"
"Wilder Dalis","2B","COL",,4,"19.8833333",,,"","","","","",,,"45+","sa3022347"
"JoJo Parker","3B","TOR",,4,"19.8611111",,,"","","","","",,,"45+","sa3069248"
"Jamie Arnold","SP","ATH",,4,"22.2416666",,"Tail/Uphil","50 / 55","60 / 60","","40 / 50","30 / 45","92-95","98","45","sa3026225"
"Aroon Escobar","2B","PHI",,4,"21.4638888",,,"","","","","",,,"45","sa3018463"
"Bradgley Rodriguez","SIRP","SDP",,4,"22.5888888",,"Tail","60 / 60","","","60 / 70","35 / 40","95-97","100","45","29107"
"Ethan Pecko","SP","HOU",,4,"23.8138888","2021","Rise","60 / 60","40 / 40","50 / 50","30 / 40","50 / 50","92-96","98","45","sa3022997"
"Demetrio Crisantes","2B","ARI",,5,"21.7861111",,,"","","","","",,,"45+","sa3021051"
"Ramon Ramirez","C","KCR",,5,"21.0083333",,,"","","","","",,,"45+","sa3021637"
"Ben Hess","SP","NYY",,5,"23.7916666",,"Rise/Tail","45 / 45","45 / 50","60 / 70","40 / 50","35 / 45","91-95","97","45+","sa3033725"
"Wehiwa Aloy","SS","BAL",,5,"22.3722222",,,"","","","","",,,"45+","sa3025961"
"Johan De Los Santos","CF","PIT",,5,"17.9",,,"","","","","",,,"45+","sa3066666"
"Kevin Alcántara","CF","CHC",,5,"23.9333333",,,"","","","","",,,"45+","25971"
"Nelson Rada","CF","LAA",,5,"20.8138888",,,"","","","","",,,"45","sa3018421"
"Héctor  Rodríguez","RF","CIN",,5,"22.2694444",,,"","","","","",,,"45","sa3015828"
"Wei-En Lin","SP","ATH",,5,"20.6222222",,"Rise","55 / 60","50 / 55","50 / 50","40 / 50","30 / 50","90-94","97","45","sa3067072"
"Alex Lodise","SS","ATL",,5,"22.2722222",,,"","","","","",,,"45","sa3036445"
"Gage Wood","SP","PHI",,5,"22.5083333",,"Rise","70 / 70","","60 / 60","","30 / 45","94-97","98","45","sa3045536"
"McCade Brown","SP","COL",,5,"26.0916666","4/1/23","Rise/Tail","50 / 50","50 / 55","50 / 55","45 / 55","40 / 45","93-97","99","45","30004"
"Ricky Tiedemann","SP","TOR",,5,"23.8333333","7/30/24","Tail/Uphil","60 / 60","60 / 60","","45 / 50","40 / 50","93-96","98","45","sa3018096"
"Walker Janek","C","HOU",,5,"23.7333333",,,"","","","","",,,"45","sa3025254"
"Jorge Quintana","3B","SDP",,5,"19.2027777",,,"","","","","",,,"40+","sa3024107"
"Yilber Díaz","SIRP","ARI",,6,"25.8305555",,"Rise","60 / 65","55 / 60","55 / 60","","35 / 40","95-97","100","45+","29271"
"A.J. Ewing","CF","NYM",,6,"21.8555555",,,"","","","","",,,"45+","33656"
"Brandon Clarke","SP","STL",,6,"23.1888888","2019","Rise/Tail","60 / 60","70 / 80","","35 / 50","30 / 35","96-99","100","45+","sa3067144"
"Spencer Jones","CF","NYY",,6,"25.0944444","7/1/20",,"","","","","",,,"45+","31532"
"Mike Sirota","CF","LAD",,6,"23.0055555",,,"","","","","",,,"45+","sa3042374"
"Anthony Nunez","SIRP","BAL",,6,"24.9388888",,"Rise","60 / 60","60 / 60","","50 / 60","50 / 55","93-97","99","45+","25796"
"Luis Arana","2B","MIA",,6,"18.2472222",,,"","","","","",,,"45+","sa3067767"
"Wyatt Sanford","SS","PIT",,6,"20.5666666",,,"","","","","",,,"45+","sa3066665"
"Alejandro Rosario","SP","WSN",,6,"24.45","3/1/25","Rise/Tail","55 / 60","55 / 60","","","40 / 50","94-97","99","45+","sa3023538"
"Carson Whisenhunt","SP","SFG",,6,"25.6611111",,"Downhill","45 / 50","","40 / 45","80 / 80","40 / 45","92-94","96","45+","31676"
"Luinder Avila","SIRP","KCR",,6,"24.825",,"Cut&Sink","55 / 60","50 / 60","50 / 55","50 / 50","35 / 40","95-97","98","45","24452"
"Denzer Guzman","SS","LAA",,6,"22.3611111",,,"","","","","",,,"45","28816"
"Jose Franco","SP","CIN",,6,"25.5638888",,"Rise/Tail","60 / 60","50 / 55","50 / 55","30 / 40","45 / 50","94-97","99","45","27014"
"Johenssy Colome","3B","ATH",,6,"17.675",,,"","","","","",,,"45","sa3075046"
"Garrett Baumann","SP","ATL",,6,"21.8416666",,"Sink","50 / 50","50 / 55","40 / 45","45 / 60","45 / 60","93-97","99","45","sa3023310"
"Moisés Chace","SP","PHI",,6,"23.025","5/20/25","Rise","70 / 70","45 / 50","","30 / 45","30 / 45","93-96","97","45","sa3015346"
"Angel Jimenez","SP","COL",,6,"22.9555555",,"Tail","55 / 60","40 / 50","40 / 50","55 / 60","35 / 45","94-96","98","45","sa3018287"
"Jose Corniell","SP","TEX",,6,"22.9888888","7/1/24","Tail","50 / 55","","55 / 55","45 / 50","40 / 55","94-97","99","45","27984"
"Jordan Yost","SS","DET",,6,"19.4916666",,,"","","","","",,,"45","sa3069254"
"Johnny King","SP","TOR",,6,"19.8944444",,"Rise/Tail","40 / 55","45 / 55","","30 / 50","20 / 50","93-96","97","45","sa3067123"
"Bryce Mayer","SP","HOU",,6,"24.3527777",,"Rise","50 / 55","50 / 55","50 / 50","20 / 30","50 / 60","91-94","95","45","sa3025558"
"Josiah Hartshorn","LF","CHC",,6,"19.3777777",,,"","","","","",,,"45","sa3069285"
"Kruz Schoolcraft","SP","SDP",,6,"19.1666666",,"Tail","45 / 55","35 / 50","","50 / 60","20 / 45","93-96","97","40+","sa3069203"
"Billy Carlson","SS","CHW",,7,"19.8861111",,,"","","","","",,,"45+","sa3069250"
"Wandy Asigen","SS","NYM",,7,"16.825",,,"","","","","",,,"45+","sa3075045"
"Joshua Baez","RF","STL",,7,"22.9722222",,,"","","","","",,,"45+","sa3017022"
"Christian Zazueta","SP","LAD",,7,"21.6972222",,"Tail/Uphil","55 / 60","40 / 45","","50 / 60","35 / 60","93-95","97","45+","sa3018867"
"Braylon Doughty","SP","CLE",,7,"20.5305555",,"Downhill/R","40 / 45","50 / 60","55 / 60","40 / 50","35 / 60","91-94","97","45+","sa3067030"
"Ike Irish","RF","BAL",,7,"22.5611111",,,"","","","","",,,"45+","sa3034445"
"Keyner Benitez","SP","MIA",,7,"20.0694444",,"Sink/Tail","50 / 55","55 / 60","45 / 50","60 / 70","30 / 45","92-95","97","45+","sa3021795"
"Bishop Letson","SP","MIL",,7,"21.7583333",,"Uphill/Tai","45 / 60","50 / 60","","40 / 55","30 / 50","91-95","96","45+","sa3023526"
"Enddy Azocar","CF","BOS",,7,"19.3166666",,,"","","","","",,,"45+","sa3023764"
"Landon Harmon","SP","WSN",,7,"19.775",,"Cut","55 / 70","20 / 60","60 / 70","20 / 40","20 / 40","93-96","98","45+","sa3069265"
"Kayson Cunningham","2B","ARI",,7,"19.9805555",,,"","","","","",,,"45","sa3069148"
"Angeibel Gomez","RF","KCR",,7,"17.5166666",,,"","","","","",,,"45","sa3075040"
"Ryan Johnson","MIRP","LAA",,7,"23.8694444",,"Tail/Uphil","50 / 50","55 / 55","","35 / 45","45 / 60","92-94","98","45","35325"
"Cam Collier","1B","CIN",,7,"21.5777777",,,"","","","","",,,"45","sa3020131"
"Braden Nett","MIRP","ATH",,7,"24",,"Rise/Tail","60 / 60","50 / 50","60 / 60","40 / 50","30 / 40","94-98","100","45","sa3020336"
"Bryce Cunningham","SP","NYY",,7,"23.4944444",,"Rise","45 / 50","30 / 40","","55 / 60","30 / 50","93-95","96","45","sa3029687"
"Luke Sinnard","SP","ATL",,7,"23.6583333",,"Rise","50 / 50","55 / 55","55 / 55","","30 / 40","92-94","96","45","sa3042362"
"Jean Cabrera","SP","PHI",,7,"24.6611111",,"Tail","40 / 40","50 / 50","","55 / 60","45 / 55","92-95","97","45","sa3015433"
"Wilber Dotel","SP","PIT",,7,"23.7305555",,"Rise/Tail","60 / 60","50 / 55","","45 / 50","45 / 50","95-99","101","45","28901"
"Paxton Kling","CF","TEX",,7,"23.0555555",,,"","","","","",,,"45","sa3035512"
"Cris Rodriguez","RF","DET",,7,"18.3888888",,,"","","","","",,,"45","sa3066593"
"Marek Houston","SS","MIN",,7,"22.1777777",,,"","","","","",,,"45","sa3034152"
"Ethan Conrad","CF","CHC",,7,"21.9527777",,,"","","","","",,,"45","sa3029266"
"Blade Tidwell","SP","SFG",,7,"25.0277777",,"Downhill/R","55 / 55","50 / 55","60 / 60","45 / 50","40 / 45","94-98","99","45","31701"
"Cole Carrigg","CF","COL",,7,"24.1111111",,,"","","","","",,,"40+","33253"
"Lan-Hong Su","SP","SDP",,7,"19.2888888",,"Rise/Tail","45 / 55","45 / 55","","35 / 50","35 / 55","91-94","97","40+",
"Victor Arias","CF","TOR",,7,"22.8166666",,,"","","","","",,,"40+","sa3015636"
"Brice Matthews","2B","HOU",,7,"24.2555555",,,"","","","","",,,"40+","33280"
"Jonathan Santucci","SIRP","NYM",,8,"23.4722222",,"Rise/Tail","55 / 55","55 / 60","","40 / 50","30 / 40","92-95","97","45+","sa3041559"
"Yairo Padilla","SS","STL",,8,"18.9722222",,,"","","","","",,,"45+","sa3023925"
"Gabriel Rodriguez","SS","CLE",,8,"19.125",,,"","","","","",,,"45+","sa3024645"
"Nate George","CF","BAL",,8,"20.0388888",,,"","","","","",,,"45+","sa3067128"
"Andrew Fischer","3B","MIL",,8,"22.0638888",,,"","","","","",,,"45+","sa3031366"
"Miguel Sime Jr.","SIRP","WSN",,8,"19.1111111",,"Downhill","60 / 65","60 / 70","40 / 50","","20 / 30","95-99","102","45+","sa3069269"
"Daniel Eagen","SP","ARI",,8,"23.5694444",,"Downhill","45 / 50","50 / 55","55 / 55","40 / 50","40 / 45","93-95","95","45","sa3030728"
"Sam Antonacci","2B","CHW",,8,"23.3666666",,,"","","","","",,,"45","35101"
"Juan Flores","C","LAA",,8,"20.3472222",,,"","","","","",,,"45","sa3021185"
"Chase Hampton","SP","NYY",,8,"24.8638888","2/21/25","Rise","40 / 45","55 / 60","55 / 60","","40 / 45","91-93","94","45","sa3020682"
"Alex Freeland","SS","LAD",,8,"24.8166666",,,"","","","","",,,"45","31665"
"Diego Tornes","LF","ATL",,8,"17.9583333",,,"","","","","",,,"45","sa3066458"
"Gabriel Rincones Jr.","LF","PHI",,8,"25.2916666",,,"","","","","",,,"45","31958"
"Owen Caissie","RF","MIA",,8,"23.9444444",,,"","","","","",,,"45","27496"
"Esmerlyn Valdez","LF","PIT",,8,"22.3916666",,,"","","","","",,,"45","29005"
"Henry Godbout ","SS","BOS",,8,"22.6166666",,,"","","","","",,,"45","sa3032331"
"Luke Stevenson","C","SEA",,8,"21.9055555",,,"","","","","",,,"45","sa3043081"
"Emmanuel Rodriguez","RF","MIN",,8,"23.3",,,"","","","","",,,"45","sa3014693"
"Kane Kepley","CF","CHC",,8,"22.3444444",,,"","","","","",,,"45","sa3035293"
"Jesus Rodriguez","C","SFG",,8,"24.1527777",,,"","","","","",,,"45","26991"
"David Shields","SP","KCR",,8,"19.775",,"Tail","35 / 40","50 / 60","","30 / 50","40 / 60","89-92","93","40+","sa3067433"
"Zach Maxwell","SIRP","CIN",,8,"25.3944444",,"Rise/Downh","70 / 70","70 / 70","","","30 / 35","98-101","102","40+","31610"
"Devin Taylor","LF","ATH",,8,"22.45",,,"","","","","",,,"40+","sa3043560"
"Jared Thomas","LF","COL",,8,"22.9638888",,,"","","","","",,,"40+","sa3025252"
"Josh Owens","TWP","TEX",,8,"19.4444444",,"Sink","45 / 55","40 / 55","","","30 / 40","92-94","97","40+","sa3069169"
"Eduardo Valencia","C","DET",,8,"26.3972222",,,"","","","","",,,"40+","sa3006622"
"Tucker Musgrove","SIRP","SDP",,8,"24.3805555",,"Tail","60 / 70","40 / 55","","","30 / 45","95-98","100","40+","sa3067261"
"Juan Sanchez","3B","TOR",,8,"18.725",,,"","","","","",,,"40+","sa3067129"
"Ryan Forcucci","SP","HOU",,8,"23.5444444",,"Tail","50 / 60","40 / 55","40 / 50","20 / 40","30 / 50","93-95","97","40+","sa3031539"
"Will Watson","MIRP","NYM",,9,"23.6138888",,"Rise/Tail","55 / 55","55 / 55","","50 / 55","40 / 50","93-96","97","45+","sa3025592"
"Robert Arias","CF","CLE",,9,"19.7638888",,,"","","","","",,,"45+","sa3024304"
"LuJames Groover","3B","ARI",,9,"24.1722222",,,"","","","","",,,"45","33552"
"Leonardo Bernal","C","STL",,9,"22.3472222",,,"","","","","",,,"45","sa3015773"
"James Tibbs III","RF","LAD",,9,"23.7138888",,,"","","","","",,,"45","sa3025333"
"Francisco Renteria","LF","PHI",,9,"17.4416666",,,"","","","","",,,"45","sa3069440"
"Nestor German","SP","BAL",,9,"24.3111111",,"Rise/Downh","45 / 50","50 / 50","50 / 50","","45 / 50","92-94","98","45","sa3023517"
"Yohanfer Santana","SP","MIA",,9,"20.6805555","6/20/24","Rise","55 / 60","50 / 60","","40 / 50","20 / 50","96-99","101","45","sa3022143"
"Jhostynxon Garcia","CF","PIT",,9,"23.5194444",,,"","","","","",,,"45","28142"
"Josh Adamczewski","LF","MIL",,9,"21.1055555",,,"","","","","",,,"45","sa3023168"
"Jake Bennett","SP","BOS",,9,"25.5444444",,"Rise/Tail","45 / 45","45 / 50","45 / 45","60 / 60","50 / 60","91-94","95","45","31959"
"Jackson Kent","SP","WSN",,9,"23.3555555",,"Rise","45 / 45","45 / 45","50 / 55","60 / 70","45 / 55","91-95","96","45","sa3035282"
"Hendry Mendez","LF","MIN",,9,"22.6138888",,,"","","","","",,,"45","sa3015727"
"Parks Harber","3B","SFG",,9,"24.7305555",,,"","","","","",,,"45","sa3025308"
"Justin Lamkin","SP","KCR",,9,"22.0472222",,"Rise/Tail","40 / 45","40 / 45","","40 / 45","35 / 60","89-93","94","40+","sa3035887"
"Johnny Slawinski","SP","LAA",,9,"19.3111111",,"Rise","40 / 50","45 / 50","","45 / 55","30 / 60","90-93","95","40+","sa3069264"
"Chase Petty","SP","CIN",,9,"23.2055555",,"Sink/Tail","30 / 55","50 / 55","","40 / 50","40 / 45","94-97","100","40+","30170"
"Henry Bolte","CF","ATH",,9,"22.8722222",,,"","","","","",,,"40+","31448"
"Allen Facundo","SIRP","NYY",,9,"23.7916666","5/1/4","Tail","55 / 60","55 / 60","","40 / 50","30 / 40","93-98","100","40+","sa3016071"
"John Gil","SS","ATL",,9,"20.0944444",,,"","","","","",,,"40+","sa3021284"
"Roc Riggio","2B","COL",,9,"24.0194444",,,"","","","","",,,"40+","sa3022750"
"Cameron Cauley","SS","TEX",,9,"23.3666666",,,"","","","","",,,"40+","sa3017167"
"Hao-Yu  Lee","2B","DET",,9,"23.375",,,"","","","","",,,"40+","30080"
"Gage Stanifer","SIRP","TOR",,9,"22.5833333",,"Rise/Tail","50 / 55","55 / 60","","45 / 50","30 / 40","92-966","98","40+","sa3021731"
"Yorger Bautista","CF","SEA",,9,"18.7472222",,,"","","","","",,,"40+","sa3067684"
"Ethan  Frey","LF","HOU",,9,"22.2583333",,,"","","","","",,,"40+","sa3031717"
"Brooks Caple","SP","CHC",,9,"23.8194444",,"Rise/Downh","50 / 50","50 / 55","50 / 50","40 / 50","40 / 50","93-96","98","40+","sa3028388"
"Bryan Balzer","SIRP","SDP",,9,"21.6416666",,"Tail","50 / 60","45 / 55","","35 / 45","30 / 45","92-97","99","40","sa3025047"
"Cristian Mena","SP","ARI",,10,"23.4916666",,"Rise","40 / 45","50 / 55","60 / 60","45 / 55","45 / 50","90-94","95","45","27974"
"David Sandlin","MIRP","CHW",,10,"25.325",,"Rise/Downh","60 / 65","40 / 45","","","40 / 45","93-98","100","45","31743"
"Ryan Clifford","RF","NYM",,10,"22.9111111",,,"","","","","",,,"45","sa3020126"
"Quinn Mathews","SP","STL",,10,"25.7055555",,"Rise/Tail","40 / 55","50 / 50","40 / 45","65 / 65","35 / 50","91-95","96","45","sa3023407"
"Charles Davalan","LF","LAD",,10,"22.5055555",,,"","","","","",,,"45","sa3029860"
"Cooper Ingle","C","CLE",,10,"24.3194444",,,"","","","","",,,"45","sa3023069"
"Matthew Fisher","SP","PHI",,10,"20.2611111",,"Cut/Rise","45 / 55","50 / 60","55 / 60","20 / 50","20 / 45","92-94","95","45","sa3069287"
"Braxton Bragg","SP","BAL",,10,"25.6388888",,"Rise/Tail","55 / 55","50 / 55","","50 / 55","45 / 55","93-96","98","45","sa3023303"
"Kevin Defrank","SP","MIA",,10,"17.8527777",,"Rise/Tail","60 / 65","40 / 50","","","20 / 45","96-99","100","45","sa3067574"
"Murf Gray","3B","PIT",,10,"22.4666666",,,"","","","","",,,"45","sa3032619"
"Cooper Pratt","SS","MIL",,10,"21.8333333",,,"","","","","",,,"45","33530"
"Kyson Witherspoon","MIRP","BOS",,10,"21.85",,"Rise/Downh","50 / 50","50 / 50","60 / 60","45 / 55","30 / 45","94-98","99","45","sa3045487"
"Devin Fitz-Gerald","SS","WSN",,10,"20.8361111",,,"","","","","",,,"45","sa3067320"
"Jhomnardo Reyes","RF","MIN",,10,"18.7",,,"","","","","",,,"45","sa3067700"
"Bo Davidson","CF","SFG",,10,"23.9527777",,,"","","","","",,,"45","sa3022706"
"Asbel Gonzalez","CF","KCR",,10,"20.4611111",,,"","","","","",,,"40+","sa3021639"
"Joel Hurtado","SP","LAA",,10,"25.3666666",,"Sink/Tail","55 / 55","55 / 60","","45 / 55","40 / 45","93-97","98","40+","sa3019774"
"Carlos Jorge","CF","CIN",,10,"22.7388888",,,"","","","","",,,"40+","sa3016722"
"Breyson Guedez","LF","ATH",,10,"18.7222222",,,"","","","","",,,"40+","sa3067688"
"Tate Southisene","SS","ATL",,10,"19.7",,,"","","","","",,,"40+","sa3069150"
"Zac Veen","RF","COL",,10,"24.5166666",,,"","","","","",,,"40+","27770"
"Seong-Jun Kim","TWP","TEX",,10,"19.1305555",,"Cut","30 / 50","45 / 55","","30 / 50","20 / 50","91-93","96","40+","sa3069132"
"Max Anderson","3B","DET",,10,"24.3",,,"","","","","",,,"40+","sa3022567"
"Juan Caricote","C","TOR",,10,"17.6194444",,,"","","","","",,,"40+",
"Nick Becker","SS","SEA",,10,"19.5388888",,,"","","","","",,,"40+","sa3069151"
"Joseph Sullivan","CF","HOU",,10,"23.9638888",,,"","","","","",,,"40+","sa3025413"
"Owen Ayers","C","CHC",,10,"25.0305555",,,"","","","","",,,"40+","sa3025449"
"Cade Smith","SP","NYY",,10,"24.1916666",,"Rise","50 / 50","60 / 60","50 / 55","30 / 40","40 / 45","91-94","95","40","sa3023371"
"Jhoan De La Cruz","SS","SDP",,10,"18.5888888",,,"","","","","",,,"40","sa3067693"
"Kohl Drake","SP","ARI",,11,"25.9194444",,"Rise/Tail","60 / 60","45 / 50","50 / 55","40 / 45","50 / 60","91-95","96","45","sa3021723"
"Junior Perez","CF","CHW",,11,"24.9555555",,,"","","","","",,,"45","23989"
"Elian Peña","3B","NYM",,11,"18.6638888",,,"","","","","",,,"45","sa3067674"
"Tink Hence","SP","STL",,11,"23.8666666",,"Uphill","40 / 45","50 / 55","35 / 40","60 / 70","40 / 50","90-96","98","45","sa3014709"
"Adam Serwinowski","SP","LAD",,11,"22.0305555",,"Rise/Tail","55 / 60","60 / 70","","30 / 40","30 / 45","92-95","97","45","sa3020626"
"Kahlil Watson","CF","CLE",,11,"23.1722222",,,"","","","","",,,"45","29905"
"Yeiber Cartaya","SP","BAL",,11,"23.4111111",,"Rise/Tail","55 / 60","","45 / 55","50 / 60","30 / 40","93-97","99","45","sa3019599"
"Dillon Lewis","CF","MIA",,11,"23.0166666",,,"","","","","",,,"45","sa3025515"
"Hunter Barco","SP","PIT",,11,"25.5083333","5/1/22","Tail/Uphil","50 / 50","45 / 45","50 / 50","50 / 55","45 / 50","92-94","95","45","33174"
"Luis Lara","CF","MIL",,11,"21.5861111",,,"","","","","",,,"45","sa3018514"
"Justin Gonzales","RF","BOS",,11,"19.4666666",,,"","","","","",,,"45","sa3023757"
"Gavin Kilen","SS","SFG",,11,"22.2222222",,,"","","","","",,,"45","sa3035353"
"Freddy Contreras","SP","KCR",,11,"17.8555555",,"Rise","55 / 60","","45 / 55","45 / 60","25 / 55","95-97","99","40+","sa3068633"
"Marlon Quintero","C","LAA",,11,"19.5583333",,,"","","","","",,,"40+","sa3023936"
"Tyson Lewis","SS","CIN",,11,"20.4388888",,,"","","","","",,,"40+","sa3066822"
"Steven Echavarria","SP","ATH",,11,"20.8666666",,"Rise/Downh","45 / 50","50 / 55","45 / 50","40 / 50","30 / 45","93-97","99","40+","sa3023560"
"Briggs McKenzie","SP","ATL",,11,"19.6861111",,"Rise/Downh","40 / 50","","50 / 60","45 / 55","25 / 55","88-92","94","40+","sa3069273"
"Romeli Espinosa","SS","PHI",,11,"18.0361111",,,"","","","","",,,"40+","sa3067704"
"Andy Perez","SS","COL",,11,"22.0416666",,,"","","","","",,,"40+","sa3015857"
"Paulino Santana","RF","TEX",,11,"19.5861111",,,"","","","","",,,"40+","sa3023718"
"Andrew Sears","MIRP","DET",,11,"23.8",,"Rise","50 / 55","55 / 60","","40 / 50","35 / 40","92-96","97","40+","sa3023133"
"Juan Rijo","CF","SEA",,11,"17.7916666",,,"","","","","",,,"40+",
"Davian Garcia","MIRP","WSN",,11,"22.6888888",,"Rise/Downh","50 / 55","50 / 55","","","30 / 40","94-97","98","40+","sa3031927"
"Miguel Ullola","SIRP","HOU",,11,"23.9972222",,"Rise","60 / 70","45 / 50","45 / 50","30 / 35","30 / 35","92-96","97","40+","sa3016504"
"Andrew Morris","SIRP","MIN",,11,"24.7972222",,"Rise","60 / 60","40 / 45","","40 / 40","40 / 45","94-98","100","40+","31891"
"Dominick Reid","SP","CHC",,11,"22.5555555",,"Rise","45 / 45","45 / 50","30 / 45","50 / 60","35 / 50","91-94","96","40+","sa3040572"
"Kaeden Kent","SS","NYY",,11,"22.8027777",,,"","","","","",,,"40","sa3035283"
"Ty Harvey","C","SDP",,11,"19.8888888",,,"","","","","",,,"40","sa3069181"
"Yohendrick Piñango","LF","TOR",,11,"24.1138888",,,"","","","","",,,"40","26664"
"Zach Thornton","SP","NYM",,12,"24.4194444",,"Rise/Downh","40 / 45","45 / 50","45 / 45","40 / 50","60 / 70","88-92","95","45","33891"
"Tekoah Roby","MIRP","STL",,12,"24.75","7/31/25","Sink","45 / 50","55 / 55","70 / 70","40 / 60","40 / 40","94-97","99","45","sa3014519"
"Marlon Nieves","SP","LAD",,12,"21.0222222",,"Rise/Tail","55 / 60","50 / 70","","40 / 50","30 / 40","93-97","99","45","sa3021567"
"Jace LaViolette","CF","CLE",,12,"22.5388888",,,"","","","","",,,"45","sa3036058"
"Joseph Dzierwa","SP","BAL",,12,"22.2138888",,"Tail/Uphil","50 / 50","40 / 45","","55 / 60","35 / 60","91-95","96","45","sa3030726"
"Khristian Curtis","SP","PIT",,12,"24.1083333",,"Rise/Downh","50 / 50","45 / 50","55 / 55","55 / 60","30 / 40","94-96","99","45","sa3023473"
"Robert Gasser","SP","MIL",,12,"27.05","6/25/24","Uphill/Tai","45 / 45","60 / 60","","30 / 40","55 / 55","91-94","95","45","29812"
"Trevor McDonald","SP","SFG",,12,"25.3111111",,"Sink/Tail","50 / 50","50 / 50","","50 / 55","50 / 55","92-94","96","45","26448"
"Ashton Izzi","SP","ARI",,12,"22.5833333",,"Sink","45 / 50","50 / 55","40 / 50","30 / 50","35 / 45","92-95","97","40+","sa3022230"
"Ben Kudrna","SP","KCR",,12,"23.3833333",,"Sink/Tail","50 / 50","50 / 55","40 / 45","50 / 55","40 / 50","91-95","97","40+","sa3018253"
"Jaden Fauske","LF","CHW",,12,"19.575",,,"","","","","",,,"40+","sa3069258"
"Joswa Lugo","SS","LAA",,12,"19.4",,,"","","","","",,,"40+","sa3023894"
"Hansel Jimenez","3B","CIN",,12,"19.5361111",,,"","","","","",,,"40+","sa3025419"
"Dylan Fien","C","ATH",,12,"20.6611111",,,"","","","","",,,"40+","sa3067509"
"Owen Carey","CF","ATL",,12,"19.9055555",,,"","","","","",,,"40+","sa3067044"
"Cade Obermueller","SP","PHI",,12,"22.8888888",,"Uphill/Tai","50 / 55","45 / 50","","30 / 50","30 / 45","91-95","98","40+","sa3038991"
"Eiver Mosquera","SP","MIA",,12,"19.7722222",,"Rise","55 / 60","60 / 70","","30 / 45","30 / 45","94-97","99","40+","sa3068767"
"Sterlin Thompson","LF","COL",,12,"24.9777777",,,"","","","","",,,"40+","31443"
"Leandro Lopez","SP","TEX",,12,"24.0027777",,,"50 / 50","55 / 55","50 / 60","40 / 45","40 / 45","93-96","98","40+","sa3016748"
"Michael Oliveto","C","DET",,12,"19.375",,,"","","","","",,,"40+","sa3069256"
"Marcus Phillips","SP","BOS",,12,"21.8944444",,"Cut/Tail","55 / 60","60 / 60","","30 / 45","30 / 40","94-97","100","40+","sa3039870"
"Luis Perales","SIRP","WSN",,12,"23.1777777","6/1/24","Downhill","65 / 65","60 / 60","","","30 / 30","97-99","101","40+","sa3014677"
"Albert Fermín","3B","HOU",,12,"17.3583333",,,"","","","","",,,"40+","sa3075075"
"Ryan Gallagher","SP","MIN",,12,"23.4138888",,"Rise","50 / 60","45 / 50","","50 / 55","35 / 45","91-95","97","40+","sa3031857"
"Kaleb Wing","SP","CHC",,12,"19.4333333",,"Downhill","40 / 45","45 / 50","45 / 50","60 / 70","20 / 50","92-95","96","40+","sa3069271"
"Thatcher Hurd","SP","NYY",,12,"23.525","3/1/25","Tail","45 / 50","55 / 60","60 / 60","20 / 50","30 / 40","93-95","97","40","sa3034340"
"Michael Salina","SIRP","SDP",,12,"22.3833333","4/1/25","Rise/Downh","55 / 60","50 / 55","","30 / 40","30 / 40","94-96","99","40","sa3041443"
"Teddy McGraw","MIRP","SEA",,12,"24.6333333",,"Sink/Tail","50 / 55","60 / 60","","50 / 55","30 / 40","93-95","97","40","sa3025220"
"Jackson Ferris","SP","LAD",,13,"22.425",,"Rise/Tail","50 / 50","50 / 55","45 / 45","40 / 40","50 / 60","92-95","96","45","sa3020891"
"Caden Favors","SP","CLE",,13,"24.8027777",,"Cut","45 / 55","50 / 55","55 / 55","40 / 50","40 / 50","91-94","97","45","sa3025446"
"Enrique Bradfield Jr.","CF","BAL",,13,"24.5444444",,,"","","","","",,,"45","sa3022917"
"Duce Gourson","3B","PIT",,13,"23.7444444",,,"","","","","",,,"45","sa3025248"
"J.D. Thompson","SP","MIL",,13,"22.7222222",,"Rise","55 / 60","50 / 55","55 / 55","40 / 45","30 / 50","91-94","96","45","sa3043764"
"Joe Whitman","SP","SFG",,13,"24.7527777",,"Rise/Tail","50 / 55","45 / 55","","40 / 45","45 / 55","92-95","96","45","sa3023131"
"David Hagaman","SP","ARI",,13,"23.1722222","5/1/24","Rise","55 / 60","50 / 60","","45 / 55","30 / 45","93-96","98","40+","sa3032946"
"Felix Arronde","SP","KCR",,13,"23.1472222",,"Downhill","45 / 50","55 / 60","","40 / 50","40 / 50","93-95","98","40+","sa3016526"
"Aldrin Batista","SP","CHW",,13,"23.1222222",,"Sink/Tail","50 / 50","50 / 50","","45 / 55","40 / 55","92-94","96","40+","sa3019119"
"Chris Suero","C","NYM",,13,"22.3916666",,,"","","","","",,,"40+","sa3018614"
"Ryan Mitchell","CF","STL",,13,"19.4083333",,,"","","","","",,,"40+","sa3069261"
"Yilver De Paula","SS","LAA",,13,"18.425",,,"","","","","",,,"40+","sa3067753"
"Liberts Aponte","SS","CIN",,13,"18.6111111",,,"","","","","",,,"40+","sa3067288"
"Conor Essenburg","CF","ATL",,13,"19.75",,,"","","","","",,,"40+","sa3069281"
"Dante Nori","CF","PHI",,13,"21.6972222",,,"","","","","",,,"40+","sa3025411"
"Starlyn Caba","SS","MIA",,13,"20.5333333",,,"","","","","",,,"40+","sa3021070"
"Sebastian Blanco","SS","COL",,13,"18.4416666",,,"","","","","",,,"40+","sa3067801"
"Marc Church","SIRP","TEX",,13,"25.2166666",,"Downhill","60 / 60","60 / 60","","40 / 50","35 / 45","94-98","101","40+","26353"
"Angel De Los Santos","SS","DET",,13,"18.2916666",,,"","","","","",,,"40+","sa3067737"
"Harold Rivas","CF","BOS",,13,"18.1055555",,,"","","","","",,,"40+","sa3067705"
"Luke Dickerson","CF","WSN",,13,"20.8583333",,,"","","","","",,,"40+","sa3067329"
"Dasan Hill","SP","MIN",,13,"20.4805555",,"Downhill","50 / 55","60 / 70","55 / 60","40 / 50","20 / 40","94-98","99","40+","sa3067070"
"Will Sanders","SIRP","CHC",,13,"24.2166666",,"Rise/Tail","50 / 50","45 / 45","","","30 / 40","93-95","96","40+","sa3023508"
"Josh Kuroda-Grauer","2B","ATH",,13,"23.3833333",,,"","","","","",,,"40","sa3025386"
"Sean Paul Liñan","SP","NYY",,13,"21.6138888",,"Rise/Tail","40 / 40","","","55 / 60","35 / 55","91-94","95","40","sa3019270"
"Ryan Wideman","CF","SDP",,13,"22.6222222",,,"","","","","",,,"40","sa3060916"
"Silvano Hechavarria","SP","TOR",,13,"23.25",,"Rise/Tail","50 / 50","40 / 45","","50 / 55","45 / 55","92-96","97","40","sa3024856"
"Griffin Hugus","SP","SEA",,13,"22.3138888",,"Rise","45 / 50","55 / 60","45 / 50","30 / 45","35 / 45","91-93","95","40","sa3034275"
"Zach Cole","CF","HOU",,13,"25.8722222",,,"","","","","",,,"40","31583"
"Termarr Johnson","2B","PIT",,14,"22.0194444",,,"","","","","",,,"45","sa3020214"
"Josh Knoth","SP","MIL",,14,"20.8555555",,"Rise/Tail","55 / 60","20 / 55","60 / 60","40 / 55","20 / 50","92-96","98","45","sa3023420"
"Matt Wilkinson","SP","SFG",,14,"23.5222222",,"Rise","50 / 55","50 / 50","","40 / 55","40 / 50","89-91","92","45","sa3023171"
"Patrick Forbes","SP","ARI",,14,"21.9361111",,"Rise/Tail","60 / 60","55 / 60","","40 / 45","30 / 40","94-97","99","40+","sa3031537"
"Ramcell Medina","SS","KCR",,14,"18.5972222",,,"","","","","",,,"40+","sa3067543"
"R.J. Gordon","SP","NYM",,14,"24.6444444",,"Rise","45 / 45","45 / 50","40 / 45","50 / 55","45 / 50","91-93","96","40+","sa3032485"
"Tai Peete","CF","STL",,14,"20.8527777",,,"","","","","",,,"40+","sa3022966"
"Angel Nuñez","CF","CIN",,14,"17.1972222",,,"","","","","",,,"40+",
"Zach Ehrhard","RF","LAD",,14,"23.4083333",,,"","","","","",,,"40+","sa3025247"
"Edelson Cabral","SS","ATL",,14,"16.9611111",,,"","","","","",,,"40+","sa3075039"
"Juneiker Caceres","RF","CLE",,14,"18.8416666",,,"","","","","",,,"40+","sa3024329"
"Alex McFarlane","SIRP","PHI",,14,"25.025","9/1/23","Rise/Tail","65 / 65","50 / 60","","","30 / 40","95-99","101","40+","sa3020633"
"Jose Luis Acevedo","SS","BAL",,14,"17.5527777",,,"","","","","",,,"40+","sa3075053"
"Noble Meyer","SP","MIA",,14,"21.4388888",,"Tail/Uphil","45 / 60","50 / 60","","50 / 60","20 / 40","90-95","97","40+","sa3022945"
"Ashly Andujar","SS","COL",,14,"18.8861111",,,"","","","","",,,"40+","sa3023890"
"Randy Santana","CF","DET",,14,"17.75",,,"","","","","",,,"40+","sa3075057"
"Hector Ramos","2B","BOS",,14,"18.7472222",,,"","","","","",,,"40+","sa3067783"
"Gavin Fien","RF","WSN",,14,"19.2777777",,,"","","","","",,,"40+","sa3069166"
"Adrian  Bohorquez","SP","MIN",,14,"21.2916666",,"Rise/Tail","55 / 55","","60 / 70","30 / 40","30 / 40","94-97","99","40+","sa3021501"
"Kyle Lodise","SS","CHW",,14,"22.6694444",,,"","","","","",,,"40","sa3059833"
"Chris Cortez","SIRP","LAA",,14,"23.7",,"Sink","55 / 60","50 / 60","","40 / 45","35 / 45","97-99","101","40","sa3029417"
"Cole Miller","SP","ATH",,14,"21.1277777","4/1/24","Tail","35 / 40","45 / 50","","50 / 60","30 / 55","89-91","93","40","sa3067552"
"Alexander Almonte","MIRP","NYY",,14,"19.7611111",,"Tail","50 / 55","45 / 60","40 / 50","35 / 50","25 / 40","93-95","97","40","sa3024593"
"Ismael Agreda","MIRP","TEX",,14,"22.6944444",,"Rise","60 / 60","45 / 55","55 / 60","40 / 45","30 / 40","94-97","100","40","sa3017010"
"Kannon Kemp","SP","SDP",,14,"21.7916666",,"Downhill","40 / 45","45 / 50","","50 / 60","20 / 45","93-96","99","40","sa3067314"
"Sean Keys","3B","TOR",,14,"23.0611111",,,"","","","","",,,"40","sa3025317"
"Korbyn Dickerson","CF","SEA",,14,"22.6333333",,,"","","","","",,,"40","sa3030281"
"Alonzo Tredwell","MIRP","HOU",,14,"24.1111111",,"Rise","50 / 55","40 / 45","50 / 55","","30 / 45","91-94","95","40","sa3023524"
"Ariel Armas","C","CHC",,14,"23.5527777",,,"","","","","",,,"40","sa3025454"
"Brandyn Garcia","MIRP","ARI",,15,"26.0583333",,"Sink","60 / 50","50 / 55","60 / 50","35 / 50","35 / 40","94-97","98","40+","33568"
"Sean Gamble","2B/CF","KCR",,15,"19.95",,,"","","","","",,,"40+","sa3069253"
"Eli Serrano III","CF","NYM",,15,"23.1305555",,,"","","","","",,,"40+","sa3025407"
"Chen-Wei Lin","SP","STL",,15,"24.5722222",,"Downhill/T","60 / 70","40 / 45","","40 / 60","30 / 40","95-99","101","40+","sa3022876"
"Aaron Watson","SP","CIN",,15,"19.4527777",,"Tail","40 / 50","50 / 60","","30 / 45","25 / 60","92-94","96","40+","sa3069259"
"Kendall George","CF","LAD",,15,"21.6361111",,,"","","","","",,,"40+","sa3022660"
"Jaison Chourio","CF","CLE",,15,"21.0805555",,,"","","","","",,,"40+","sa3018399"
"Creed Willems","C","BAL",,15,"23.0388888",,,"","","","","",,,"40+","sa3017562"
"Josh Ekness","SIRP","MIA",,15,"24.3638888",,"Rise/Tail","60 / 60","55 / 60","50 / 50","","35 / 40","95-98","99","40+","33785"
"Rafael Flores Jr.","C","PIT",,15,"25.6138888",,,"","","","","",,,"40+","31991"
"Welinton Herrera","SIRP","COL",,15,"22.2083333",,"Rise","60 / 70","50 / 55","","45 / 55","30 / 35","95-98","99","40+","29318"
"Manuel Bolivar","C","DET",,15,"17.7888888",,,"","","","","",,,"40+","sa3075078"
"Brady  Ebel","SS","MIL",,15,"18.8972222",,,"","","","","",,,"40+","sa3069149"
"John Holobetz","SP","BOS",,15,"23.8833333",,"Rise/Tail","50 / 55","45 / 50","45 / 45","45 / 50","50 / 60","91-95","97","40+","sa3034016"
"Yoel Tejeda Jr. ","SP","WSN",,15,"22.9444444",,"Rise/Tail","50 / 55","40 / 45","","40 / 50","35 / 60","91-96","98","40+","sa3043611"
"Brandon Winokur","3B","MIN",,15,"21.5055555",,,"","","","","",,,"40+","sa3022613"
"Jonah Cox","CF","SFG",,15,"24.8722222",,,"","","","","",,,"40+","33270"
"Mason Adams","SP","CHW",,15,"26.3194444","4/2/25","Sink","40 / 40","50 / 50","50 / 50","40 / 40","50 / 60","90-93","94","40","sa3020388"
"Chase Shores","SIRP","LAA",,15,"22.075","3/1/2023","Tail/Downh","55 / 60","45 / 55","","40 / 50","30 / 50","95-98","100","40","sa3042212"
"Mason Barnett","MIRP","ATH",,15,"25.6138888",,"Rise","50 / 50","55 / 60","50 / 50","40 / 45","40 / 40","93-96","98","40","31741"
"Wilberson De Pena","RF","NYY",,15,"19.6055555",,,"","","","","",,,"40","sa3025019"
"Raudy Reyes","SIRP","ATL",,15,"17.8222222",,"Rise/Tail","60 / 70","60 / 60","45 / 55","","20 / 35","96-99","101","40","sa3066459"
"Cody Bowker","MIRP","PHI",,15,"22.5",,"Tail/Uphil","50 / 55","40 / 45","","40 / 50","30 / 45","91-94","95","40","sa3027486"
"AJ Russell","SIRP","TEX",,15,"21.9694444","4/1/24","Rise/Run","60 / 70","40 / 50","30 / 40","40 / 50","30 / 40","93-95","97","40","sa3041324"
"Kale Fountain","RF","SDP",,15,"20.8444444",,,"","","","","",,,"40","sa3067321"
"Adrian Pinto","2B","TOR",,15,"23.7388888",,,"","","","","",,,"40","sa3015542"
"Jackson Nezuh","SP","HOU",,15,"24.3527777",,"Rise","45 / 50","30 / 40","30 / 40","","35 / 50","91-94","96","40","sa3023411"
"Jostin Florentino","SP","CHC",,15,"21.5472222",,"Rise/Tail","30 / 40","60 / 70","","30 / 40","30 / 50","88-91","93","40","sa3021510"
"Robinson Ortiz","SIRP","SEA",,15,"26.4555555","12/1/22","Tail","50 / 55","55 / 55","","50 / 50","30 / 40","92-94","97","35+","sa3004006"
"Wellington Aracena","SIRP","ARI",,16,"21.475",,"Cut","55 / 60","50 / 55","","","30 / 35","96-99","101","40+","sa3019265"
"Boston Baro","3B","NYM",,16,"21.8194444",,,"","","","","",,,"40+","sa3022962"
"Ixan Henderson","SP","STL",,16,"24.3861111",,"Tail","50 / 60","45 / 50","","30 / 40","40 / 50","92-95","97","40+","sa3022953"
"Mason Morris","MIRP","CIN",,16,"22.825",,"Cut","60 / 60","60 / 60","","","30 / 45","94-97","99","40+","sa3038414"
"Zachary Root","SP","LAD",,16,"22.3666666",,"Tail/Uphil","35 / 35","","55 / 60","50 / 55","35 / 60","91-93","97","40+","sa3041130"
"Dauri Fernandez","SS","CLE",,16,"19.2805555",,,"","","","","",,,"40+","sa3024327"
"Levi Wells","MIRP","BAL",,16,"24.7416666",,"Rise","60 / 60","55 / 60","50 / 55","","30 / 40","94-97","100","40+","sa3023441"
"Edgardo De Leon","3B","MIA",,16,"19.3222222",,,"","","","","",,,"40+","sa3024339"
"Axiel Plaz","C","PIT",,16,"20.85",,,"","","","","",,,"40+","sa3018480"
"Derek Bernard","RF","COL",,16,"20.8583333",,,"","","","","",,,"40+","sa3018477"
"Malachi Witherspoon","SIRP","DET",,16,"21.85",,"Tail","55 / 60","50 / 60","50 / 50","","30 / 40","94-97","99","40+","sa3045488"
"Blake Burke","1B","MIL",,16,"23.0194444",,,"","","","","",,,"40+","sa3025381"
"Sadbiel Delzine","SP","BOS",,16,"18.4416666",,"Downhill","55 / 60","50 / 55","50 / 60","30 / 45","20 / 40","94-97","100","40+","sa3068089"
"Nauris De La Cruz","CF","WSN",,16,"18.7888888",,,"","","","","",,,"40+","sa3067878"
"Charlee Soto","SP","MIN",,16,"20.8",,"Tail","60 / 60","45 / 45","","55 / 60","30 / 45","95-98","100","40+","sa3023450"
"Caleb Kilian","SIRP","SFG",,16,"29.0444444",,"Cut & Sink","60 / 60","55 / 60","60 / 60","","40 / 50","95-97","99","40+","26213"
"Yandel Ricardo","SS","KCR",,16,"19.7",,,"","","","","",,,"40","sa3024305"
"Ky Bush","SP","CHW",,16,"26.6","2/10/25","Downhill","40 / 40","55 / 55","50 / 55","45 / 50","40 / 45","91-94","96","40","29823"
"Raudi Rodriguez","CF","LAA",,16,"22.9472222",,,"","","","","",,,"40","sa3022506"
"Tommy White","3B","ATH",,16,"23.2944444",,,"","","","","",,,"40","sa3025383"
"Henry Lalane","SIRP","NYY",,16,"22.0833333",,"Downhill/S","40 / 45","","40 / 50","50 / 60","30 / 50","91-94","95","40","sa3016066"
"Eric Hartman","CF","ATL",,16,"20.0055555",,,"","","","","",,,"40","sa3067040"
"Keaton Anthony","1B","PHI",,16,"24.9833333",,,"","","","","",,,"40","sa3022608"
"Dylan Dreiling","LF","TEX",,16,"23.1694444",,,"","","","","",,,"40","sa3025251"
"Truitt Madonna","C","SDP",,16,"19.2666666",,,"","","","","",,,"40","sa3069152"
"Josh Kasevich","SS","TOR",,16,"25.4194444",,,"","","","","",,,"40","sa3020203"
"Hudson Leach","SIRP","HOU",,16,"24.0055555",,"Rise and T","60 / 60","","70 / 70","","30 / 30","95-98","99","40","sa3023649"
"James Triantos","2B","CHC",,16,"23.3861111",,,"","","","","",,,"40","sa3017295"
"Mason Peters","SIRP","SEA",,16,"22.5",,"Rise/Tail","45 / 50","45 / 50","50 / 55","30 / 40","35 / 45","92-94","96","35+","sa3060252"
"Drew Cavanaugh","C","SFG",,17,"24.4472222",,,"","","","","",,,"40+","sa3022682"
"Dean Livingston","SP","ARI",,17,"19.7805555",,"Rise","45 / 55","40 / 55","","","20 / 45","92-94","97","40+",
"Dylan Ross","SIRP","NYM",,17,"25.7972222",,"Rise/Downh","65 / 65","60 / 60","50 / 50","","30 / 35","96-99","102","40+","sa3025659"
"Brycen Mautz","SP","STL",,17,"24.9194444",,"Tail","45 / 45","55 / 55","45 / 50","30 / 35","50 / 55","91-95","96","40+","31910"
"Luis Carias","SP","LAD",,17,"21.7166666",,"Rise/Tail","50 / 60","45 / 55","","35 / 50","30 / 50","93-96","98","40+","sa3021006"
"Daniel Espino","SIRP","CLE",,17,"25.4527777",,"Rise","60 / 65","60 / 65","","","40 / 45","94-97","99","40+","25625"
"Zach Fruit","MIRP","BAL",,17,"24.1833333",,"Downhill","60 / 60","50 / 55","","","40 / 45","94-98","100","40+","sa3023507"
"Andrew Salas","SS","MIA",,17,"18.2888888",,,"","","","","",,,"40+","sa3067045"
"Darell Morel","SS","PIT",,17,"18.7583333",,,"","","","","",,,"40+","sa3066667"
"Kelvis Salcedo","SIRP","DET",,17,"20.4027777",,"Downhill","45 / 50","50 / 55","","55 / 70","30 / 45","92-97","98","40+","sa3021531"
"Tyson Hardin","SP","MIL",,17,"24.5805555",,"Rise","50 / 50","50 / 55","","45 / 50","45 / 50","92-94","95","40+","sa3025574"
"Miguel Bleis","CF","BOS",,17,"22.2972222",,,"","","","","",,,"40+","sa3016834"
"Isaias Suarez","CF","WSN",,17,"17.5222222",,,"","","","","",,,"40+","sa3075070"
"Warren Calcaño","SS","KCR",,17,"18.6694444",,,"","","","","",,,"40","sa3067541"
"Juan Carela","MIRP","CHW",,17,"24.5083333",,"Sink/Tail","40 / 40","60 / 60","45 / 45","35 / 40","50 / 50","91-94","96","40","sa3009237"
"Sam Aldegheri","SP","LAA",,17,"24.775",,"Rise","40 / 45","50 / 50","40 / 45","50 / 55","45 / 50","89-92","94","40","26443"
"Edwin Arroyo","SS","CIN",,17,"22.8138888",,,"","","","","",,,"40","29957"
"Shotaro Morii","TWP","ATH",,17,"19.5083333",,"Rise/Tail","40 / 45","","40 / 50","45 / 55","30 / 55","90-94","96","40","sa3067343"
"Sabier Marte","SP","NYY",,17,"22.3555555",,"Downhill/T","40 / 45","45 / 55","","45 / 50","35 / 50","91-94","96","40","sa3019431"
"Blake Burkhalter","SIRP","ATL",,17,"25.7472222",,"Rise/Tail","55 / 60","50 / 55","40 / 45","","35 / 40","93-97","99","40","sa3020382"
"Gabe Craig","SIRP","PHI",,17,"24.9583333",,"Tail","50 / 50","60 / 70","","","30 / 40","93-96","97","40","sa3029515"
"Marcos Herrera","SIRP","COL",,17,"21.6861111",,"Tail","60 / 70","40 / 55","","45 / 55","30 / 40","95-98","99","40","sa3019261"
"Malcolm Moore","C","TEX",,17,"22.8833333",,,"","","","","",,,"40","sa3025250"
"Adam Macko","MIRP","TOR",,17,"25.4666666",,"Rise/Tail","50 / 50","50 / 50","50 / 50","50 / 55","40 / 45","90-94","96","40","25590"
"Alimber Santa","SIRP","HOU",,17,"23.125",,"Run","50 / 50","60 / 60","55 / 55","30 / 35","30 / 35","93-95","99","40","28846"
"Kyler Fedko","RF","MIN",,17,"26.7416666",,,"","","","","",,,"40","29930"
"Jonathon Long","1B","CHC",,17,"24.4111111",,,"","","","","",,,"40","sa3022864"
"Jase Bowen","CF","SDP",,17,"25.7944444",,,"","","","","",,,"35+","26047"
"Marcelo Perez","SP","SEA",,17,"26.5888888",,"Rise","40 / 40","50 / 55","","30 / 40","45 / 55","91-94","95","35+","sa3020889"
"Dakota Jordan","CF","SFG",,18,"23.1083333",,,"","","","","",,,"40+","sa3025601"
"Junior Ciprian","SP","ARI",,18,"21.0444444",,"Rise","60 / 70","40 / 55","","30 / 50","30 / 50","93-96","98","40+","sa3023107"
"Jonathan Pintaro","SIRP","NYM",,18,"28.6138888",,"Tail/Uphil","55 / 60","55 / 55","","50 / 55","40 / 40","93-97","99","40+","33980"
"Hancel Rincon","SP","STL",,18,"24.1388888",,"Tail","40 / 40","50 / 55","","55 / 60","55 / 60","92-95","96","40+","sa3009629"
"Oliver Gonzalez","SP","LAD",,18,"19.6444444",,"Rise","50 / 70","40 / 50","45 / 55","20 / 45","20 / 45","91-94","96","40+","sa3024789"
"Joey Oakie","SIRP","CLE",,18,"20.1083333",,"Rise/Tail","55 / 70","40 / 55","","30 / 50","20 / 40","93-97","100","40+","sa3067418"
"Patrick Reilly","SIRP","BAL",,18,"24.6972222",,"Rise","60 / 60","45 / 50","","","30 / 40","93-95","98","40+","sa3023038"
"Dax Fulton","SP","MIA",,18,"24.6722222","6/15/23*","Cut/Downhi","55 / 60","45 / 55","55 / 60","40 / 50","35 / 40","92-96","97","40+","27757"
"Tony Blanco Jr.","1B","PIT",,18,"21.0944444",,,"","","","","",,,"40+","sa3019722"
"Oscar Tineo","SS","DET",,18,"17.325",,,"","","","","",,,"40+","sa3075079"
"Braylon Payne","CF","MIL",,18,"19.8444444",,,"","","","","",,,"40+","sa3025647"
"Samil Serrano","LF","WSN",,18,"17.6305555",,,"","","","","",,,"40+","sa3075061"
"Drew Beam","SP","KCR",,18,"23.3444444","2/1/21","Tail","50 / 50","40 / 50","45 / 50","45 / 50","40 / 50","94-96","98","40","sa3026785"
"William Bergolla","SS","CHW",,18,"21.6888888",,,"","","","","",,,"40","sa3019777"
"CJ Gray","SP","LAA",,18,"19.3972222",,"SInk/Tail","45 / 55","50 / 60","","","20 / 45","94-96","97","40","sa3069276"
"Leo Balcazar","SS","CIN",,18,"22.0027777",,,"","","","","",,,"40","sa3015798"
"Edgar Montero","3B","ATH",,18,"19.575",,,"","","","","",,,"40","sa3024109"
"Chalniel Arias","SP","NYY",,18,"22.7694444",,"Tail","50 / 55","45 / 50","","40 / 50","30 / 40","94-96","97","40","sa3019370"
"Rolddy Muñoz","SIRP","ATL",,18,"26.1777777",,"None","60 / 60","65 / 70","","","30 / 35","96-99","100","40","27407"
"Ramon Marquez","SIRP","PHI",,18,"20.7472222",,"Downhill/T","45 / 50","40 / 45","","60 / 70","30 / 45","92-95","96","40","sa3067514"
"Brody Brecht","SIRP","COL",,18,"23.725",,"None","60 / 60","55 / 60","45 / 55","","20 / 30","96-98","99","40","sa3027632"
"Emiliano Teodo","SIRP","TEX",,18,"25.3444444",,"Sink","55 / 60","60 / 60","","","20 / 30","95-98","101","40","sa3015158"
"Blaine Bullard","CF","TOR",,18,"19.8388888",,,"","","","","",,,"40","sa3069298"
"Mikey Romero","3B","BOS",,18,"22.4333333",,,"","","","","",,,"40","sa3020216"
"Will Bush","C","HOU",,18,"22.2888888",,,"","","","","",,,"40","sa3022698"
"Gabriel Gonzalez","RF","MIN",,18,"22.4555555",,,"","","","","",,,"40","28833"
"Riley Martin","SIRP","CHC",,18,"28.2472222",,"Rise","50 / 50","55 / 55","70 / 70","","35 / 40","91-96","97","40","29934"
"Luis Gutierrez","MIRP","SDP",,18,"22.8833333",,"Tail","45 / 50","45 / 50","","40 / 45","50 / 55","90-94","97","35+","sa3016469"
"Christian Little","SIRP","SEA",,18,"22.9527777",,"Rise","55 / 60","40 / 45","40 / 55","40 / 50","30 / 40","92-96","98","35+","sa3036393"
"Jacob Bresnahan","SP","SFG",,19,"20.975",,"Rise","50 / 60","45 / 50","","50 / 60","30 / 45","91-95","96","40+","sa3023066"
"Hunter Cranton","SIRP","ARI",,19,"25.65",,"Rise","65 / 65","55 / 70","","","30 / 40","96-99","100","40+","sa3025298"
"Pete Hansen","SP","STL",,19,"25.8888888",,"Rise","35 / 35","45 / 50","40 / 40","50 / 55","55 / 60","90-92","93","40+","sa3020798"
"JT Quinn","MIRP","BAL",,19,"22.1555555",,"Downhill","60 / 60","60 / 60","60 / 60","40 / 50","30 / 40","95-97","99","40+","sa3040345"
"Kemp Alderman","LF","MIA",,19,"23.8277777",,,"","","","","",,,"40+","sa3022562"
"Antwone Kelly","SIRP","PIT",,19,"22.7972222",,"Rise/Tail","45 / 60","","","55 / 60","40 / 50","96-99","101","40+","29000"
"Owen Hall","SP","DET",,19,"20.5944444",,"Rise/Tail","45 / 60","45 / 60","","30 / 50","30 / 45","92-94","97","40+","sa3066594"
"Shane Drohan","MIRP","MIL",,19,"27.4472222",,"Rise","50 / 50","50 / 50","","55 / 55","45 / 45","91-95","97","40+","27814"
"Grant Kipp","MIRP","CHC",,19,"26.6027777",,"Rise/Tail","45 / 50","50 / 50","60 / 60","40 / 40","45 / 45","91-94","97","40","sa3020185"
"Steven Zobac","SP","KCR",,19,"25.6777777",,"Cut/Rise","50 / 55","50 / 55","","30 / 40","50 / 55","92-94","96","40","sa3020875"
"Jeral Perez","2B","CHW",,19,"21.6166666",,,"","","","","",,,"40","sa3018557"
"Nick Morabito","CF","NYM",,19,"23.1138888",,,"","","","","",,,"40","32119"
"Gabriel Davalillo","1B","LAA",,19,"18.6166666",,,"","","","","",,,"40","sa3068659"
"Jirvin Morillo","C","CIN",,19,"19.4388888",,,"","","","","",,,"40","sa3023751"
"Eduarniel Núñez","SIRP","ATH",,19,"27.0305555",,"Rise","70 / 70","70 / 70","","","20 / 30","94-100","101","40","23162"
"Brock Selvidge","SIRP","NYY",,19,"23.8055555",,"Rise/Tail","55 / 55","60 / 60","45 / 45","30 / 30","30 / 30","92-95","97","40","sa3017950"
"Joendry Vargas","SS","LAD",,19,"20.6111111",,,"","","","","",,,"40","sa3021067"
"Carter Holton","SP","ATL",,19,"23.7888888",,"Rise","45 / 45","55 / 60","45 / 45","45 / 50","30 / 40","92-94","97","40","sa3025599"
"George Valera","RF","CLE",,19,"25.5972222",,,"","","","","",,,"40","22541"
"Dylan Campbell","RF","PHI",,19,"23.9611111",,,"","","","","",,,"40","sa3022751"
"Eiberson Castellano","SIRP","COL",,19,"25.1083333",,"Tail","40 / 45","55 / 60","60 / 60","45 / 50","35 / 40","93-95","96","40","28040"
"Izack Tiger","SIRP","TEX",,19,"25.3611111","9/1/24","Rise","65 / 65","55 / 60","","","30 / 45","94-97","100","40","sa3022875"
"RJ Schreck","RF","TOR",,19,"25.9333333",,,"","","","","",,,"40","sa3022602"
"Hayden Mullins","SIRP","BOS",,19,"25.7611111",,"Rise","45 / 50","55 / 60","","40 / 50","35 / 40","91-94","95","40","sa3023218"
"Alex Clemmey","SP","WSN",,19,"20.9166666",,"Rise/Tail","45 / 45","45 / 50","","40 / 50","40 / 50","92-95","97","40","sa3023421"
"Kala'i Rosario","RF","MIN",,19,"23.9611111",,,"","","","","",,,"40","sa3015199"
"Garrett Hawkins","SIRP","SDP",,19,"26.3555555",,"Rise","60 / 60","45 / 50","","40 / 45","35 / 40","93-95","98","35+","sa3017383"
"Michael Morales","SP","SEA",,19,"23.8472222",,"Downhill","35 / 40","50 / 50","50 / 50","45 / 50","50 / 60","91-93","95","35+","sa3017783"
"Caden Powell","3B","HOU",,19,"22.65",,,"","","","","",,,"35+","sa3025361"
"Yunior Marte","SP","SFG",,20,"22.7777777",,"Rise/Tail","55 / 60","45 / 55","","","30 / 45","94-97","99","40+","sa3018367"
"Jesus Baez","2B","STL",,20,"21.3111111",,,"","","","","",,,"40+","sa3018507"
"Elvin Garcia","3B","BAL",,20,"19.4166666",,,"","","","","",,,"40+","sa3024147"
"Manuel Genao","SIRP","MIA",,20,"20.6027777",,"Sink/Tail","45 / 55","50 / 60","40 / 50","","35 / 45","93-96","97","40+","sa3024519"
"Jesus Travieso","SIRP","PIT",,20,"19.2388888",,"Downhill","55 / 60","50 / 55","","45 / 55","30 / 40","95-98","101","40+","sa3024565"
"Coleman Crow","SIRP","MIL",,20,"25.4666666",,"Tail/Uphil","45 / 45","50 / 50","55 / 60","","45 / 50","90-93","94","40+","27926"
"Eli Jerzembeck","MIRP","CHC",,20,"23.0027777",,"Tail","45 / 50","55 / 60","","45 / 50","30 / 50","92-95","96","40","sa3034672"
"Adriel Radney","RF","ARI",,20,"18.9861111",,,"","","","","",,,"40","sa3023886"
"Blake Wolters","SP","KCR",,20,"21.6472222",,"Rise","50 / 55","45 / 55","","40 / 50","30 / 40","92-94","97","40","sa3023513"
"Tanner Murray","UTIL","CHW",,20,"26.7916666",,,"","","","","",,,"40","28848"
"Mitch Voit","2B","NYM",,20,"21.7166666",,,"","","","","",,,"40","sa3044552"
"Dylan Jordan","SP","LAA",,20,"20.675",,"Rise/Tail","45 / 55","40 / 45","","50 / 55","35 / 50","91-94","96","40","sa3067384"
"Arnaldo Lantigua","LF","CIN",,20,"20.4972222",,,"","","","","",,,"40","sa3021084"
"Corey Avant","SIRP","ATH",,20,"24.6166666",,"Downhill","50 / 60","50 / 55","","","40 / 45","93-97","99","40","sa3023137"
"Kellon Lindsey","CF","LAD",,20,"20.7416666",,,"","","","","",,,"40","sa3067042"
"Luis Guanipa","CF","ATL",,20,"20.5083333",,,"","","","","",,,"40","sa3020884"
"Alfonsin Rosario","RF","CLE",,20,"21.9916666",,,"","","","","",,,"40","sa3022868"
"Alirio Ferrebus","C","PHI",,20,"20.7666666",,,"","","","","",,,"40","sa3022306"
"Jackson Cox","SP","COL",,20,"22.7305555","45108","None","45 / 50","40 / 50","45 / 55","30 / 45","35 / 45","91-94","96","40","sa3020899"
"Enyel Lopez","SIRP","TEX",,20,"20.775",,"Tail","55 / 60","45 / 60","50 / 60","","20 / 40","96-98","99","40","sa3067495"
"Lucas Elissalt","SP","DET",,20,"21.9111111",,"Rise","40 / 45","40 / 50","60 / 60","30 / 45","30 / 50","90-93","94","40","sa3067134"
"Brandon Barriera","SP","TOR",,20,"22.2888888",,"Cut","50 / 50","50 / 55","40 / 45","45 / 55","30 / 45","93-96","99","40","sa3020683"
"Jedixson Paez","SP","BOS",,20,"22.4194444",,"Sink/Tail","30 / 40","45 / 50","50 / 50","50 / 55","55 / 70","89-92","93","40","29114"
"Abimelec  Ortiz","1B","WSN",,20,"24.3222222",,,"","","","","",,,"40","sa3016926"
"Yasser Mercedes","CF","MIN",,20,"21.5888888",,,"","","","","",,,"40","sa3019557"
"Brendan Beck","SP","NYY",,20,"27.7","1/1/21","Sink","30 / 30","55 / 55","40 / 40","40 / 45","70 / 70","89-92","94","35+","33043"
"Jagger Haynes","MIRP","SDP",,20,"23.7444444",,"Rise/Tail","40 / 50","50 / 55","","45 / 50","40 / 40","91-95","97","35+","sa3020876"
"Blas Castaño","MIRP","SEA",,20,"27.7777777",,"Sink","45 / 45","50 / 50","55 / 55","50 / 50","40 / 45","92-94","95","35+","26117"
"Luis Baez","1B","HOU",,20,"22.4361111",,,"","","","","",,,"35+","sa3018482"
"Cooper Hjerpe","MIRP","STL",,21,"25.2555555","4/15/25","Rise/Tail","55 / 55","55 / 60","","50 / 50","45 / 50","89-91","93","40+","sa3020736"
"Wilfri De La Cruz","3B","BAL",,21,"18.7583333",,,"","","","","",,,"40+","sa3067682"
"Cristian Hernández","SS","MIA",,21,"22.5138888",,,"","","","","",,,"40+","sa3015696"
"Estuar Suero","RF","PIT",,21,"20.8027777",,,"","","","","",,,"40+","sa3018481"
"Craig Yoho","SIRP","MIL",,21,"26.6527777",,"Tail/Uphil","50 / 50","","50 / 50","70 / 70","30 / 35","90-94","95","40+","33248"
"Miguel Caraballo","C","MIN",,21,"17.8111111",,,"","","","","",,,"40","sa3067756"
"Brody McCullough","SP","CHC",,21,"25.9666666",,"Cut/Rise","45 / 50","50 / 50","","40 / 50","50 / 60","91-94","96","40","sa3020599"
"Daniel Susac","C","SFG",,21,"25.0944444",,,"","","","","",,,"40","31441"
"Mitch Bratt","SP","ARI",,21,"22.9583333",,"Rise/Tail","45 / 45","45 / 50","45 / 50","45 / 50","55 / 70","89-93","94","40","sa3017719"
"Shane Van Dam","SP","KCR",,21,"22.1888888",,"Rise/Tail","50 / 55","45 / 55","55 / 60","40 / 50","30 / 45","95-96","98","40","sa3044327"
"Zach Franklin","SIRP","CHW",,21,"27.6416666",,"Rise","60 / 60","","","","30 / 35","92-95","97","40","sa3022735"
"Ryan Lambert","SIRP","NYM",,21,"23.7944444",,"Rise","70 / 80","50 / 55","","","30 / 35","95-99","101","40","sa3025613"
"Samy Natera Jr.","SIRP","LAA",,21,"26.6194444",,"Rise","50 / 55","50 / 60","","","30 / 40","93-95","97","40","31936"
"Luke Holman","SP","CIN",,21,"23.45",,"Rise/Downh","40 / 40","60 / 60","60 / 60","","35 / 55","91-94","96","40","sa3034003"
"Kenya Huggins","SP","ATH",,21,"23.5166666","7/1/23","Downhill","50 / 50","50 / 50","","40 / 45","45 / 55","92-96","98","40","sa3020609"
"Ryan Ward","LF","LAD",,21,"28.3194444",,,"","","","","",,,"40","27449"
"Landon Beidelschies","SP","ATL",,21,"22.2222222",,"Rise/Tail","35 / 40","50 / 55","45 / 50","45 / 50","40 / 50","91-93","95","40","sa3026885"
"Franklin Gomez","SP","CLE",,21,"20.95",,"Rise/Tail","45 / 50","45 / 50","","45 / 55","35 / 50","91-94","96","40","sa3019153"
"Anderson Araujo","C","PHI",,21,"18.1944444",,,"","","","","",,,"40","sa3067663"
"Tyler Hampu","SIRP","COL",,21,"23.9277777",,"Tail","60 / 60","55 / 60","","45 / 50","30 / 40","96-98","99","40","sa3033115"
"Josh Stephan","SP","TEX",,21,"24.6305555",,"Tail","40 / 40","55 / 55","","45 / 50","55 / 60","90-93","95","40","sa3015286"
"John Peck","SS","DET",,21,"23.9166666",,,"","","","","",,,"40","sa3022896"
"Tim Piasentin","3B","TOR",,21,"19.2305555",,,"","","","","",,,"40","sa3069278"
"Tyler Uberstine","MIRP","BOS",,21,"27.0472222",,"Tail","40 / 40","50 / 50","","55 / 55","50 / 55","92-93","95","40","29961"
"Ethan Petry","1B","WSN",,21,"22.0027777",,,"","","","","",,,"40","sa3039828"
"Carson Coleman","SIRP","NYY",,21,"28.1972222","4/1/23","Rise/Tail","65 / 65","40 / 45","","30 / 30","40 / 40","94-96","97","35+","sa3014857"
"Joniel Hernandez","SS","SDP",,21,"17.2833333",,,"","","","","",,,"35+","sa3075052"
"Brock Rodden","2B","SEA",,21,"26.0638888",,,"","","","","",,,"35+","sa3022432"
"James Hicks","SP","HOU",,21,"25.1083333",,"Tail","40 / 40","50 / 50","40 / 45","50 / 50","50 / 60","91-94","95","35+","sa3023161"
"Sem Robberse","MIRP","STL",,22,"24.6833333","3/15/25","Rise","40 / 45","50 / 60","","50 / 60","45 / 55","90-92","93","40+","sa3011735"
"Ariel Roque","CF","BAL",,22,"17.6583333",,,"","","","","",,,"40+","sa3075056"
"Reinold Navarro","SIRP","PIT",,22,"19.6583333",,"Rise","70 / 80","55 / 60","","40 / 50","20 / 20","95-98","99","40+","sa3024459"
"Brett Wichrowski","SIRP","MIL",,22,"23.8416666",,"Rise/Tail","55 / 60","50 / 55","50 / 60","40 / 45","30 / 40","93-96","98","40+","sa3023366"
"Haritzon Castillo","2B","MIN",,22,"18.2361111",,,"","","","","",,,"40","sa3067692"
"Brandon Birdsell","SP","CHC",,22,"26.2361111",,"Downhill","45 / 45","60 / 60","50 / 50","30 / 40","60 / 70","93-95","96","40","sa3020797"
"Argenis Cayama","SP","SFG",,22,"19.7583333",,"Tail","40 / 50","45 / 55","","40 / 50","25 / 55","91-95","96","40","sa3025006"
"Slade Caldwell","CF","ARI",,22,"20",,,"","","","","",,,"40","sa3066460"
"Hiro Wyatt","SP","KCR",,22,"21.8138888",,"Tail","45 / 45","45 / 55","","40 / 50","35 / 55","92-95","96","40","sa3023613"
"Duncan Davitt","SP","CHW",,22,"26.7361111",,"Rise/Tail","40 / 40","50 / 50","45 / 45","40 / 40","55 / 60","90-93","94","40","31886"
"Ben Simon","SIRP","NYM",,22,"24.2388888",,"Uphill","60 / 60","45 / 55","","45 / 55","40 / 45","94-97","99","40","sa3023164"
"Keythel Key","SIRP","LAA",,22,"22.6888888",,"Rise/Tail","50 / 60","50 / 60","","35 / 55","20 / 40","93-97","99","40","sa3016282"
"Julian Aguiar","SP","CIN",,22,"25.0388888","10/11/24","Sink","45 / 50","45 / 50","","45 / 55","50 / 55","93-95","97","40","30031"
"Yunior Tur","SIRP","ATH",,22,"26.8583333",,"Rise","60 / 70","40 / 40","","","40 / 40","94-97","100","40","sa3021045"
"Landyn Vidourek","RF","LAD",,22,"22.6166666",,,"","","","","",,,"40","sa3044483"
"Lucas Braun","SP","ATL",,22,"24.8111111",,"Rise/Tail","40 / 40","45 / 45","45 / 45","45 / 50","50 / 60","92-94","96","40","sa3022996"
"Austin Peterson","SP","CLE",,22,"26.7472222",,"Rise/Tail","40 / 40","50 / 55","45 / 50","35 / 40","50 / 55","90-93","95","40","sa3020868"
"Dayber Cruceta","CF","PHI",,22,"18.2555555",,,"","","","","",,,"40","sa3067671"
"Luis Cova","CF","MIA",,22,"19.3805555",,,"","","","","",,,"40","sa3023723"
"Konner Eaton","MIRP","COL",,22,"23.55",,"Tail","45 / 45","50 / 50","","50 / 50","40 / 50","93-95","96","40","sa3025350"
"Carter Baumler","SP","TEX",,22,"24.3833333","10/28/20","Rise","55 / 55","40 / 50","55 / 60","35 / 40","35 / 45","93-96","97","40","30231"
"Franyerber Montilla","SS","DET",,22,"21.175",,,"","","","","",,,"40","sa3018580"
"Grant Rogers","SP","TOR",,22,"25.0722222",,"Sink/Tail","40 / 40","50 / 50","","40 / 50","35 / 60","90-94","96","40","sa3023522"
"Tyler Samaniego","SIRP","BOS",,22,"27.3833333",,"Rise/Tail","55 / 55","50 / 50","","40 / 50","55 / 60","92-94","95","40","30081"
"Riley Cornelio","SIRP","WSN",,22,"26.0333333",,"Sink","55 / 60","60 / 60","","30 / 40","40 / 40","93-96","98","40","31953"
"Rory Fox","SIRP","NYY",,22,"22.375",,"Rise","50 / 55","45 / 50","40 / 45","30 / 40","30 / 50","90-94","96","35+","sa3031610"
"Alex McCoy","LF","SDP",,22,"24.3555555",,,"","","","","",,,"35+","sa3067170"
"Luis Suisbel","3B","SEA",,22,"23.0694444",,,"","","","","",,,"35+","sa3016717"
"Gabel Pentecost","SP","HOU",,22,"22.9472222",,,"35 / 40","35 / 45","40 / 50","30 / 40","40 / 55","91-94","95","35+","sa3069375"
"Bryce Meccage","SP","MIL",,23,"20.2416666",,"Rise/Tail","50 / 55","45 / 55","45 / 55","35 / 45","20 / 45","93-95","98","40+","sa3067069"
"Enmanuel Merlo","3B","MIN",,23,"17.5722222",,,"","","","","",,,"40","sa3075067"
"Luis De La Torre","MIRP","SFG",,23,"22.7833333",,"Rise","55 / 55","45 / 50","50 / 55","30 / 40","30 / 45","94-96","98","40","sa3022880"
"Yassel Soler","3B","ARI",,23,"20.3944444",,,"","","","","",,,"40","sa3022281"
"Michael Lombardi","SIRP","KCR",,23,"22.7444444",,"Rise","55 / 60","","55 / 60","30 / 40","30 / 40","92-95","97","40","sa3036476"
"Tyler Schweitzer","MIRP","CHW",,23,"25.7472222",,"Cut","45 / 55","45 / 45","45 / 50","40 / 40","45 / 50","92-94","96","40","31920"
"Justin Hagenman","SP","NYM",,23,"29.6972222",,"Sink/Uphil","40 / 40","50 / 50","35 / 40","50 / 55","60 / 60","89-93","95","40","21546"
"Cade Crossland","SP","STL",,23,"22.3805555",,"Rise/Tail","45 / 50","45 / 50","45 / 50","50 / 55","30 / 45","91-95","97","40","sa3058955"
"Walbert Ureña","SIRP","LAA",,23,"22.3972222",,"Downhill","60 / 60","40 / 50","","50 / 60","20 / 30","94-99","101","40","29357"
"Sheng-En  Lin","SP","CIN",,23,"20.7972222",,"Rise","45 / 50","","50 / 55","45 / 55","25 / 60","90-94","95","40","sa3022820"
"Will Johnston","SIRP","ATH",,23,"25.5166666",,"Rise","50 / 50","45 / 50","","","40 / 50","88-92","95","40","sa3022940"
"Ching-Hsien Ko","RF","LAD",,23,"19.8527777",,,"","","","","",,,"40","sa3025230"
"Josh Hartle","SP","CLE",,23,"23.2333333",,"Sink","35 / 40","45 / 50","","50 / 55","40 / 55","89-93","94","40","sa3025623"
"Kehden Hettiger","C","PHI",,23,"22.0638888",,,"","","","","",,,"40","sa3022812"
"Boston Bateman","SP","BAL",,23,"20.7444444",,"Downhill","45 / 50","45 / 50","","30 / 45","30 / 50","94-96","98","40","sa3067145"
"Adrian  Pena","SP","MIA",,23,"18.1277777",,"Downhill","50 / 70","40 / 50","","40 / 60","20 / 40","92-97","98","40","sa3068110"
"Thomas Harrington","SP","PIT",,23,"24.9333333",,"Rise/Tail","30 / 30","55 / 55","45 / 45","","55 / 60","91-94","95","40","31989"
"Griffin Herring","SP","COL",,23,"23.1138888",,"Rise/Tail","45 / 50","50 / 55","","45 / 50","40 / 45","89-92","94","40","sa3033707"
"Gavin Collyer","SIRP","TEX",,23,"25.1",,"Tail/Uphil","60 / 60","55 / 60","","","30 / 35","96-98","99","40","26349"
"Jude Warwick","SS","DET",,23,"20.775",,,"","","","","",,,"40","sa3067338"
"Spencer Miles","SIRP","TOR",,23,"25.8944444",,,"60 / 60","50 / 55","","45 / 55","30 / 40","95-98","99","40","31621"
"Angel Bastardo","SIRP","BOS",,23,"24","7/1/24","Downhill","50 / 55","50 / 55","50 / 50","60 / 60","30 / 45","93-97","98","40","sa3009716"
"Sir Jamison Jones","C","WSN",,23,"20.0805555",,,"","","","","",,,"40","sa3067322"
"Eli Lovich","RF","CHC",,23,"20.8777777",,,"","","","","",,,"35+","sa3067332"
"Tony Rossi","SIRP","NYY",,23,"26.9472222",,"Sink/Tail","45 / 45","60 / 60","","","30 / 40","90-96","97","35+","sa3067082"
"Drue Hackenberg","SP","ATL",,23,"24.2138888",,"Sink","40 / 45","40 / 44","45 / 50","30 / 40","30 / 40","92-95","96","35+","sa3023304"
"Josh Mallitz","MIRP","SDP",,23,"24.6611111",,"Downhill","50 / 50","50 / 50","","55 / 55","40 / 45","93-96","98","35+","sa3025568"
"Tyler Cleveland","SIRP","SEA",,23,"26.775",,"Tail/sink","40 / 40","","40 / 45","45 / 45","40 / 45","86-88","89","35+","sa3020840"
"Cole Hertzler","SP","HOU",,23,"22.9916666",,"Rise","40 / 45","35 / 50","30 / 45","50 / 55","35 / 50","91-94","95","35+","sa3025638"
"James Ellwanger","SP","MIN",,24,"22.0916666",,"Downhill","55 / 55","","60 / 60","30 / 40","30 / 40","93-97","100","40","sa3030911"
"Trevor Cohen","CF","SFG",,24,"22.6361111",,,"","","","","",,,"40","sa3029111"
"Brian Curley","SIRP","ARI",,24,"23.0472222",,"Rise","60 / 60","50 / 55","50 / 55","","30 / 45","95-96","100","40","sa3029705"
"Austin Charles","SS","KCR",,24,"22.5972222",,,"","","","","",,,"40","sa3020497"
"Samuel Zavala","CF","CHW",,24,"21.925",,,"","","","","",,,"40","sa3015718"
"Randy Guzman","1B","NYM",,24,"21.1638888",,,"","","","","",,,"40","sa3021106"
"Tanner Franklin","SP","STL",,24,"22.0638888",,"Tail","60 / 70","40 / 55","","30 / 40","30 / 40","95-97","102","40","sa3031652"
"Capri Ortiz","SS","LAA",,24,"21.2138888",,,"","","","","",,,"40","sa3018473"
"JeanPierre Ortiz","SP","CIN",,24,"22.3333333",,"Rise/Tail","50 / 55","50 / 55","","30 / 45","30 / 50","91-95","97","40","sa3024922"
"Chase Harlan","3B","LAD",,24,"19.9416666",,,"","","","","",,,"40","sa3067256"
"Petey Halpin","CF","CLE",,24,"24.0611111",,,"","","","","",,,"40","27931"
"Seth Johnson","SIRP","PHI",,24,"27.7472222","8/3/22","Downhill","50 / 50","55 / 55","50 / 50","","30 / 30","93-97","100","40","26020"
"Reed Trimble","CF","BAL",,24,"26.0333333",,,"","","","","",,,"40","sa3017180"
"Brendan Jones","CF","MIA",,24,"24.15",,,"","","","","",,,"40","sa3025253"
"Matt Ager","SP","PIT",,24,"23.075",,"Rise/Tail","45 / 50","50 / 50","40 / 40","40 / 50","55 / 60","90-94","96","40","sa3025798"
"Gabriel Hughes","SP","COL",,24,"24.8222222",,"Cut","45 / 45","50 / 50","45 / 50","45 / 50","40 / 45","90-93","95","40","sa3020661"
"Elian Rosario","RF","TEX",,24,"17.7027777",,,"","","","","",,,"40","sa3075049"
"Ben Jacobs","SP","DET",,24,"22.0194444",,"Rise","45 / 45","45 / 50","40 / 50","50 / 60","30 / 45","91-94","95","40","sa3034527"
"Marco Dinges","C","MIL",,24,"22.7861111",,,"","","","","",,,"40","sa3025495"
"Edward Duran","C","TOR",,24,"22.0527777",,,"","","","","",,,"40","sa3016719"
"Yoeilin Cespedes","2B","BOS",,24,"20.7777777",,,"","","","","",,,"40","sa3021085"
"Caleb Lomavita","C","WSN",,24,"23.5833333",,,"","","","","",,,"40","sa3025404"
"Juan Tomas","3B","CHC",,24,"18.5555555",,,"","","","","",,,"35+","sa3067758"
"Chen Zhong-Ao  Zhuang","SP","ATH",,24,"25.8138888",,"Rise/Tail","40 / 40","40 / 40","45 / 45","55 / 55","55 / 60","90-93","97","35+","sa3018174"
"Stiven Marinez","SS","NYY",,24,"18.8277777",,,"","","","","",,,"35+","sa3067713"
"Ethan Bagwell","SP","ATL",,24,"20.3166666",,"Rise/Tail","40 / 45","45 / 55","","40 / 50","40 / 55","90-93","96","35+","sa3025661"
"Lamar King Jr.","C","SDP",,24,"22.5305555",,,"","","","","",,,"35+","sa3020279"
"Charlie Pagliarini","2B","SEA",,24,"25.5166666",,,"","","","","",,,"35+","sa3022487"
"Anthony Huezo","CF","HOU",,24,"20.6277777",,,"","","","","",,,"35+","sa3022691"
"Cesar Lares","SIRP","MIN",,25,"22.9583333",,"Tail","40 / 40","55 / 60","50 / 50","40 / 50","35 / 55","90-93","94","40","sa3019384"
"Hunter Dryden","SIRP","SFG",,25,"24.0222222",,"Rise","55 / 60","40 / 50","40 / 50","40 / 50","30 / 40","94-96","98","40","sa3067105"
"Daury Vasquez","SP","ARI",,25,"20.1694444",,"Rise/Tail","55 / 60","45 / 55","","30 / 50","30 / 40","94-97","98","40","sa3021767"
"Carson Roccaforte","CF","KCR",,25,"24.2194444",,,"","","","","",,,"40","sa3022825"
"Fernando Graterol","C","CHW",,25,"17.6916666",,,"","","","","",,,"40","sa3075064"
"Antonio Jimenez","SS","NYM",,25,"22.0083333",,,"","","","","",,,"40","sa3034692"
"Nathan Church","CF","STL",,25,"25.9333333",,,"","","","","",,,"40","31357"
"Peyton Olejnik","SIRP","LAA",,25,"23.5388888",,"Sink/Tail","45 / 55","45 / 55","","50 / 55","30 / 40","91-94","96","40","sa3025492"
"Iker Redona","SP","CIN",,25,"18.5361111",,"Rise/Tail","40 / 50","40 / 50","40 / 50","45 / 60","25 / 60","88-92","94","40","sa3068467"
"Brooks Auger","SP","LAD",,25,"24.6611111","5/1/22","Rise","50 / 50","50 / 55","","30 / 40","30 / 50","92-96","97","40","sa3026300"
"Jacob Cozart","C","CLE",,25,"23.4416666",,,"","","","","",,,"40","sa3025434"
"Zach McCambley","SIRP","PHI",,25,"27.1222222",,"Sink/Tail","40 / 40","60 / 60","","","40 / 40","93-96","97","40","27666"
"Aron Estrada","2B","BAL",,25,"21.4305555",,,"","","","","",,,"40","sa3018552"
"Juan Matheus","3B","MIA",,25,"22.1361111",,,"","","","","",,,"40","sa3018611"
"Levi Sterling","SP","PIT",,25,"19.7944444",,"Tail","35 / 40","50 / 55","","40 / 50","25 / 60","90-94","95","40","sa3066664"
"TJ Rumfield","1B","COL",,25,"26.0861111",,,"","","","","",,,"40","29805"
"Aidan Curry","MIRP","TEX",,25,"23.9527777",,"Rise/Tail","55 / 60","50 / 55","50 / 55","55 / 60","30 / 40","94-96","97","40","sa3015334"
"Gage Workman","3B","DET",,25,"26.65",,,"","","","","",,,"40","27573"
"Frank Cairone","SP","MIL",,25,"18.7611111",,"Rise/Tail","30 / 50","45 / 60","","30 / 50","25 / 55","87-91","93","40","sa3069241"
"Franklin Rojas","C","TOR",,25,"19.2444444",,,"","","","","",,,"40","sa3025018"
"Jhorman Bravo","SS","BOS",,25,"18.0388888",,,"","","","","",,,"40","sa3067799"
"Seaver King","SS","WSN",,25,"23.1472222",,,"","","","","",,,"40","sa3025414"
"JP Wheat","SIRP","CHC",,25,"23.875",,"Rise/Tail","70 / 70","55 / 60","","","20 / 30","97-99","102","35+","sa3024884"
"Henry Baez","SP","ATH",,25,"23.6833333",,"Tail","40 / 40","55 / 55","50 / 50","40 / 45","50 / 55","92-95","98","35+","sa3016584"
"Dexters Peralta","SS","NYY",,25,"18.9361111",,,"","","","","",,,"35+","sa3023745"
"Hayden Harris","SIRP","ATL",,25,"27.2944444",,"Uphill","55 / 55","50 / 50","","","35 / 40","89-91","92","35+","31913"
"Isaiah Lowe","MIRP","SDP",,25,"23.1138888",,"Rise/Tail","40 / 45","50 / 55","","45 / 50","35 / 45","91-95","96","35+","sa3020864"
"Gregory Pio","CF","SEA",,25,"17.3888888",,,"","","","","",,,"35+",
"Jase Mitchell","C","HOU",,25,"19.7166666",,,"","","","","",,,"35+","sa3069286"
"C.J. Culpepper","MIRP","MIN",,26,"24.6277777",,"Rise/Tail","40 / 40","60 / 60","","","50 / 60","92-96","96","40","sa3020563"
"Jancel Villarroel","C","SFG",,26,"21.4194444",,,"","","","","",,,"40","sa3020102"
"Mason Marriott","MIRP","ARI",,26,"23.8444444","5/1/25","Rise","45 / 50","45 / 50","55 / 60","","35 / 55","92-93","96","40","sa3025505"
"Tyson Guerrero","SIRP","KCR",,26,"27.3388888",,"Rise","50 / 55","55 / 60","50 / 50","40 / 40","50 / 50","90-93","95","40","sa3017140"
"Joel Díaz","SP","NYM",,26,"22.3111111","3/31/23","Sink","40 / 45","50 / 55","","50 / 55","35 / 55","91-94","95","40","sa3015500"
"Blaze Jordan","1B","STL",,26,"23.4972222",,,"","","","","",,,"40","28199"
"Barrett Kent","SP","LAA",,26,"21.7194444",,"Sink","45 / 50","50 / 60","","40 / 50","30 / 45","92-95","97","40","sa3023082"
"Nick Sando","SIRP","CIN",,26,"25.1027777",,"Tail","50 / 50","50 / 55","","40 / 45","40 / 50","91-93","94","40","sa3023511"
"Reyli Mariano","2B","LAD",,26,"19.6138888",,,"","","","","",,,"40","sa3023970"
"Jose Devers","SS","CLE",,26,"23.0861111",,,"","","","","",,,"40","sa3015292"
"Brad Pacheco","SIRP","PHI",,26,"21.025",,"Rise/Tail","50 / 60","20 / 45","40 / 40","45 / 60","35 / 50","93-96","97","40","sa3025116"
"Twine Palmer","MIRP","BAL",,26,"21.8",,"Rise","40 / 45","55 / 60","50 / 60","30 / 40","30 / 50","90-93","94","40","sa3025618"
"Cam Cannarella","CF","MIA",,26,"22.7833333",,,"","","","","",,,"40","sa3028360"
"Easton Carmichael","C","PIT",,26,"22.625",,,"","","","","",,,"40","sa3028459"
"Jack Mahoney","SIRP","COL",,26,"24.8472222",,"Tail","45 / 55","50 / 55","45 / 50","50 / 55","40 / 50","93-96","98","40","sa3023157"
"Jackson Strong","CF","DET",,26,"22.8111111",,,"","","","","",,,"40","sa3025551"
"Jaron DeBerry","SP","MIL",,26,"23.8055555",,"Tail/Uphil","40 / 45","55 / 55","50 / 55","50 / 55","50 / 55","90-93","94","40","sa3029984"
"Jake Cook","CF","TOR",,26,"22.9305555",,,"","","","","",,,"40","sa3029303"
"Eduardo Rivera","SIRP","BOS",,26,"23.0138888",,"Rise","55 / 55","55 / 55","","50 / 55","35 / 40","93-94","97","40","31280"
"Coy James","SS","WSN",,26,"19.3388888",,,"","","","","",,,"40","sa3069277"
"Anthony Millan","CF","HOU",,26,"18.0972222",,,"","","","","",,,"35+","sa3067769"
"Nazier Mulé","SIRP","CHC",,26,"21.675","3/21/23","Tail","60 / 60","60 / 70","","35 / 45","20 / 30","94-97","99","35+","sa3023566"
"Blake Larson","SP","CHW",,26,"20.3361111","2/15/25","Tail","40 / 60","35 / 60","","30 / 45","25 / 45","93-95","96","35+","sa3069438"
"Gunnar Hoglund","SP","ATH",,26,"26.5027777","5/18/21","Rise","40 / 40","45 / 45","","55 / 55","60 / 60","91-95","96","35+","31318"
"Richard Matic","3B","NYY",,26,"18.8944444",,,"","","","","",,,"35+","sa3023749"
"Herick Hernandez","SIRP","ATL",,26,"22.8527777",,"Rise/Downh","50 / 55","50 / 55","40 / 45","40 / 50","30 / 40","91-94","95","35+","sa3025588"
"Dalton Pence","SIRP","TEX",,26,"23.8055555",,"Rise","55 / 60","40 / 45","40 / 40","40 / 50","35 / 40","91-93","95","35+","sa3039663"
"Marco Raya","MIRP","MIN",,27,"23.8638888",,"Rise/Tail","35 / 40","55 / 60","50 / 50","45 / 50","40 / 40","95-97","98","40","sa3014550"
"Trent Harris","SIRP","SFG",,27,"27.4055555",,"Cut","45 / 50","45 / 55","55 / 60","","35 / 40","94-96","97","40","sa3022526"
"Kristian Robinson","RF","ARI",,27,"25.5194444",,,"","","","","",,,"40","sa3006884"
"Marco Vargas","SS","NYM",,27,"21.0944444",,,"","","","","",,,"40","sa3018632"
"César Prieto","2B","STL",,27,"27.1055555",,,"","","","","",,,"40","30163"
"Talon Haley","SP","LAA",,27,"20.4055555","2024*","Rise/Tail","45 / 55","50 / 60","","20 / 40","20 / 40","91-94","97","40","sa3069296"
"Drew Petska","SIRP","CIN",,27,"22.0833333",,"Tail/Uphil","50 / 50","","60 / 60","","35 / 50","92-95","96","40","sa3024451"
"Sterling Patick","MIRP","LAD",,27,"21.025",,"Rise/Tail","45 / 50","50 / 55","40 / 45","30 / 40","35 / 45","92-95","96","40","sa3024981"
"Peyton Pallette","SIRP","CLE",,27,"25.1083333","1/22/22","Rise/Tail","45 / 45","50 / 55","55 / 55","55 / 60","35 / 40","94-96","97","40","31865"
"Wen-Hui Pan","SIRP","PHI",,27,"23.7472222","11/1/24","Rise/Run","55 / 60","45 / 50","","","30 / 40","94-98","99","40","sa3020878"
"Brandon Butterworth","SS","BAL",,27,"23.8027777",,,"","","","","",,,"40","sa3025264"
"Jared Serna","SS","MIA",,27,"24.0472222",,,"","","","","",,,"40","sa3015579"
"Brandan Bidois","SIRP","PIT",,27,"24.9916666",,"Rise","60 / 60","60 / 60","","30 / 40","30 / 30","93-97","100","40","28052"
"JB Middleton","MIRP","COL",,27,"22.5666666",,"None","45 / 50","45 / 50","40 / 45","50 / 60","40 / 50","93-95","96","40","sa3037985"
"Ty Madden","SP","DET",,27,"26.325",,"Rise/Tail","45 / 45","55 / 55","50 / 50","50 / 50","45 / 45","93-95","97","40","30140"
"Brock Wilken","3B","MIL",,27,"24.0027777",,,"","","","","",,,"40","sa3022499"
"Cutter Coffey","3B","TOR",,27,"22.075",,,"","","","","",,,"40","sa3020280"
"Alec Gamboa","SP","BOS",,27,"29.4194444",,"Downhill","50 / 50","50 / 55","50 / 50","50 / 50","40 / 40","93-95","98","40","26227"
"Marconi German","SS","WSN",,27,"18.775",,,"","","","","",,,"40","sa3067715"
"Randy Arias","SS","HOU",,27,"17.6777777",,,"","","","","",,,"35+",
"Ty Southisene","SS","CHC",,27,"20.9444444",,,"","","","","",,,"35+","sa3066842"
"Josh Hansell","SIRP","KCR",,27,"24.3638888",,"Rise/Tail","50 / 55","50 / 55","60 / 60","40 / 45","30 / 40","92-95","97","35+","sa3023158"
"Alexander Alberto","SIRP","CHW",,27,"24.6277777",,"Cut/Downhi","60 / 60","55 / 55","","","25 / 35","96-99","101","35+","sa3015986"
"A.J. Causey","SIRP","ATH",,27,"23.5805555",,"Sink/Tail","30 / 30","50 / 50","","60 / 60","55 / 60","88-90","92","35+","sa3028661"
"Jack Cebert","SIRP","NYY",,27,"24.2138888",,"Tail","50 / 55","40 / 50","","","30 / 45","91-96","98","35+","sa3028683"
"Angel Carmona","SS","ATL",,27,"18.6416666",,,"","","","","",,,"35+","sa3068967"
"Anthony Gutierrez","CF","TEX",,27,"21.5638888",,,"","","","","",,,"35+","sa3018406"
"Eriq Swan","SIRP","WSN",,28,"24.6333333",,"Downhill","40 / 40","55 / 60","","30 / 50","30 / 35","94-98","100","40","sa3023514"
"Kyle Bischoff","SIRP","MIN",,28,"26.8861111",,"Sink/Tail","55 / 55","60 / 60","","","45 / 45","94-96","97","40","sa3022176"
"Nate Furman","2B","SFG",,28,"24.9027777",,,"","","","","",,,"40","sa3020763"
"Cristofer Torin","2B","ARI",,28,"21.0611111",,,"","","","","",,,"40","sa3018938"
"Yovanny Rodriguez","C","NYM",,28,"19.6138888",,,"","","","","",,,"40","sa3023720"
"Leonel Sequera","SP","STL",,28,"20.8666666",,"Sink","40 / 45","50 / 60","","30 / 40","30 / 60","92-95","97","40","sa3019268"
"Jeyson Horton","SS","LAA",,28,"17.3388888",,,"","","","","",,,"40",
"Anyer Laureano","SIRP","CIN",,28,"23.4694444",,"Rise","60 / 70","45 / 55","","30 / 40","20 / 40","96-99","100","40","sa3019123"
"Kyle Hurt","SIRP","LAD",,28,"28.05","7/25/24","Rise/Cut","60 / 60","40 / 40","45 / 45","60 / 60","40 / 40","94-97","99","40","27514"
"Franco Aleman","SIRP","CLE",,28,"25.9777777",,"Tail","60 / 60","60 / 60","","","35 / 40","94-97","99","40","30195"
"Miguel Rodríguez","C","BAL",,28,"20.4694444",,,"","","","","",,,"40","sa3021226"
"Chris Arroyo","RF","MIA",,28,"21.5861111",,,"","","","","",,,"40","sa3026239"
"Derek Diamond","SIRP","PIT",,28,"25.4555555",,"Rise/Tail","55 / 60","60 / 60","","40 / 40","30 / 40","93-97","98","40","sa3020470"
"Sean Sullivan","MIRP","COL",,28,"23.9055555",,"Rise/Tail","50 / 50","45 / 45","","40 / 45","60 / 70","85-88","89","40","33502"
"Jake Miller","MIRP","DET",,28,"24.975",,"Rise/Tail","45 / 50","","45 / 50","50 / 55","45 / 55","91-94","95","40","sa3020408"
"Carlos Rodriguez","SP","MIL",,28,"24.5583333",,"Tail","40 / 40","60 / 60","50 / 50","45 / 50","40 / 45","91-93","95","40","30161"
"Brandon Valenzuela","C","TOR",,28,"25.7111111",,,"","","","","",,,"40","23813"
"Gage Ziehl","SP","BOS",,28,"23.0916666",,"Cut","40 / 40","45 / 50","40 / 45","45 / 50","70 / 70","90-94","96","40","sa3045855"
"Michael Knorr","SIRP","HOU",,28,"26.1",,"Rise","60 / 60","","45 / 50","35 / 40","35 / 40","94-97","98","35+","sa3020872"
"Juan Cabada","2B","CHC",,28,"18.1333333",,,"","","","","",,,"35+","sa3067679"
"Eric Cerantola","SIRP","KCR",,28,"26.1277777",,"Rise","50 / 50","70 / 70","","","30 / 35","93-96","98","35+","30128"
"George Wolkow","RF","CHW",,28,"20.4361111",,,"","","","","",,,"35+","sa3022817"
"Zane Taylor","SIRP","ATH",,28,"24.0472222",,"Rise","45 / 45","50 / 55","","40 / 50","30 / 55","92-95","97","35+","sa3043592"
"Chris Kean","SIRP","NYY",,28,"24.0166666","5/1/23","Rise","50 / 60","40 / 45","","","50 / 60","91-94","95","35+","sa3023576"
"Brett Sears","SP","ATL",,28,"26.1277777",,"Uphill/Tai","40 / 40","40 / 45","40 / 45","45 / 55","45 / 60","88-92","94","35+","sa3041892"
"Bryan Rincon","SS","PHI",,28,"22.3611111",,,"","","","","",,,"35+","sa3020221"
"Elorky Rodriguez","LF","TEX",,28,"18.4777777",,,"","","","","",,,"35+","sa3067697"
"Christian Franklin","LF","WSN",,29,"26.55",,,"","","","","",,,"40","sa3017510"
"Ben Ross","SS","MIN",,29,"25.0333333",,,"","","","","",,,"40","sa3020353"
"Reggie Crawford","SIRP","SFG",,29,"25.5388888","11/1/21","Tail","70 / 70","70 / 70","","40 / 50","30 / 30","95-98","102","40","sa3020457"
"Druw Jones","CF","ARI",,29,"22.5555555",,,"","","","","",,,"40","sa3020676"
"Juan Rujano","C","STL",,29,"18.5111111",,,"","","","","",,,"40","sa3067752"
"Patrick Copen","SIRP","LAD",,29,"24.3416666",,"Cut","60 / 65","50 / 60","","","30 / 35","94-99","100","40","sa3023283"
"Yorman Gómez","SIRP","CLE",,29,"23.6055555",,"Downhill","50 / 60","50 / 55","45 / 45","","30 / 40","93-96","97","40","sa3015931"
"Esteban Mejia","SIRP","BAL",,29,"19.2805555",,"Tail","65 / 70","60 / 70","","30 / 40","20 / 30","97-101","102","40","sa3024583"
"William Kempner","SIRP","MIA",,29,"25",,"Tail/Uphil","60 / 60","55 / 60","","","35 / 40","93-97","99","40","31615"
"Jack Brannigan","SS","PIT",,29,"25.2694444",,,"","","","","",,,"40","sa3019922"
"Paul Wilson","SIRP","DET",,29,"21.5194444",,"Rise/Tail","55 / 60","55 / 60","","","30 / 40","94-96","97","40","sa3023596"
"Luke Adams","1B","MIL",,29,"22.15",,,"","","","","",,,"40","sa3020135"
"Micah Bucknam","MIRP","TOR",,29,"22.8111111",,"Tail","45 / 50","60 / 60","45 / 50","45 / 50","30 / 40","93-94","96","40","sa3027969"
"Brooks Brannon","1B","BOS",,29,"22.1222222",,,"","","","","",,,"40","sa3020417"
"Nick Potter","SIRP","HOU",,29,"22.3527777",,"Rise","55 / 60","40 / 50","","","30 / 40","94-98","99","35+","sa3060295"
"Connor Noland","SP","CHC",,29,"26.9111111",,"Sink","30 / 30","60 / 60","50 / 55","40 / 45","50 / 55","89-92","93","35+","sa3020834"
"Henry Williams","SP","KCR",,29,"24.75","1/11/22","Rise","40 / 45","45 / 50","45 / 45","45 / 50","45 / 50","91-94","95","35+","sa3020901"
"Landon Hodge","C","CHW",,29,"19.3333333",,,"","","","","",,,"35+","sa3069268"
"Yordan Rodriguez","SP","NYM",,29,"18.3861111",,"Tail","40 / 55","50 / 60","","30 / 45","","91-95","96","35+","sa3068123"
"Yeferson Vargas","SIRP","LAA",,29,"21.8722222",,"Rise/Tail","45 / 50","55 / 60","","45 / 50","30 / 40","93-96","98","35+","sa3021044"
"Ryjeteri Merite","SP","CIN",,29,"20.5055555",,"Rise","40 / 55","","45 / 55","30 / 45","30 / 45","91-94","95","35+","sa3025117"
"Jose Parra","SP","ATH",,29,"20.4666666",,"Rise/Tail","50 / 60","50 / 60","","","30 / 45","91-95","96","35+","sa3024574"
"Luis Velasquez","SIRP","NYY",,29,"24.9638888","3/1/25","Rise","60 / 60","60 / 65","","","20 / 30","95-98","99","35+","sa3010135"
"Cade Kuehler","SIRP","ATL",,29,"24.0666666",,"Rise","40 / 55","55 / 60","","","30 / 40","89-92","94","35+","sa3023306"
"Devin Saltiban","CF","PHI",,29,"21.3444444",,,"","","","","",,,"35+","sa3022827"
"Cristian Arguelles","CF","COL",,29,"18.9666666",,,"","","","","",,,"35+","sa3023968"
"Jacob Johnson","SP","TEX",,29,"20.0861111",,"Sink/Tail","45 / 55","45 / 55","","30 / 45","35 / 55","93-94","95","35+","sa3069384"
"Yeremy Cabrera","CF","WSN",,30,"20.9611111",,,"","","","","",,,"40","sa3018549"
"Khadim Diaw","C","MIN",,30,"22.8194444",,,"","","","","",,,"40","sa3025259"
"Josh Bostick","SIRP","SFG",,30,"24.6611111",,"Rise","45 / 55","45 / 55","55 / 60","","30 / 40","91-96","98","40","sa3022857"
"Carlos Virahonda","C","ARI",,30,"20.5138888",,,"","","","","",,,"40","sa3021144"
"Emanuel Luna","OF","STL",,30,"17.425",,,"","","","","",,,"40","sa3069441"
"José Rodríguez","SIRP","LAD",,30,"24.9166666",,"Sink","40 / 45","70 / 70","","60 / 60","30 / 40","92-96","98","40","sa3015437"
"Jogly Garcia","SIRP","CLE",,30,"22.7777777",,"Tail","45 / 55","55 / 65","40 / 40","35 / 40","30 / 40","91-95","97","40","sa3019633"
"Jaiden Lo Re","SS","BAL",,30,"19.3555555",,,"","","","","",,,"40","sa3069280"
"Brandon White","SP","MIA",,30,"26.5611111",,"Rise/Tail","60 / 60","45 / 50","","40 / 45","50 / 60","93-97","98","40","sa3020589"
"Keiner Delgado","SS","PIT",,30,"22.4527777",,,"","","","","",,,"40","sa3018397"
"Michael Massey","SIRP","DET",,30,"23.2027777",,"Cut","40 / 40","50 / 55","60 / 60","","30 / 40","92-94","96","40","sa3037259"
"Daniel Dickinson","2B","MIL",,30,"22.5361111",,,"","","","","",,,"40","sa3030286"
"T.J. Brock","SIRP","TOR",,30,"26.8555555",,"Rise/Tail","60 / 60","70 / 70","","","30 / 40","94-97","99","40","sa3020079"
"Yordanny Monegro","SIRP","BOS",,30,"23.6777777","6/15/25","Rise","50 / 55","45 / 55","50 / 50","40 / 50","30 / 45","92-95","96","40","sa3015476"
"Nick Monistere","2B","HOU",,30,"22.3916666",,,"","","","","",,,"35+","sa3038233"
"Brett Bateman","CF","CHC",,30,"24.2472222",,,"","","","","",,,"35+","sa3022603"
"Cameron Millar","SP","KCR",,30,"19.1194444",,"Tail","45 / 55","40 / 50","","45 / 55","30 / 50","92-94","96","35+","sa3069267"
"Mathias LaCombe","SIRP","CHW",,30,"24.0166666",,"Tail","40 / 55","50 / 60","","","25 / 40","94-97","98","35+","sa3067312"
"Peter Kussow","SP","NYM",,30,"19.5277777",,"Tail","40 / 50","50 / 60","40 / 50","30 / 45","20 / 45","91-95","96","35+","sa3069274"
"Cody Laweryson","SIRP","LAA",,30,"28.1055555",,"Rise/Tail","55 / 55","45 / 45","","50 / 50","50 / 55","92-94","95","35+","26429"
"Kevin Abel","MIRP","CIN",,30,"27.3305555","4/15/19","Rise","40 / 40","50 / 50","","60 / 60","40 / 40","91-94","95","35+","sa3017879"
"Stevie Emanuels","SIRP","ATH",,30,"27.3833333",,"Rise/Tail","55 / 55","60 / 60","45 / 45","","30 / 30","92-95","96","35+","sa3014698"
"Thomas  Balboni Jr.","SIRP","NYY",,30,"25.95",,"Tail/Uphil","55 / 60","45 / 55","","","20 / 30","93-96","97","35+","sa3020861"
"Jose Perdomo","3B","ATL",,30,"19.7444444",,,"","","","","",,,"35+","sa3025104"
"Griffin Burkholder","CF","PHI",,30,"20.8",,,"","","","","",,,"35+","sa3025418"
"Yeremmy Cabeza","SP","COL",,30,"22.2972222",,"Tail","50 / 60","","45 / 55","40 / 50","30 / 50","95-96","97","35+","sa3024202"
"Ryan Lobus","SIRP","TEX",,30,"25.7777777",,"Tail/Uphil","40 / 40","60 / 60","","","40 / 50","88-92","94","35+","sa3022744"
"R.J. Sales","SP","WSN",,31,"22.9055555",,"Rise","45 / 45","55 / 60","40 / 45","30 / 40","50 / 50","92-95","97","40","sa3041437"
"Ryan Sprock","C","MIN",,31,"21.725",,,"","","","","",,,"40","sa3042879"
"Drake George","MIRP","SFG",,31,"24.7166666",,"Rise/Tail","55 / 60","","55 / 60","","30 / 40","93-96","97","40","sa3067033"
"Andrew Hoffmann","SIRP","ARI",,31,"26.3777777",,"Rise/Tail","60 / 60","40 / 45","","50 / 55","35 / 40","94-96","97","40","29633"
"Cade Winquest","SIRP","NYY",,31,"26.1333333",,"Rise/Tail","50 / 50","40 / 45","60 / 60","30 / 40","50 / 50","94-97","98","40","sa3020805"
"Noah Miller","SS","LAD",,31,"23.6",,,"","","","","",,,"40","sa3017512"
"Juan Brito","2B","CLE",,31,"24.7333333",,,"","","","","",,,"40","26693"
"Jemone Nuel","CF","BAL",,31,"19.4583333",,,"","","","","",,,"40","sa3024356"
"Maximo Acosta","SS","MIA",,31,"23.6361111",,,"","","","","",,,"40","27963"
"Yordany De Los Santos","SS","PIT",,31,"21.3361111",,,"","","","","",,,"40","sa3018408"
"Ethan Schiefelbein","SP","DET",,31,"20.1861111",,"Rise/Tail","30 / 40","25 / 55","50 / 55","40 / 50","30 / 55","88-92","95","40","sa3066595"
"Kenny Fenelon","CF","MIL",,31,"18.7166666",,,"","","","","",,,"40","sa3067474"
"Connor Cooke","SIRP","TOR",,31,"26.6277777",,"Uphill/Tai","50 / 55","60 / 60","","45 / 50","30 / 50","93-96","97","40","sa3017822"
"BJ Murray","3B","CHC",,31,"26.4527777",,,"","","","","",,,"35+","sa3017287"
"Dennis Colleran Jr.","SIRP","KCR",,31,"22.8277777","2/1/23","Tail","55 / 60","55 / 60","","40 / 45","30 / 35","95-99","101","35+","sa3029168"
"Jairo Iriarte","SIRP","CHW",,31,"24.5083333",,"Tail","35 / 40","45 / 50","","50 / 55","35 / 40","92-94","95","35+","26907"
"Camden Lohman","SP","NYM",,31,"19.6194444",,"Downhill/R","40 / 50","","45 / 55","30 / 45","20 / 45","89-93","95","35+","sa3069289"
"Camden Minacci","SIRP","LAA",,31,"24.4277777",,"Rise/Tail","55 / 55","55 / 60","","35 / 40","30 / 35","94-96","98","35+","sa3022728"
"Jay Allen II","CF","CIN",,31,"23.5722222",,,"","","","","",,,"35+","sa3017403"
"Jared Johnson","SIRP","ATH",,31,"25.2583333",,"Sink","55 / 55","60 / 60","","","30 / 40","93-97","99","35+","sa3011626"
"Connor Thomas","MIRP","ATL",,31,"28.0527777",,"Sink","40 / 40","55 / 55","","50 / 55","40 / 45","88-91","92","35+","25873"
"Michael Mercado","MIRP","PHI",,31,"27.175","5/1/19","Downhill","50 / 50","","55 / 55","60 / 60","30 / 30","93-97","98","35+","23223"
"Robert Calaz","RF","COL",,31,"20.5722222",,,"","","","","",,,"35+","sa3021078"
"Enrique Segura","MIRP","TEX",,31,"21.4972222",,"Sink/Tail","40 / 45","45 / 55","","45 / 55","30 / 45","90-93","95","35+","sa3019147"
"Allan Castro","RF","BOS",,31,"23.0666666",,,"","","","","",,,"35+","sa3016084"
"Eduardo Beltre","RF","MIN",,32,"19.6888888",,,"","","","","",,,"40","sa3024928"
"Hayden Durke","SIRP","ARI",,32,"24.1305555",,"Downhill","55 / 60","55 / 60","50 / 55","","30 / 40","93-98","99","40","sa3022733"
"Luis Gastelum","SIRP","STL",,32,"24.725",,"Tail","45 / 45","40 / 40","","65 / 65","50 / 55","93-96","97","40","sa3020964"
"Cam Leiter","SP","LAD",,32,"22.3888888",,"Rise","55 / 60","40 / 50","40 / 40","45 / 55","30 / 40","94-97","99","40","sa3036203"
"Dean Curley","3B","CLE",,32,"22.175",,,"","","","","",,,"40","sa3029706"
"José Peña","SS","BAL",,32,"17.8388888",,,"","","","","",,,"40","sa3067127"
"Liomar Martinez","SIRP","MIA",,32,"20.9805555",,"Rise/Tail","40 / 45","55 / 60","70 / 80","30 / 40","30 / 45","91-94","95","40","sa3019612"
"Sammy Stafura","SS","PIT",,32,"21.5916666",,,"","","","","",,,"40","sa3022612"
"Brailyn Antunez","CF","MIL",,32,"18.55",,,"","","","","",,,"40","sa3067486"
"Chay Yeager","SIRP","TOR",,32,"23.7694444",,"Rise","50 / 55","55 / 60","","","30 / 40","95-98","99","40","sa3023254"
"Josh Randall","SP","WSN",,32,"23.675",,"Sink/Tail","50 / 50","45 / 45","","40 / 45","50 / 60","92-96","98","35+","sa3025585"
"Kade Snell","RF","CHC",,32,"23.8861111",,,"","","","","",,,"35+","sa3042672"
"Diego Velasquez","SS","SFG",,32,"22.7138888",,,"","","","","",,,"35+","sa3016144"
"Brooks Bryan","C","KCR",,32,"21.9277777",,,"","","","","",,,"35+","sa3027921"
"Javier Mogollon","2B","CHW",,32,"20.6305555",,,"","","","","",,,"35+","sa3021855"
"Jose Chirinos","SP","NYM",,32,"21.6722222",,"Sink","40 / 45","55 / 60","","40 / 50","30 / 45","91-94","96","35+","sa3018859"
"Ubaldo Soto","SP","LAA",,32,"19.9333333",,"Rise","45 / 55","","45 / 50","40 / 45","39 / 45","91-94","97","35+","sa3022015"
"Victor Acosta","SS","CIN",,32,"22.0222222",,,"","","","","",,,"35+","sa3015705"
"Gavin Turley","LF","ATH",,32,"22.6",,,"","","","","",,,"35+","sa3044148"
"Jose Manon","SS","ATL",,32,"17.5027777",,,"","","","","",,,"35+","sa3075041"
"Cristhian Tortosa","SIRP","PHI",,32,"27.6333333",,"Downhill","60 / 60","60 / 60","","","20 / 30","94-97","100","35+","sa920454"
"Max Belyeu","RF","COL",,32,"22.5083333",,,"","","","","",,,"35+","sa3026937"
"Jesus Lafalaise","SIRP","TEX",,32,"21.3722222",,"Tail","55 / 60","45 / 60","","35 / 45","35 / 45","94-98","100","35+","sa3024950"
"Trei Cruz","SS","DET",,32,"27.9527777",,,"","","","","",,,"35+","27569"
"Yophery Rodriguez","CF","BOS",,32,"20.5361111",,,"","","","","",,,"35+","sa3021083"
"Yordin Chalas","SIRP","ARI",,33,"22.3777777",,"Rise/Tail","60 / 60","45 / 55","","35 / 40","30 / 40","94-98","99","40","sa3021508"
"Austin Love","SIRP","STL",,33,"27.3944444","6/1/23","Rise","50 / 55","65 / 65","","","40 / 45","93-96","98","40","sa3017609"
"Hyun-Seok Jang","SIRP","LAD",,33,"22.2611111",,"Rise/Downh","50 / 55","45 / 60","50 / 60","45 / 55","30 / 40","94-98","99","40","sa3023601"
"Andrew Walters","SIRP","CLE",,33,"25.5277777",,"Rise","70 / 70","55 / 60","","","20 / 30","96-98","100","40","33834"
"Victor Figueroa","1B","BAL",,33,"22.4666666",,,"","","","","",,,"40","sa3031322"
"Nate Payne","SP","MIA",,33,"20.8305555",,"Rise/Downh","40 / 45","45 / 55","40 / 50","40 / 50","35 / 50","90-94","96","40","sa3067390"
"Carlson Reed","MIRP","PIT",,33,"23.5583333",,"Sink/Tail","40 / 45","50 / 50","","60 / 60","30 / 40","90-94","95","40","sa3022793"
"José Rodríguez","SS","MIL",,33,"17.4138888",,,"","","","","",,,"40",
"Javen Coleman","SIRP","TOR",,33,"24.5416666",,"Uphill","55 / 60","50 / 50","","40 / 45","35 / 45","93-96","97","40","sa3029151"
"Andry Lara","SP","WSN",,33,"23.45",,"Downhill","30 / 30","50 / 50","","","40 / 45","92-96","97","35+","27967"
"Mike Paredes","MIRP","MIN",,33,"25.8916666",,,"40 / 40","50 / 50","","40 / 40","60 / 60","93-94","96","35+","30187"
"Cole Mathis","1B","CHC",,33,"22.8972222",,,"","","","","",,,"35+","sa3037300"
"Carlos Gutierrez","LF","SFG",,33,"21.8222222",,,"","","","","",,,"35+","sa3022336"
"Jose Cerice","3B","KCR",,33,"21.1",,,"","","","","",,,"35+","sa3024375"
"Riley Gowens","MIRP","CHW",,33,"26.6666666",,"Rise/Tail","55 / 60","45 / 50","40 / 40","","50 / 50","92-94","95","35+","sa3022948"
"Heriberto Rincon","CF","NYM",,33,"20.3388888",,,"","","","","",,,"35+","sa3021238"
"Junior Suriel","RF","LAA",,33,"17.8194444",,,"","","","","",,,"35+","sa3067773"
"Kyle Henley","CF","CIN",,33,"21.5083333",,,"","","","","",,,"35+","sa3023012"
"Ricky Duran","3B","ATH",,33,"17.6916666",,,"","","","","",,,"35+","sa3075066"
"Starlyn De La Cruz","CF","ATL",,33,"17.65",,,"","","","","",,,"35+","sa3075080"
"Titan Kennedy-Hayes","SIRP","PHI",,33,"24.6",,"Rise/Tail","60 / 60","60 / 60","","","20 / 30","95-98","100","35+","sa3025462"
"Ethan Hedges","3B","COL",,33,"22.4138888",,,"","","","","",,,"35+","sa3033512"
"Wilian Bormie","SIRP","TEX",,33,"23.3194444",,"Rise","60 / 65","50 / 60","","","20 / 30","94-98","101","35+","sa3020327"
"Izaac Pacheco","3B","DET",,33,"23.5833333",,,"","","","","",,,"35+","sa3016969"
"Marvin Alcantara","SS","BOS",,33,"21.6277777",,,"","","","","",,,"35+","sa3018558"
"Sandro Santana","SIRP","ARI",,34,"21.2805555",,"Sink/Tail","50 / 55","50 / 60","","","35 / 45","93-95","96","40","sa3021030"
"Yhoiker Fajardo","SP","STL",,34,"19.7083333",,"Rise/Tail","40 / 45","55 / 60","","30 / 50","35 / 50","93-96","97","40","sa3024273"
"Brady Smith","SIRP","LAD",,34,"21.3916666",,"Rise","45 / 60","20 / 55","55 / 60","30 / 50","30 / 50","90-93","95","40","sa3067255"
"Trace Bright","SIRP","BAL",,34,"25.6444444",,"Rise/Tail","50 / 55","","50 / 60","40 / 45","30 / 40","92-95","97","40","sa3020558"
"Jaden Woods","SIRP","PIT",,34,"24.3805555",,"Sink","50 / 50","55 / 55","","30 / 40","40 / 50","92-95","96","40","sa3023064"
"Tate Kuehner","MIRP","MIL",,34,"25.3638888",,"Uphill/Tai","50 / 55","50 / 50","","55 / 55","40 / 40","92-95","97","40","sa3023099"
"Jorgelys Mota","3B","WSN",,34,"21.0416666",,,"","","","","",,,"35+","sa3019465"
"John Klein","SIRP","MIN",,34,"24.1555555",,"Rise/Tail","50 / 55","","40 / 45","40 / 50","30 / 40","94-96","97","35+","32155"
"Pierce Coppola","SIRP","CHC",,34,"23.5027777",,"Tail","55 / 70","30 / 50","","20 / 40","20 / 30","91-93","96","35+","sa3029364"
"Charlie Szykowny","3B","SFG",,34,"25.9666666",,,"","","","","",,,"35+","sa3022689"
"Frank Mozzicato","SIRP","KCR",,34,"22.9972222",,"Rise","30 / 40","","55 / 60","35 / 40","40 / 45","89-92","94","35+","sa3018242"
"Ben Peoples","SIRP","CHW",,34,"25.1305555",,"Rise","50 / 55","50 / 55","","","30 / 40","94-97","99","35+","sa3011784"
"Colin Houck","SS","NYM",,34,"21.7166666",,,"","","","","",,,"35+","sa3022964"
"Jhon Almonte","MIRP","LAA",,34,"19.5888888",,"Tail","45 / 55","40 / 50","45 / 50","40 / 55","20 / 40","93-96","97","35+","sa3067577"
"Yerlin Confidan","RF","CIN",,34,"23.5055555",,,"","","","","",,,"35+","sa3015176"
"Ayden Johnson","3B","ATH",,34,"18.3472222",,,"","","","","",,,"35+","sa3067681"
"Doug Nikhazy","MIRP","CLE",,34,"26.8527777",,"Rise","45 / 50","55 / 60","50 / 55","45 / 45","35 / 40","90-93","95","35+","30142"
"Deyvison De Los Santos","1B","MIA",,34,"22.9916666",,,"","","","","",,,"35+","27969"
"Roynier Hernandez","2B","COL",,34,"21.5333333",,,"","","","","",,,"35+","sa3018495"
"Josh Trentadue","MIRP","TEX",,34,"24.3972222",,,"50 / 55","50 / 55","","50 / 55","35 / 45","95-97","98","35+","sa3023010"
"River Hamilton","SP","DET",,34,"19.7055555",,"Cut/Rise","40 / 55","","45 / 50","30 / 50","20 / 50","91-93","94","35+","sa3069294"
"Yondrei Rojas","SIRP","TOR",,34,"23.5722222",,"Tail/Uphil","55 / 55","50 / 55","","40 / 50","40 / 50","94-96","98","35+","sa3016783"
"Mason White","SS","BOS",,34,"22.7416666",,,"","","","","",,,"35+","sa3045125"
"Gavin Conticello","RF","ARI",,35,"23.0194444",,,"","","","","",,,"40","sa3017770"
"Rubel Arias","CF","LAD",,35,"17.5277777",,,"","","","","",,,"40",
"Sebastian Gongora","SP","BAL",,35,"24.7972222",,,"45 / 50","45 / 50","55 / 55","45 / 50","40 / 50","93-96","97","40","sa3025644"
"Edgleen Perez","C","PIT",,35,"20.0638888",,,"","","","","",,,"40","sa3021330"
"Angel Ramirez","CF","WSN",,35,"17.5666666",,,"","","","","",,,"35+","sa3075086"
"Tanner Schobel","SS","MIN",,35,"25.0388888",,,"","","","","",,,"35+","sa3020009"
"Sabin Ceballos","3B","SFG",,35,"23.8361111",,,"","","","","",,,"35+","sa3022500"
"Kamden Edge","SIRP","KCR",,35,"21.7361111",,"Tail","50 / 55","50 / 55","","","20 / 40","93-95","96","35+","sa3069069"
"Tyler Davis","SIRP","CHW",,35,"27.7083333",,"Rise","55 / 60","45 / 50","","40 / 55","30 / 35","94-97","98","35+","34847"
"Douglas Orellana","SIRP","NYM",,35,"24.1305555",,"Rise","50 / 50","60 / 60","45 / 50","","30 / 40","93-96","98","35+","sa3016817"
"Nate Dohm","SP","STL",,35,"23.4416666",,"Rise","50 / 60","45 / 50","","","30 / 50","91-96","97","35+","sa3030418"
"Carlos Castillo","OF","LAA",,35,"17.7583333",,,"","","","","",,,"35+",
"Adolfo Sanchez","RF","CIN",,35,"19.7472222",,,"","","","","",,,"35+","sa3023709"
"Darwing Ozuna","RF","ATH",,35,"18.2333333",,,"","","","","",,,"35+","sa3068179"
"Nick Mitchell","CF","CLE",,35,"22.7916666",,,"","","","","",,,"35+","sa3025315"
"Josh White","MIRP","MIA",,35,"25.5666666",,"Rise","55 / 55","55 / 60","50 / 50","","30 / 35","93-96","97","35+","31738"
"Michael Prosecky","SP","COL",,35,"25.3",,"Rise","45 / 50","40 / 45","45 / 45","50 / 50","40 / 45","90-93","95","35+","sa3020526"
"Keith Jones II","RF","TEX",,35,"24.1361111",,,"","","","","",,,"35+","sa3025629"
"Ryan Hall","SP","DET",,35,"19.2027777",,"Rise/Tail","40 / 50","45 / 50","","40 / 50","20 / 50","90-94","95","35+","sa3069282"
"Jacob Morrison","SP","MIL",,35,"22.7638888","5/1/23","Rise/Downh","40 / 45","55 / 60","50 / 50","40 / 40","35 / 55","91-94","96","35+","sa3038406"
"Fernando Perez","SP","TOR",,35,"22.35",,"Rise/Downh","45 / 45","40 / 45","40 / 40","55 / 55","50 / 55","91-94","95","35+","sa3018826"
"Leighton Finley","SIRP","BOS",,35,"22.2694444",,"Downhill","50 / 55","45 / 55","","35 / 40","30 / 40","93-96","97","35+","sa3031345"
"Yu-Min Lin","SP","ARI",,36,"22.9333333",,"Tail/Uphil","40 / 40","50 / 50","55 / 55","40 / 50","40 / 40","88-92","95","40","sa3019278"
"Payton Eeles","2B","BAL",,36,"26.5888888",,,"","","","","",,,"40","sa3023622"
"Jeancer Custodio","RF","PIT",,36,"17.6",,,"","","","","",,,"40","sa3075048"
"Kevin Bazzell","C","WSN",,36,"23.2194444",,,"","","","","",,,"35+","sa3025511"
"Ricardo Olivar","C","MIN",,36,"24.8555555",,,"","","","","",,,"35+","sa3015234"
"Dylan Smith","SIRP","SFG",,36,"26.0555555",,"Rise","45 / 50","55 / 55","45 / 55","","40 / 45","93-96","98","35+","30145"
"Jaider Suárez","SS","KCR",,36,"17.4861111",,,"","","","","",,,"35+","sa3075058"
"Jacob Gonzalez","UTIL","CHW",,36,"24.05",,,"","","","","",,,"35+","33225"
"Felipe De La Cruz","SIRP","NYM",,36,"25.0611111",,"Sink/Uphil","55 / 55","60 / 60","","50 / 50","30 / 30","94-96","99","35+","sa3016065"
"Blake Aita","SP","STL",,36,"23.0194444",,"Rise/Tail","40 / 45","50 / 60","","35 / 45","45 / 55","92-94","95","35+","sa3025822"
"Kendri Fana","RHP","LAA",,36,"17.3861111",,"Rise","35 / 55","40 / 45","","45 / 60","20 / 50","89-91","92","35+",
"Alfredo Alcantara","2B","CIN",,36,"20.6472222",,,"","","","","",,,"35+","sa3022184"
"Eduardo Rojas","C","LAD",,36,"19.3444444",,,"","","","","",,,"35+","sa3024143"
"Aaron Walton","CF","CLE",,36,"22.0944444",,,"","","","","",,,"35+","sa3044756"
"Ryan Ignoffo","C","MIA",,36,"25.9083333",,,"","","","","",,,"35+","sa3022573"
"Ben Shields","SIRP","COL",,36,"27.4027777",,"Rise/Tail","40 / 40","55 / 60","","","45 / 55","89-93","95","35+","sa3023483"
"Robby Ahlstrom","SIRP","TEX",,36,"26.9972222",,"Rise","50 / 50","50 / 50","50 / 50","40 / 40","40 / 40","93-95","96","35+","30167"
"Jhonan Coba","SP","DET",,36,"19.9111111",,"Tail","55 / 60","45 / 55","","","35 / 45","92-95","96","35+","sa3025048"
"Melvin Hernandez","SP","MIL",,36,"19.9583333",,"Tail","30 / 35","40 / 50","","50 / 60","25 / 60","86-89","92","35+","sa3021785"
"Dahian  Santos","MIRP","TOR",,36,"23.3111111",,"Rise","40 / 45","55 / 60","","40 / 60","30 / 40","90-93","96","35+","sa3015282"
"Nelly Taylor","CF","BOS",,36,"23.4055555",,,"","","","","",,,"35+","sa3023426"
"Alberto Barriga","C","ARI",,37,"21.5916666",,,"","","","","",,,"40","sa3018595"
"Kiefer Lord","SIRP","BAL",,37,"23.9888888","7/3/24","Cut","60 / 60","55 / 60","","30 / 40","30 / 40","94-96","98","40","sa3023135"
"Angel Feliz","3B","WSN",,37,"19.5888888",,,"","","","","",,,"35+","sa3023892"
"Yovanny Duran","CF","MIN",,37,"18.625",,,"","","","","",,,"35+","sa3067747"
"Scott Bandura","LF","SFG",,37,"24.8777777",,,"","","","","",,,"35+","sa3022699"
"Shane Murphy","MIRP","CHW",,37,"25.4138888","3/1/21","Rise","40 / 40","45 / 45","40 / 40","45 / 45","60 / 60","88-91","92","35+","sa3020389"
"Peyton Prescott","SIRP","NYM",,37,"22.0944444",,"Rise","65 / 70","45 / 55","","50 / 60","30 / 40","93-97","100","35+","sa3040183"
"Braden Davis","SP","STL",,37,"23.1916666",,"Sink/Uphil","40 / 45","45 / 50","","55 / 60","30 / 50","90-94","97","35+","sa3029886"
"Simon Miller","SIRP","CIN",,37,"25.7777777",,"Rise/Tail","55 / 55","60 / 60","","","30 / 35","93-96","97","35+","sa3023311"
"Elijah Hainline","2B","LAD",,37,"23.4944444",,,"","","","","",,,"35+","sa3025157"
"Will Hynes","SP","CLE",,37,"18.9472222",,"Rise/Tail","40 / 50","45 / 55","","30 / 50","20 / 50","90-94","95","35+","sa3069263"
"José Castro","RF","MIA",,37,"19.6333333",,,"","","","","",,,"35+","sa3023752"
"Wilton Guerrero Jr.","SS","PIT",,37,"17.0527777",,,"","","","","",,,"35+","sa3075055"
"Braylen Wimmer","SS","COL",,37,"25.5027777",,,"","","","","",,,"35+","sa3022671"
"Jack Wheeler","3B","TEX",,37,"19.9361111",,,"","","","","",,,"35+","sa3069284"
"Gabriel Reyes","SP","DET",,37,"22.9638888",,"Uphill/Tai","40 / 40","50 / 50","","45 / 55","40 / 50","91-94","95","35+","sa3016833"
"Ethan Dorchies","SP","MIL",,37,"19.6555555",,"Rise","40 / 55","45 / 60","","30 / 40","20 / 45","90-94","96","35+","sa3067421"
"Charles McAdoo","3B","TOR",,37,"24.2833333",,,"","","","","",,,"35+","33323"
"Blake Wehunt","MIRP","BOS",,37,"25.6083333",,"Rise/Tail","45 / 50","50 / 55","","40 / 45","50 / 50","92-96","98","35+","sa3023220"
"Christian Cerda","C","ARI",,38,"23.475",,,"","","","","",,,"40","sa3015623"
"Micah Ashman","MIRP","BAL",,38,"23.8222222",,"Rise/Downh","50 / 50","60 / 60","","50 / 55","45 / 50","91-94","96","40","sa3025559"
"Brayan Cortesia","SS","WSN",,38,"18.5944444",,,"","","","","",,,"35+","sa3067686"
"Kyle DeBarge","SS","MIN",,38,"22.925",,,"","","","","",,,"35+","sa3025260"
"Niko Mazza","SIRP","SFG",,38,"24.3277777",,"Rise","50 / 60","55 / 60","45 / 55","","20 / 30","93-96","97","35+","sa3037404"
"Grant Umberger","SP","CHW",,38,"24.6777777",,,"40 / 45","50 / 50","","40 / 45","45 / 55","91-95","96","35+","sa3067156"
"Luis Alvarez","SIRP","NYM",,38,"23.1194444",,"Rise/Tail","60 / 60","55 / 55","55 / 60","","20 / 30","93-98","99","35+","sa3016847"
"Jose Davila","SP","STL",,38,"23.6083333",,"Downhill","35 / 40","50 / 50","","50 / 55","35 / 50","93-97","98","35+","sa3015092"
"Deivi Villafana","SIRP","CIN",,38,"23.0638888",,"Rise/Tail","45 / 55","45 / 55","","30 / 45","40 / 50","93-97","99","35+","sa3025142"
"Aidan West","2B","LAD",,38,"19.3166666",,,"","","","","",,,"35+","sa3069275"
"Aidan Major","SP","CLE",,38,"23.0722222",,"Rise/Tail","50 / 55","45 / 55","","40 / 50","30 / 40","92-94","97","35+","sa3036887"
"Victor Ortega","C","MIA",,38,"22.4138888",,,"","","","","",,,"35+","sa3018439"
"Tyler Callihan","2B","PIT",,38,"25.9888888",,,"","","","","",,,"35+","27497"
"Austin Smith","SIRP","COL",,38,"26.9888888",,"Rise","60 / 60","50 / 50","45 / 50","50 / 50","40 / 45","95-97","99","35+","sa3017071"
"Paul Bonzagni","MIRP","TEX",,38,"24.2138888",,"Tail","55 / 55","50 / 55","","30 / 40","30 / 40","93-97","98","35+","sa3022587"
"Drew Sommers","SIRP","DET",,38,"25.8444444",,"Tail","55 / 55","50 / 50","","45 / 50","45 / 50","92-95","96","35+","32026"
"Handelfry Encarnacion","CF","MIL",,38,"19.0277777",,,"","","","","",,,"35+","sa3024124"
"Kai Peterson","SIRP","TOR",,38,"23.8444444",,"Rise/Tail","55 / 60","45 / 50","","","20 / 30","91-93","95","35+","sa3023453"
"Ryan Watson","SIRP","BOS",,38,"28.5916666",,"Cut","50 / 50","55 / 55","50 / 50","45 / 45","40 / 45","92-94","95","35+","27853"
"Chung-Hsiang Huang","SP","ARI",,39,"20.6444444",,"Tail","40 / 45","45 / 50","40 / 50","45 / 50","45 / 60","90-93","95","40","sa3067525"
"Juaron Watts-Brown","MIRP","BAL",,39,"24.3194444",,"Downhill","40 / 45","45 / 55","50 / 55","45 / 50","40 / 45","92-95","97","40","sa3023352"
"Daniel Hernandez","C","WSN",,39,"18.3388888",,,"","","","","",,,"35+","sa3067734"
"Ramiro Dominguez","SS","MIN",,39,"19.2277777",,,"","","","","",,,"35+","sa3023985"
"Wilkin Ramos","SIRP","SFG",,39,"25.6333333",,"Sink/Tail","55 / 55","50 / 50","","","30 / 35","92-95","97","35+","23988"
"Truman Pauley","MIRP","CHW",,39,"22.4777777",,"Rise","45 / 50","45 / 50","","","30 / 40","91-94","95","35+","sa3039559"
"Ronald Hernandez","C","NYM",,39,"22.6527777",,,"","","","","",,,"35+","sa3015738"
"Skylar Hales","SIRP","STL",,39,"24.65",,"Tail/Uphil","60 / 60","45 / 50","","","30 / 40","93-98","99","35+","sa3022739"
"Ty Floyd","SP","CIN",,39,"24.8055555","6/15/25","Rise/Tail","45 / 50","40 / 45","40 / 40","45 / 55","30 / 50","90-93","94","35+","sa3031488"
"Paul Gervase","SIRP","LAD",,39,"26.0694444",,"Tail/Uphil","60 / 60","45 / 45","","","30 / 35","91-94","96","35+","31571"
"Dylan DeLucia","MIRP","CLE",,39,"25.8805555",,"Rise/Tail","40 / 45","50 / 55","","50 / 55","45 / 55","91-95","96","35+","sa3024964"
"Johnny Olmstead","SS","MIA",,39,"25.9388888",,,"","","","","",,,"35+","sa3022494"
"Billy Cook","CF","PIT",,39,"27.4472222",,,"","","","","",,,"35+","29573"
"Blaine Crim","1B","COL",,39,"29.0027777",,,"","","","","",,,"35+","25714"
"Moises Rodriguez","SIRP","DET",,39,"24.2916666",,"Tail","55 / 60","45 / 55","","","35 / 45","96-99","101","35+","sa3017389"
"Tyler Black","1B","MIL",,39,"25.8944444",,,"","","","","",,,"35+","29949"
"Sam Shaw","LF","TOR",,39,"20.3138888",,,"","","","","",,,"35+","sa3022889"
"Starlyn Nunez","SS","BOS",,39,"20.6888888",,,"","","","","",,,"35+","sa3021216"
"Caden Grice","SP","ARI",,40,"24.0083333","7/1/24","Rise","40 / 45","50 / 55","","45 / 50","35 / 50","91-94","95","40","sa3023166"
"Cobb Hightower","SS","BAL",,40,"21.2722222",,,"","","","","",,,"40","sa3066025"
"Jose Feliz","SP","WSN",,40,"20.6916666",,"Rise/Tail","20 / 30","50 / 60","","45 / 55","25 / 60","88-92","93","35+","sa3024069"
"Jason Reitz","SP","MIN",,40,"21.9027777",,"Downhill","40 / 45","45 / 50","","45 / 55","30 / 45","91-95","98","35+","sa3040605"
"Marques Johnson","SIRP","SFG",,40,"25.9555555",,"Rise","55 / 55","55 / 55","","","30 / 25","93-95","97","35+","sa3020741"
"Carson Jacobs","SIRP","CHW",,40,"24.8361111",,"Rise/Downh","50 / 60","","","","30 / 30","94-97","99","35+","sa3022872"
"Cleiner Ramirez","OF","NYM",,40,"17.5472222",,,"","","","","",,,"35+","sa3075059"
"Jack Martinez","MIRP","STL",,40,"23.2666666",,"Cut","45 / 45","40 / 45","","55 / 60","30 / 45","92-94","96","35+","sa3037172"
"Garrett McDaniels","SIRP","LAD",,40,"26.5083333","4/1/21","Downhill/S","50 / 55","55 / 55","","","40 / 40","93-94","95","35+","31751"
"Steven Pérez","SIRP","CLE",,40,"25.1583333",,"Rise/Downh","55 / 55","50 / 55","","40 / 40","45 / 50","93-94","96","35+","sa3008362"
"Fenwick Trimble","LF","MIA",,40,"1.80277777",,,"","","","","",,,"35+","sa3025202"
"Nick Yorke","2B","PIT",,40,"24.2111111",,,"","","","","",,,"35+","27504"
"Yujanyer Herrera","SIRP","COL",,40,"22.8361111",,"Sink/Tail","50 / 55","50 / 55","","40 / 45","30 / 40","93-95","98","35+","sa3015370"
"Joseph Montalvo","SP","DET",,40,"24.1222222",,"Rise/Tail","40 / 45","50 / 55","","50 / 55","40 / 55","90-93","94","35+","sa3018802"
"Eric Bitonti","1B","MIL",,40,"20.5861111",,,"","","","","",,,"35+","sa3022866"
"Elaineiker Coronado","2B","TOR",,40,"18.7055555",,,"","","","","",,,"35+","sa3067843"
"Conrad Cason","SP","BOS",,40,"19.8638888",,"Rise","55 / 60","40 / 45","40 / 45","30 / 40","20 / 55","93-96","97","35+","sa3067316"
"Josh Grosz","SP","ARI",,41,"23.7861111",,"Tail","45 / 45","45 / 50","50 / 55","40 / 50","35 / 50","92-95","97","40","sa3023478"
"Pedro Gomez","RF","BAL",,41,"17.6777777",,,"","","","","",,,"40","sa3075068"
"Sam Brown","1B","WSN",,41,"24.7694444",,,"","","","","",,,"35+","sa3023367"
"Alejandro Hidalgo","SIRP","MIN",,41,"23.0722222",,"Rise","35 / 40","50 / 55","","","30 / 40","95-97","98","35+","sa3015151"
"Logan Martin","MIRP","SFG",,41,"24.9194444",,"Tail","50 / 55","40 / 45","","55 / 55","40 / 50","93-96","98","35+","sa3023213"
"Sebastian Romero","LF","CHW",,41,"17.7888888",,,"","","","","",,,"35+","sa3075085"
"Edward Lantigua","LF","NYM",,41,"19.625",,,"","","","","",,,"35+","sa3024476"
"Ethan Young","MIRP","STL",,41,"22.375",,"Sink","50 / 55","50 / 55","50 / 55","40 / 50","30 / 40","93-97","99","35+","sa3060988"
"Ronan Kopp","SIRP","LAD",,41,"23.8861111",,"Rise","60 / 60","55 / 55","","30 / 40","20 / 35","95-98","100","35+","sa3017751"
"Jackson  Humphries","MIRP","CLE",,41,"21.9111111",,"Rise/Downh","45 / 45","50 / 55","50 / 55","55 / 60","20 / 30","89-93","96","35+","sa3021729"
"Andrew Pintar","CF","MIA",,41,"25.2361111",,,"","","","","",,,"35+","sa3020715"
"Cy Nielson","SIRP","PIT",,41,"25.3138888",,"Rise/Tail","40 / 40","60 / 60","","30 / 30","30 / 35","91-93","94","35+","sa3020321"
"Carson Palmquist","MIRP","COL",,41,"25.6694444",,"Rise/Tail","30 / 35","50 / 55","","50 / 55","45 / 50","89-92","94","35+","31612"
"Jaden Hamm","SP","DET",,41,"23.7861111",,"Rise","40 / 45","40 / 45","50 / 60","50 / 50","35 / 45","89-92","94","35+","sa3023134"
"José Anderson","RF","MIL",,41,"19.5555555",,,"","","","","",,,"35+","sa3024133"
"Jakson Gamboa","SP","BOS",,41,"19.3444444",,"Sink","50 / 55","40 / 55","","30 / 40","20 / 45","93-96","97","35+","sa3068090"
"Jacob Steinmetz","SP","ARI",,42,"22.9138888",,"Tail","40 / 45","45 / 50","55 / 60","30 / 40","30 / 45","90-94","96","40","sa3017976"
"Darren Bowen","SIRP","MIN",,42,"25.375",,"Rise/Tail","50 / 50","55 / 55","","35 / 40","45 / 50","94-96","97","35+","sa3020945"
"Cody Delvecchio","SIRP","SFG",,42,"22.425",,"Rise","55 / 60","40 / 50","","40 / 50","40 / 50","93-96","97","35+","sa3030108"
"Cesar Acosta","C","NYM",,42,"17.8861111",,,"","","","","",,,"35+","sa3067868"
"Mason Molina","MIRP","STL",,42,"22.9444444",,"Rise","45 / 50","40 / 45","35 / 40","50 / 55","30 / 40","90-93","94","35+","sa3025586"
"Griff McGarry","SIRP","LAD",,42,"27.0277777",,"Tail","55 / 55","60 / 60","","","30 / 30","93-95","98","35+","sa3017130"
"Kendeglys Virguez","SIRP","CLE",,42,"22.1166666",,"Tail","55 / 70","45 / 55","","","30 / 40","95-98","101","35+","sa3018351"
"Cameron Weston","MIRP","BAL",,42,"25.8083333",,"Sink/Uphil","45 / 45","50 / 50","","45 / 45","45 / 50","89-93","95","35+","31696"
"Brandon Compton","LF","MIA",,42,"22.6416666","2022",,"","","","","",,,"35+","sa3029229"
"Cam Sanders","SIRP","PIT",,42,"29.525",,"Rise/Tail","60 / 60","55 / 60","","55 / 55","20 / 30","94-97","99","35+","23479"
"Jordy Vargas","SP","COL",,42,"22.6166666","8/1/23","Tail","40 / 50","","45 / 55","30 / 50","35 / 55","91-94","95","35+","sa3016052"
"Tyler Owens","SIRP","DET",,42,"25.4416666",,"Rise","55 / 55","55 / 55","","","40 / 40","94-97","99","35+","26030"
"Alexander Frias","RF","MIL",,42,"18.2722222",,,"","","","","",,,"35+","sa3068835"
"Berny Ortiz","SP","BOS",,42,"20.8638888",,"Rise/Tail","55 / 60","45 / 60","","","30 / 50","94-96","97","35+","sa3067578"
"Garrett Horn","SIRP","MIN",,43,"23.2361111",,"Rise/Downh","60 / 60","","45 / 50","","30 / 40","90-94","95","35+","sa3034093"
"Aeverson Arteaga","SS","SFG",,43,"23.2555555",,,"","","","","",,,"35+","sa3014707"
"Elian De La Cruz","RF","ARI",,43,"18.7305555",,,"","","","","",,,"35+","sa3067695"
"Nathan Hall","SP","NYM",,43,"22.3694444",,"Rise/Tail","45 / 55","50 / 60","45 / 55","","30 / 40","91-95","98","35+","sa3069376"
"Frank Elissalt","SIRP","STL",,43,"24.2305555",,"Tail","55 / 60","50 / 60","","30 / 40","30 / 40","93-96","98","35+","sa3025634"
"Chayce McDermott","SP","LAD",,43,"27.8222222",,"Rise","55 / 60","50 / 55","55 / 55","50 / 60","30 / 40","93-95","97","35+","29866"
"Nolan Schubart","LF","CLE",,43,"22.1055555",,,"","","","","",,,"35+","sa3041794"
"Jud Fabian","CF","BAL",,43,"25.725",,,"","","","","",,,"35+","sa3019942"
"Andres Valor","CF","MIA",,43,"20.6111111",,,"","","","","",,,"35+","sa3021278"
"Omar Alfonzo","C","PIT",,43,"22.875",,,"","","","","",,,"35+","sa3015665"
"RJ Petit","SIRP","COL",,43,"26.7361111",,"Downhill","50 / 50","55 / 55","","45 / 50","40 / 40","94-97","98","35+","sa3017848"
"Luis Aguilera","SS","DET",,43,"19.4527777",,,"","","","","",,,"35+","sa3024374"
"Yerlin Rodriguez","SIRP","MIL",,43,"24.2388888",,"Rise/Tail","55 / 60","60 / 70","","","20 / 30","96-97","99","35+","sa3015362"
"Gerardo Rodriguez","C","BOS",,43,"20.5277777",,,"","","","","",,,"35+","sa3021614"
"Matt Barr","SP","MIN",,44,"20.4222222",,"Rise","40 / 50","55 / 60","55 / 60","","20 / 40","91-94","95","35+","sa3069374"
"Maui Ahuna","SS","SFG",,44,"24.2694444",,,"","","","","",,,"35+","sa3023373"
"Jose Fernandez","SS","ARI",,44,"22.7388888",,,"","","","","",,,"35+","28020"
"Calvin Ziegler","SIRP","NYM",,44,"23.7083333",,"Rise","55 / 60","50 / 60","55 / 55","","30 / 40","95-97","98","35+","sa3018142"
"Carson Hobbs","SIRP","LAD",,44,"24.3083333",,"Rise","55 / 55","50 / 55","50 / 50","","35 / 40","94-97","98","35+","sa3023573"
"Chase Mobley","SP","CLE",,44,"20.0361111",,"Tail/Uphil","50 / 60","55 / 60","","30 / 45","20 / 30","92-96","99","35+","sa3067542"
"Cameron Foster","SIRP","BAL",,44,"27.2527777",,"Rise/Downh","55 / 55","55 / 55","","","40 / 40","93-96","98","35+","31942"
"Eliazar Dishmey","MIRP","MIA",,44,"21.6472222",,"Sink/Tail","50 / 55","40 / 50","45 / 55","45 / 55","30 / 40","92-95","96","35+","sa3019181"
"Irwin Ramirez","SP","PIT",,44,"19.4388888",,"None","45 / 55","50 / 60","","30 / 45","20 / 45","95-98","99","35+","sa3024088"
"Richard De Los Santos","3B","COL",,44,"17.0777777",,,"","","","","",,,"35+","sa3075042"
"Josueth Quinonez ","CF","DET",,44,"19.3222222",,,"","","","","",,,"35+","sa3023882"
"Ryan Birchard","MIRP","MIL",,44,"22.9333333",,"Rise/Downh","55 / 55","45 / 50","50 / 55","","20 / 30","91-95","96","35+","sa3023449"
"Dalton Rogers","MIRP","BOS",,44,"24.4166666",,"Rise","50 / 50","45 / 50","50 / 50","45 / 50","35 / 40","91-94","96","35+","sa3020479"
"Santiago Rojas","MIRP","MIN",,45,"19.1944444",,"Rise/Tail","45 / 50","45 / 50","","60 / 70","20 / 40","90-94","95","35+","sa3024585"
"Alexander Fuentes","SIRP","SFG",,45,"21.4305555",,"Rise","50 / 60","45 / 55","","35 / 45","30 / 40","92-96","98","35+","sa3024072"
"Blake Walston","SP","ARI",,45,"24.9722222",,"Rise","30 / 30","50 / 55","50 / 50","45 / 50","40 / 45","87-93","95","35+","26270"
"Luis R. Rodriguez","SIRP","NYM",,45,"23.5416666",,"Rise","55 / 60","","55 / 60","30 / 45","30 / 45","95-96","97","35+","sa3017275"
"Yordy Herrera","SIRP","STL",,45,"21.5444444",,"Rise","40 / 55","55 / 60","","","25 / 40","90-93","94","35+","sa3019643"
"Jakob Wright","SIRP","LAD",,45,"23.05",,"Rise/Tail","55 / 60","55 / 60","50 / 55","30 / 40","30 / 40","93-96","97","35+","sa3045618"
"Alexander Garcia","SP","CLE",,45,"19.8916666",,"Rise","50 / 60","45 / 50","","30 / 50","20 / 40","91-95","97","35+","sa3024792"
"Tanner Smith","SIRP","BAL",,45,"23.8694444",,"Sink","50 / 55","55 / 60","","","30 / 40","93-96","98","35+","sa3042645"
"Pedro Montero","SP","MIA",,45,"18.9361111",,"Rise/Tail","45 / 55","50 / 60","","30 / 50","20 / 45","92-95","97","35+","sa3068682"
"David Matoma","SIRP","PIT",,45,"20.3777777",,"Rise","60 / 70","30 / 40","","","20 / 30","95-99","101","35+","sa3021761"
"Andy Mata","CF","DET",,45,"18.6833333",,,"","","","","",,,"35+","sa3068243"
"Eduardo Garcia","SS","MIL",,45,"23.9388888",,,"","","","","",,,"35+","sa3008751"
"Jojo Ingrassia","SIRP","BOS",,45,"23.9",,"Rise/Tail","45 / 50","50 / 55","","50 / 55","35 / 40","91-93","95","35+","sa3023475"
"Enrique Jimenez","C","MIN",,46,"20.625",,,"","","","","",,,"35+","sa3021091"
"Liam Simon","SIRP","SFG",,46,"25.6722222",,"Tail","70 / 70","40 / 50","","","20 / 30","95-97","100","35+","sa3020256"
"Spencer Giesting","MIRP","ARI",,46,"24.9611111",,"Rise","45 / 45","55 / 55","45 / 50","40 / 45","45 / 50","88-92","95","35+","sa3020402"
"Randel Clemente","SIRP","STL",,46,"24.5861111",,"Rise/Tail","55 / 60","70 / 70","","","20 / 30","95-98","100","35+","sa3016003"
"Reynaldo Yean","SIRP","LAD",,46,"22.4555555",,"Rise/Run","70 / 70","55 / 60","","","20 / 20","98-100","102","35+","sa3018303"
"Joshua Liranzo","3B","BAL",,46,"19.8138888",,,"","","","","",,,"35+","sa3021198"
"Joey Volini","SP","MIA",,46,"23.4833333",,"Tail","40 / 40","50 / 50","55 / 60","45 / 50","35 / 50","90-92","93","35+","sa3044555"
"McLane Moody","SP","PIT",,46,"19.7861111",,"Rise","40 / 55","45 / 55","","30 / 50","20 / 45","90-93","96","35+","sa3069306"
"Kenny Serwa","MIRP","DET",,46,"28.875",,,"30 / 30","35 / 40","30 / 35","","50 / 55","89-92","93","35+","sa3067062"
"Matthew Wood","C","MIL",,46,"25.2944444",,,"","","","","",,,"35+","sa3019924"
"Jose Bello","SP","BOS",,46,"21.0527777",,"Tail","40 / 45","50 / 55","","40 / 50","35 / 45","91-93","96","35+","sa3021530"
"Dameury  Pena","2B","MIN",,47,"20.7972222",,,"","","","","",,,"35+","sa3021624"
"Gerelmi Maldonado","SIRP","SFG",,47,"22.4916666",,"Rise","70 / 80","45 / 55","","","20 / 30","97-100","101","35+","sa3016018"
"Dylan Ray","SP","ARI",,47,"25.1083333",,"Rise/Tail","45 / 50","50 / 55","50 / 50","40 / 45","45 / 50","90-94","95","35+","sa3020392"
"Colton Ledbetter","RF","STL",,47,"24.5916666",,,"","","","","",,,"35+","sa3022897"
"Aidan Foeller","SIRP","LAD",,47,"24.2277777",,"Rise","60 / 70","40 / 40","","","30 / 40","92-96","98","35+","sa3025616"
"Willy Vasquez","SS","BAL",,47,"24.7833333",,,"","","","","",,,"35+","sa3011821"
"Dameivi Tineo","SIRP","MIA",,47,"22.8805555",,"Rise","55 / 60","50 / 60","","","20 / 35","92-96","97","35+","sa3017726"
"Neomar Urbina","SIRP","PIT",,47,"17.6944444",,"Rise","55 / 60","45 / 55","","40 / 55","20 / 30","95-97","98","35+",
"Yoniel Curet","SIRP","DET",,47,"23.625",,"Rise/Tail","65 / 65","50 / 55","","30 / 40","20 / 30","95-98","99","35+","sa3015446"
"Filippo Di Turi","SS","MIL",,47,"20.6083333",,,"","","","","",,,"35+","sa3021093"
"Louis Andujar","3B","BOS",,47,"18.7305555",,,"","","","","",,,"35+","sa3068889"
"Bruin Agbayani","2B","MIN",,48,"19.2277777",,,"","","","","",,,"35+","sa3069188"
"Alberto Laroche","SP","SFG",,48,"20.5472222",,"Tail","40 / 55","35 / 50","","45 / 55","25 / 55","92-95","97","35+","sa3025448"
"Joe Elbis","SP","ARI",,48,"23.7333333",,"Tail","40 / 45","50 / 55","50 / 55","40 / 40","50 / 60","90-94","96","35+","sa3015216"
"Bryan Torres","2B/LF","STL",,48,"28.9611111",,,"","","","","",,,"35+","21464"
"Logan Wagner","3B","LAD",,48,"22.275",,,"","","","","",,,"35+","sa3019932"
"Griff O'Ferrall","3B","BAL",,48,"23.3777777",,,"","","","","",,,"35+","sa3025409"
"Walin Castillo","SIRP","MIA",,48,"21.4611111",,"Sink/Tail","45 / 55","40 / 50","","45 / 55","30 / 40","93-96","97","35+","sa3019280"
"Hyun Seung Lee","3B","PIT",,48,"18.3444444",,,"","","","","",,,"35+","sa3067735"
"Joshua Flores","SIRP","MIL",,48,"19.0111111",,"Downhill","40 / 45","50 / 60","","45 / 55","20 / 40","91-94","96","35+","sa3069242"
"Garielvin Silverio","LF","BOS",,48,"17.6666666",,,"","","","","",,,"35+","sa3075069"
"Santiago Leon","SS","MIN",,49,"17.9805555",,,"","","","","",,,"35+","sa3067689"
"Braxton Roxby","SIRP","SFG",,49,"27.2666666",,"Tail","55 / 55","55 / 55","","","30 / 35","94-96","97","35+","sa3014811"
"Sawyer Hawks","SIRP","ARI",,49,"22.9805555",,"Rise","55 / 60","50 / 60","","50 / 55","30 / 40","92-95","96","35+","sa3033436"
"Jack Gurevitch","1B","STL",,49,"22.275",,,"","","","","",,,"35+","sa3032859"
"Samuel Munoz","LF","LAD",,49,"21.7388888",,,"","","","","",,,"35+","sa3018407"
"RJ Austin","CF","BAL",,49,"22.5",,,"","","","","",,,"35+","sa3026315"
"Grant Shepardson","SP","MIA",,49,"20.7055555",,"Rise","40 / 45","55 / 60","","40 / 50","20 / 50","92-95","96","35+","sa3067434"
"Gustavo Melendez","SS","PIT",,49,"18.6611111",,,"","","","","",,,"35+","sa3069270"
"Sean Episcope","MIRP","MIL",,49,"22.3527777","4/1/25","Rise","45 / 45","55 / 60","60 / 60","","30 / 50","91-95","97","35+","sa3030964"
"Jose Olivares","SIRP","MIN",,50,"23.4166666",,"Rise/Downh","55 / 60","55 / 60","50 / 50","40 / 55","30 / 40","94-96","97","35+","sa3016267"
"Brayan Narvaez","SP","SFG",,50,"21.6611111",,"Rise","40 / 60","45 / 55","","","20 / 45","88-91","93","35+","sa3022133"
"Jose Cabrera","MIRP","ARI",,50,"24.05",,"Tail","50 / 55","45 / 50","","45 / 50","40 / 45","92-95","97","35+","30412"
"Won-Bin Cho","RF","STL",,50,"22.8277777",,,"","","","","",,,"35+","sa3019526"
"Peter Heubeck","SIRP","LAD",,50,"23.9055555",,"Rise","55 / 55","55 / 60","70 / 70","30 / 30","30 / 40","93-95","96","35+","sa3017936"
"Colin Yeaman","SS","BAL",,50,"22.175",,,"","","","","",,,"35+","sa3060984"
"Santiago Solarte","3B","MIA",,50,"17.5694444",,,"","","","","",,,"35+","sa3075054"
"Jared Jones","1B","PIT",,50,"22.8805555",,,"","","","","",,,"35+","sa3034881"
"Jack Hostetler","SIRP","MIL",,50,"22.8777777",,"Rise/Tail","55 / 60","40 / 45","","50 / 55","30 / 40","92-96","98","35+","sa3065768"
"Landon Sims","SIRP","ARI",,51,"25.4583333","3/15/22","Rise","50 / 50","50 / 55","","40 / 45","30 / 40","91-94","97","35+","sa3021979"
"Chase Davis","RF","STL",,51,"24.5361111",,,"","","","","",,,"35+","sa3022426"
"Jared Karros","SP","LAD",,51,"25.5888888",,"Dowhill","40 / 40","50 / 50","45 / 45","50 / 55","50 / 60","91-94","95","35+","sa3020859"
"Ethan Anderson","1B","BAL",,51,"22.7416666",,,"","","","","",,,"35+","sa3025410"
"Jacob Miller","MIRP","MIA",,51,"22.8555555",,"Sink","40 / 45","45 / 50","40 / 40","45 / 55","40 / 55","91-93","95","35+","sa3020111"
"Diego Frontado","SS","MIL",,51,"17.7722222",,,"","","","","",,,"35+",
"Kyle Amendt","SIRP","ARI",,52,"26.2027777",,"Cut/Rise","60 / 60","50 / 50","50 / 50","","30 / 40","88-92","94","35+","sa3022904"
"Carlos Carrion","3B","STL",,52,"17.5388888",,,"","","","","",,,"35+","sa3069442"
"Isaac Ayon","SIRP","LAD",,52,"24.0111111",,"Rise/Tail","50 / 55","45 / 55","","","30 / 40","93-96","97","35+","sa3026340"
"Raimon Gomez","SIRP","BAL",,52,"24.7833333",,"Tail","80 / 80","60 / 60","","","20 / 20","97-103","105","35+","sa3017645"
"Matt Pushard","SIRP","MIA",,52,"28.6416666",,"Downhill","50 / 50","45 / 45","","40 / 40","40 / 40","92-96","97","35+","31870"
"Ricki Moneys","3B","MIL",,52,"17.6916666",,,"","","","","",,,"35+",
"Gian Zapata","RF","ARI",,53,"20.7638888",,,"","","","","",,,"35+","sa3021079"
"Sebastian Dos Santos","2B","STL",,53,"18.3861111",,,"","","","","",,,"35+","sa3067732"
"Dylan Tate","SIRP","LAD",,53,"22.1083333",,"Rise","60 / 60","40 / 50","","40 / 50","30 / 40","94-96","97","35+","sa3067523"
"Yaqui Rivera","SIRP","BAL",,53,"22.9138888",,"Rise/Tail","45 / 50","55 / 60","","50 / 55","30 / 35","91-95","97","35+","sa3015504"
"Garret Forrester","C","MIA",,53,"24.575",,,"","","","","",,,"35+","sa3022822"
"Ivan Luciano","C","ARI",,54,"19.5666666",,,"","","","","",,,"35+","sa3067397"
"Branneli Franco","SP","STL",,54,"19.3694444",,"Rise","45 / 60","30 / 50","","","20 / 45","94-97","98","35+","sa3023818"
"Wyatt Crowell","SIRP","LAD",,54,"24.6805555",,"Sink/Run","40 / 45","50 / 60","","40 / 45","30 / 40","91-93","95","35+","sa3023662"
"Tyson Neighbors","SIRP","BAL",,54,"23.6916666",,"Rise/Downh","50 / 50","55 / 55","55 / 55","","30 / 40","93-95","97","35+","sa3025569"
"Tytus Cissell","SS","ARI",,55,"20.2",,,"","","","","",,,"35+","sa3067331"
"Logan Tabeling","SIRP","LAD",,55,"24.825",,"Rise/Downh","50 / 50","60 / 60","60 / 60","","30 / 40","92-95","98","35+","sa3067065"
"Chandler Marsh","SIRP","BAL",,55,"23.7833333",,"Rise/Tail","55 / 55","60 / 60","","","30 / 40","94-97","99","35+","sa3025652"
"Pedro Blanco","1B","ARI",,56,"19.1555555",,,"","","","","",,,"35+","sa3023945"
"DJ Layton","2B","BAL",,56,"19.9083333",,,"","","","","",,,"35+","sa3067333"
"Walvin Mena","SIRP","ARI",,57,"20.7166666",,"Tail","50 / 60","50 / 60","","","20 / 40","93-96","97","35+","sa3021505"
"Keeler Morfe","SIRP","BAL",,57,"20.025",,,"60 / 65","40 / 55","","40 / 55","20 / 20","96-98","100","35+","sa3022239"
"Samuel Gonzalez","SP","ARI",,58,"21.4166666",,"Rise/Tail","40 / 45","45 / 55","45 / 55","","40 / 55","90-93","95","35+","sa3025098"
"Thomas Sosa","LF","BAL",,58,"21.4166666",,,"","","","","",,,"35+","sa3018566"
"Ruben Gallego","SS","ARI",,59,"18.1861111",,,"","","","","",,,"35+",
"Jordan Sanchez","RF","BAL",,59,"20.6916666",,,"","","","","",,,"35+","sa3024112"
"Gabriel Rosario","LF","BAL",,60,"17.7888888",,,"","","","","",,,"35+","sa3075071"
"Hunter Allen","SIRP","BAL",,61,"22.9027777",,"Carry","50 / 55","45 / 55","45 / 55","40 / 50","20 / 40","92-95","99","35+","sa3069378"
"Juan Nuñez","SP","BAL",,62,"25.5305555",,"Rise/Tail","50 / 55","60 / 60","","45 / 55","30 / 40","92-95","97","35+","sa3015464"
"Chase Allsup","SP","BAL",,63,"23.1583333",,"Rise/Tail","55 / 55","50 / 55","","35 / 45","30 / 40","94-96","98","35+","sa3025950"