#,Name,Age,Level,Team,Pos,Avg Rank,Coverage,Consensus,BaGS,FScore,PG+,PLFR,OOPSY Peak,PARS,P.Tilt,LFX
"1","Eli Willits","18","A+","WSN","SS","10.9","8","Tight","8","9","3","9","1","10","43","4"
"2","Josue De Paula","21","AA","LAD","RF","16.8","8","Tight","5","41","10","10","11","4","51","2"
"3","Theo Gillen","20","AA","TBR","CF","17.7","8","Tight","7","44","11","4","4","8","57","7"
"4","Aidan Miller","22","AAA","PHI","SS","","3","","","3","","","23","","","29"
"5","Luis Lara","21","MLB","MIL","CF","19.0","7","Tight","2","","4","6","18","31","26","46"
"6","Miguel Hernandez","18","A","STL","3B","","2","","","","","","45","","6",""
"7","Jesus Made","19","AA","MIL","SS","29.8","8","Moderate","16","7","13","5","8","2","","1"
"8","Franklin Arias","20","AAA","BOS","SS","34.6","8","Moderate","3","","5","1","13","1","75","6"
"9","Walker Jenkins","21","AAA","MIN","CF","39.0","8","Tight","59","38","42","15","14","5","","9"
"10","Tate Southisene","19","AA","ATL","SS","41.1","7","Tight","24","","14","2","64","58","76","50"
"11","Leo De Vries","19","AA","ATH","SS","42.1","8","Moderate","4","58","6","11","9","14","","3"
"12","Eduardo Quintero","20","A+","LAD","CF","45.4","8","Tight","42","17","53","60","24","68","85","14"
"13","Luke Adams","22","AAA","MIL","1B","47.3","8","Tight","15","","33","17","2","6","","98"
"14","Pedro Ramirez","22","MLB","CHC","3B","47.4","7","Tight","30","","37","18","38","3","82",""
"15","Juneiker Caceres","18","A+","CLE","RF","50.3","8","Tight","43","53","51","7","20","23","","37"
"16","Josh Adamczewski","21","AA","MIL","SS","51.8","8","Tight","70","65","34","14","48","17","","43"
"17","George Lombard Jr.","21","AAA","NYY","SS","55.8","8","Moderate","29","","18","25","49","11","84","20"
"18","Max Clark","21","MLB","DET","CF","62.1","6","Moderate","6","","22","","15","","","8"
"19","Braylon Payne","19","A+","MIL","CF","63.4","8","Tight","11","18","20","92","27","73","","90"
"20","Josiah Hartshorn","19","A+","CHC","RF","64.0","7","Moderate","45","","29","29","31","28","","25"
"21","Mike Sirota","23","AA","LAD","CF","67.1","8","Tight","68","80","","47","47","44","93","5"
"22","Sean Keys","23","MLB","TOR","3B","68.1","7","Tight","56","","41","50","34","7","",""
"23","Eric Hartman","20","A+","ATL","CF","68.2","8","Moderate","12","12","12","45","33","57","","23"
"24","Cooper Pratt","21","MLB","MIL","SS","72.1","7","Tight","31","","58","33","52","67","","56"
"25","Caleb Bonemer","20","AA","CHW","3B","76.1","8","Split","21","57","8","22","5","37","","12"
"26","Cristian Arguelles","19","A","COL","CF","","3","","","","","","43","","77",""
"27","Ethan Salas","20","AAA","SDP","C","82.1","8","Moderate","20","","64","8","84","80","","38"
"28","Edward Florentino","19","A+","PIT","CF","83.9","8","Moderate","47","6","68","90","22","","","13"
"29","Jemone Nuel","19","A","BAL","SS","","2","","","","","","159","","10",""
"30","Cam Cannarella","22","AAA","MIA","CF","84.6","8","Moderate","57","","66","20","63","12","42","68"
"31","Brady Ebel","18","A","MIL","SS","84.7","7","Tight","95","","","63","57","59","61",""
"32","Esmerlyn Valdez","22","MLB","PIT","RF","85.8","5","Moderate","27","","62","41","6","","",""
"33","Xavier Neyens","19","A+","HOU","3B","92.1","7","Tight","188","","","31","86","","41","55"
"34","Rainiel Rodriguez","19","AA","STL","C","94.0","8","Split","32","60","17","16","7","18","","10"
"35","Wilberson De Pena","19","A","NYY","LF","","2","","","","","","77","","",""
"36","Hayden Alvarez","19","A","LAA","CF","94.9","8","Tight","97","23","56","142","92","","",""
"37","Michael Arroyo","21","AAA","SEA","2B","96.1","8","Split","18","","9","32","16","49","","36"
"38","Andrew Fischer","22","AA","MIL","3B","96.4","7","Moderate","48","","19","69","19","","","85"
"39","Jaiden Lo Re","19","A","BAL","SS","96.4","7","Moderate","78","","","30","116","87","16",""
"40","Lazaro Montes","21","AAA","SEA","RF","100.2","8","Moderate","25","","2","56","3","81","","35"
"41","Luis Escudero","20","A","NYY","2B","101.3","6","Moderate","51","","","49","172","","5",""
"42","Joshua Baez","23","AAA","STL","CF","102.4","8","Moderate","54","33","31","159","21","75","","16"
"43","Luis Pena","19","A+","MIL","SS","102.9","8","Moderate","112","50","","85","30","","","17"
"44","Josiah Ragsdale","22","AA","MIL","CF","108.7","7","Moderate","50","","82","28","114","86","54",""
"45","Jhonny Level","19","A+","SFG","SS","110.4","8","Split","26","49","23","58","75","48","","32"
"46","Hector Osorio","21","A+","TEX","RF","114.1","8","Tight","150","94","38","72","113","85","",""
"47","Zyhir Hope","21","AA","LAD","RF","117.4","8","Split","14","","28","64","39","90","","15"
"48","Yolfran Castillo","19","A+","TEX","SS","119.0","8","Moderate","96","53","35","21","319","","",""
"49","Kaelen Culpepper","23","AAA","MIN","SS","122.6","8","Moderate","119","","80","151","69","65","","24"
"50","Kane Kepley","22","A+","CHC","CF","123.7","8","Moderate","225","20","","67","118","","20",""
"51","Jirvin Morillo","19","A","CIN","C","","2","","","","","","147","","",""
"52","Robert Arias","19","A","CLE","CF","126.0","7","Tight","62","","","161","87","74","87",""
"53","Elian Pena","18","A","NYM","SS","128.3","8","Tight","88","63","","137","180","","","91"
"54","Sebastian Walcott","20","AA","TEX","SS","128.3","6","Split","1","","","13","12","","","11"
"55","Alfredo Duno","20","AA","CIN","C","128.7","8","Split","63","90","16","27","25","","","19"
"56","Roldy Brito","19","A+","COL","CF","129.0","8","Moderate","130","26","","79","41","","","65"
"57","Cooper Ingle","24","MLB","CLE","C","130.6","7","Tight","90","","","89","110","","","70"
"58","Angel Genao","22","AAA","CLE","SS","131.1","8","Moderate","132","","46","42","93","20","","47"
"59","Jacob Gonzalez","24","MLB","PIT","2B","131.6","7","Moderate","93","","","52","378","24","55",""
"60","Hector Rodriguez","22","AAA","CIN","RF","132.0","8","Split","46","35","7","80","40","13","","87"
"61","Blake Burke","23","AA","MIL","1B","132.4","8","Tight","75","92","","100","125","","",""
"62","Bob Seymour","27","MLB","TBR","1B","","1","","","","","","133","","",""
"63","James Tibbs III","23","AAA","LAD","RF","133.7","8","Moderate","53","","43","146","67","38","","66"
"64","Ralphy Velazquez","21","AAA","CLE","1B","135.3","8","Split","74","","27","38","36","9","","21"
"65","Justin Gonzales","19","A+","BOS","RF","135.9","8","Split","35","","72","55","51","22","","60"
"66","Felnin Celesten","20","AA","SEA","SS","136.3","8","Moderate","123","","44","26","98","41","","34"
"67","Charles Davalan","22","A+","LAD","CF","137.3","7","Tight","163","","","168","82","60","","48"
"68","Alejandro Blasco","19","A","CLE","LF","","3","","","","","","29","","1",""
"69","Zach Ehrhard","23","AAA","LAD","RF","139.8","8","Tight","91","","73","173","121","","",""
"70","Murf Gray","22","AA","PIT","3B","140.0","7","Moderate","245","","79","71","115","72","","52"
"71","Reiner Herrera","20","A","CLE","C","140.2","6","Moderate","196","","","130","46","","2",""
"72","Jett Williams","22","AAA","MIL","SS","140.6","8","Moderate","77","81","85","141","35","","","44"
"73","Emmanuel Rodriguez","23","AAA","MIN","CF","141.3","8","Moderate","120","37","","203","10","71","","40"
"74","Charlie Condon","23","AAA","COL","1B","141.9","8","Moderate","116","","50","158","124","34","","28"
"75","Emil Morales","19","A+","LAD","SS","142.2","8","Split","38","67","30","106","71","50","","39"
"76","Arjun Nimmala","20","AA","TOR","SS","143.0","8","Moderate","65","","","57","72","77","","41"
"77","Jonny Farmelo","21","AA","SEA","CF","145.1","8","Moderate","101","51","99","143","203","","","33"
"78","Boston Smith","23","AA","CHW","C","145.3","6","Moderate","315","","","126","55","93","100",""
"79","Marek Houston","22","AA","MIN","SS","147.1","8","Moderate","153","","91","43","305","21","",""
"80","Alexander Frias","18","A","MIL","RF","149.7","7","Moderate","343","","47","195","58","","29","93"
"81","Orelvis Martinez","24","MLB","FA","2B","","1","","","","","","152","","",""
"82","Kevin Alvarez","18","A","HOU","CF","155.1","8","Split","60","26","","164","88","27","","61"
"83","Jefferson Rojas","21","AA","CHC","SS","155.9","8","Split","100","","52","73","56","40","","58"
"84","Wilder Dalis","19","A","COL","3B","158.6","8","Moderate","17","","","187","117","","40",""
"85","Steele Hall","18","A","CIN","SS","","3","","","","","","169","","","51"
"86","Kendall George","21","AA","LAD","CF","159.1","8","Moderate","37","70","","68","112","","",""
"87","Yairo Padilla","19","A","STL","SS","160.0","5","Moderate","36","","","179","79","","",""
"88","Austin Overn","23","AA","TBR","CF","160.3","8","Moderate","72","1","","107","134","","",""
"89","JoJo Parker","19","A","TOR","SS","161.0","7","Tight","114","","","271","167","","","22"
"90","Zac Veen","24","MLB","COL","LF","161.0","8","Moderate","183","53","","267","149","64","","95"
"91","Nico Perez","21","A+","LAD","2B","164.3","7","Tight","136","78","","219","266","","90",""
"92","Jaison Chourio","21","AA","CLE","CF","165.3","8","Moderate","160","","86","61","170","55","","74"
"93","Yeremi Cabrera","20","A+","WSN","CF","166.7","6","Tight","129","","98","284","171","76","",""
"94","Bryan Rincon","22","AA","PHI","SS","170.9","8","Moderate","83","","","66","216","63","",""
"95","Yasser Mercedes","21","A+","MIN","CF","172.2","8","Moderate","151","","","237","217","32","",""
"96","Taitn Gray","18","A","TBR","1B","173.4","7","Moderate","85","","","135","60","","","69"
"97","Nate George","20","A+","BAL","CF","174.1","7","Moderate","149","13","","231","42","","","53"
"98","Sam Shaw","21","A+","TOR","2B","174.4","7","Split","41","","","54","209","69","31",""
"99","Kayson Cunningham","20","A+","ARI","SS","176.7","7","Moderate","106","","","77","412","91","","64"
"100","Brandon Compton","22","AA","MIA","LF","177.1","7","Moderate","49","","100","118","127","","",""
"101","Luis De La Cruz","19","A","CLE","1B","178.2","7","Moderate","135","20","","197","219","","",""
"102","Welbyn Francisca","20","A+","CLE","SS","179.1","8","Moderate","189","","","120","160","88","36",""
"103","John Gil","20","AA","ATL","SS","180.6","8","Moderate","113","","57","125","183","","","76"
"104","Caden Bodine","22","AA","TBR","C","181.1","7","Moderate","228","","81","39","188","","","71"
"105","Andreimi Antunez","19","A","TBR","SS","","2","","","","","","233","","",""
"106","Wes Clarke","26","AAA","HOU","1B","","1","","","","","","187","","",""
"107","Jorwin Pulido","17","CPX","ATL","C","","2","","","","","","317","","60",""
"108","Jose Silva","19","A","CHC","SS","190.8","6","Split","276","","","34","85","","3",""
"109","Wyatt Sanford","20","A+","PIT","SS","191.1","8","Moderate","92","","","117","221","","",""
"110","Xavier Isaac","22","AA","TBR","DH","193.8","8","Moderate","126","","","134","28","","",""
"111","Eric Bitonti","20","A+","MIL","1B","197.4","8","Moderate","86","","75","156","90","","",""
"112","Nathan Flewelling","19","A+","TBR","C","197.8","8","Split","34","","40","93","53","","","62"
"113","Deniel Ortiz","21","AA","STL","3B","198.0","8","Moderate","318","10","","74","95","","",""
"114","Carlos Gutierrez","21","A+","SFG","RF","198.9","7","Tight","138","","","211","190","","",""
"115","Luke Hill","22","AA","CLE","3B","200.0","7","Moderate","402","","","75","151","26","",""
"116","Moises Acacio","18","CPX","LAD","2B","","2","","","","","","311","","92",""
"117","Kahlil Watson","23","MLB","CLE","CF","203.0","7","Tight","165","","","227","80","","",""
"118","Ethan Holliday","19","A","COL","SS","203.7","7","Moderate","33","","","170","208","97","","45"
"119","Leo Bernal","22","AAA","STL","C","203.9","8","Moderate","71","","71","110","126","61","",""
"120","Devin Fitz-Gerald","20","AA","WSN","2B","204.4","8","Split","145","98","54","83","136","51","","31"
"121","Ryan Sprock","21","A+","TOR","3B","204.8","6","Tight","314","","","217","220","","71",""
"122","Cameron Cauley","23","MLB","TEX","SS","206.0","6","Tight","103","","","139","247","","",""
"123","Kevin Alcantara","23","MLB","CHC","CF","207.1","8","Split","102","","","204","32","","",""
"124","Conor Essenburg","19","A","ATL","CF","207.4","7","Moderate","22","","","152","230","","58",""
"125","Raudi Rodriguez","22","AA","LAA","RF","207.6","8","Tight","169","","88","304","239","","",""
"126","Jose Astudillo","22","AAA","SFG","LF","207.7","7","Split","469","74","48","24","482","","",""
"127","Cooper Flemming","19","A","TBR","SS","207.9","7","Moderate","166","","","301","102","","",""
"128","Emilien Pitre","23","AA","TBR","2B","210.4","7","Moderate","301","","","87","314","","33",""
"129","Gage Miller","23","AAA","MIA","2B","212.2","7","Split","222","","","88","265","15","",""
"130","Sammy Stafura","21","A+","PIT","SS","212.3","8","Tight","377","","","166","286","","",""
"131","Marconi German","18","CPX","WSN","2B","","2","","","","","","259","","",""
"132","Jaron Elkins","21","A+","LAD","RF","215.6","8","Moderate","82","44","","201","279","","",""
"133","Chase Harlan","19","A+","LAD","3B","220.1","8","Split","87","","32","78","103","42","","88"
"134","Sebastian Dos Santos","18","A","STL","SS","221.1","7","Moderate","44","","","234","131","","",""
"135","Mitch Voit","21","AA","NYM","2B","222.8","8","Moderate","233","93","","91","213","","",""
"136","Seaver King","23","AAA","WSN","SS","222.9","8","Moderate","148","","","172","375","36","","54"
"137","Yovanny Duran","18","CPX","MIN","CF","","1","","","","","","223","","",""
"138","Jason Schiavone","23","AA","HOU","C","223.5","8","Tight","207","","97","160","273","","94",""
"139","Hendry Mendez","22","AAA","MIN","LF","223.8","8","Split","194","","93","121","107","54","",""
"140","Edison Vivas","20","A+","NYY","DH","","1","","","","","","224","","",""
"141","Franklin Primera","19","A","BOS","C","224.9","7","Split","422","","83","268","50","","39",""
"142","Jake Munroe","22","AA","LAA","3B","227.6","7","Moderate","173","","","105","119","84","",""
"143","Dylan O'Rae","22","AA","MIL","2B","229.6","8","Moderate","210","","","70","212","","",""
"144","Nelson Rada","20","AAA","LAA","CF","230.4","8","Split","109","","21","37","78","","",""
"145","Adrian Santana","20","A+","TBR","SS","230.8","8","Tight","162","","","189","293","","",""
"146","Patrick Clohisy","24","AAA","ATL","CF","233.3","7","Tight","98","84","","252","249","","",""
"147","James Triantos","","MLB","CHC","2B","237.8","5","Split","","59","","","66","","",""
"148","Yunior Severino","26","AAA","MIN","RF","","1","","","","","","238","","",""
"149","Juan Ortuno","19","A","MIL","2B","238.4","7","Moderate","408","96","","254","206","","",""
"150","Yonathan Perlaza","27","AAA","SDP","RF","","1","","","","","","241","","",""
"151","Juan Villavicencio","21","A+","PHI","SS","241.4","7","Tight","156","","","193","397","","",""
"152","Joshua Kuroda-Grauer","23","MLB","ATH","SS","241.7","7","Moderate","230","","","162","434","","",""
"153","Demetrio Crisantes","21","AAA","ARI","2B","246.3","8","Split","509","","","44","106","35","","63"
"154","Boston Baro","21","A+","NYM","3B","","2","","","40","","","453","","",""
"155","Drew Cavanaugh","24","MLB","SFG","C","247.6","7","Tight","185","","","129","373","","",""
"156","Dauri Fernandez","19","A","CLE","SS","249.1","8","Moderate","137","5","","405","184","","",""
"157","Jonah Cox","24","MLB","SFG","CF","250.0","7","Moderate","84","","","132","555","62","",""
"158","Johan De Los Santos","17","A","PIT","2B","250.1","7","Split","133","","49","287","37","","",""
"159","Brett Callahan","24","AAA","DET","RF","250.4","8","Tight","254","61","","379","195","","",""
"160","Ty Southisene","20","A+","CHC","2B","250.8","7","Moderate","215","","","101","246","","",""
"161","Ryan Waldschmidt","23","MLB","ARI","LF","251.0","5","Tight","239","","","246","132","","",""
"162","Jesus Baez","21","AA","STL","SS","251.3","8","Split","168","","36","94","123","45","",""
"163","Anthony Huezo","20","AAA","HOU","CF","251.6","8","Moderate","282","8","","232","165","","",""
"164","Manuel Campos","18","A","ATL","SS","","2","","","","","","331","","",""
"165","Cole Mathis","22","A+","NYM","3B","257.3","8","Tight","288","","","356","182","","",""
"166","Blake Mitchell","21","A+","KCR","C","258.9","8","Moderate","197","","","343","161","","",""
"167","Jose Mejia","20","A+","ARI","3B","259.8","8","Moderate","174","","","123","275","82","",""
"168","Ike Irish","22","A+","BAL","C","260.3","7","Moderate","191","","","540","267","","","57"
"169","Carlos Sanchez","21","AA","CIN","3B","261.2","8","Moderate","221","","70","96","447","","",""
"170","Luis Cova","19","A","MIA","CF","261.4","7","Moderate","170","","","242","260","","38",""
"171","Enddy Azocar","19","A+","BOS","CF","262.8","8","Split","105","","61","99","109","","",""
"172","Starlyn Caba","20","A+","MIA","SS","263.6","8","Moderate","104","","","122","332","","",""
"173","Edian Espinal","21","A+","DET","2B","266.2","6","Moderate","283","","","154","194","","",""
"174","Ryan Burrowes","21","AA","CHW","2B","267.6","7","Tight","232","","","113","460","","",""
"175","Luis Fragoza","19","A","MIN","LF","267.7","7","Moderate","99","","","274","251","","",""
"176","Handelfry Encarnacion","19","A","MIL","CF","269.2","8","Tight","295","","","299","295","","",""
"177","Alfonsin Rosario","22","AAA","CLE","CF","271.3","8","Split","489","","","97","62","","",""
"178","Dean Curley","22","AA","CLE","SS","273.3","7","Moderate","386","","","76","481","","",""
"179","Tai Peete","20","A+","STL","CF","273.8","8","Moderate","67","","","369","271","","",""
"180","Sam Petersen","23","AA","WSN","CF","274.2","7","Moderate","208","80","","298","158","","",""
"181","Easton Shelton","20","A+","LAD","1B","274.4","8","Split","40","68","55","470","201","","",""
"182","Max Anderson","24","AAA","DET","2B","276.4","8","Split","80","","","213","155","","",""
"183","Sterlin Thompson","25","MLB","COL","LF","276.6","7","Split","413","","","310","108","46","97",""
"184","Aron Estrada","21","AA","BAL","2B","278.4","8","Split","219","","90","177","68","","",""
"185","Jared Thomas","22","AA","COL","C","","3","","","","","","359","","",""
"186","Kemp Alderman","23","AAA","MIA","RF","280.1","8","Split","141","72","","387","65","","",""
"187","Josue Briceno","21","AA","DET","C","280.7","6","Split","125","","","23","26","","","27"
"188","Brandon Winokur","21","AA","MIN","CF","281.3","8","Moderate","279","","","247","229","","",""
"189","Ramon Ramirez","21","A+","KCR","C","281.5","8","Moderate","292","","","220","211","","",""
"190","Deyvison De Los Santos","23","MLB","MIA","1B","281.7","7","Split","220","","","202","73","","",""
"191","Bryce Rainer","20","A+","DET","SS","282.4","8","Moderate","332","","","389","148","","","26"
"192","Kellon Lindsey","20","A","LAD","SS","284.6","8","Moderate","107","","","297","433","","",""
"193","Jaden Fauske","19","A","CHW","CF","285.1","7","Tight","384","","","272","222","","",""
"194","Luke Stevenson","21","A+","SEA","C","285.3","7","Tight","204","","","283","270","","",""
"195","Won-Bin Cho","22","AA","STL","CF","285.5","8","Moderate","251","","69","191","498","","",""
"196","Devin Taylor","22","AA","ATH","LF","286.3","8","Moderate","198","","96","205","307","","",""
"197","Luis Guanipa","20","A","ATL","RF","287.5","7","Moderate","182","","","374","514","","",""
"198","Nick Morabito","23","MLB","NYM","CF","289.0","7","Moderate","178","","","119","349","","",""
"199","Owen Ayers","25","AAA","CHC","C","289.3","8","Moderate","246","","","176","76","","","78"
"200","Ethan Anderson","22","AA","BAL","C","289.9","7","Moderate","206","","","153","193","","",""
"201","Jonah Advincula","25","AA","CLE","LF","291.7","6","Split","351","82","","62","327","","32",""
"202","Geraldo Quintero","24","AA","ATL","LF","","1","","","","","","292","","",""
"203","Abimelec Ortiz","24","MLB","WSN","1B","292.6","7","Moderate","342","","","335","59","","",""
"204","Ramiro Dominguez","19","A","MIN","2B","292.7","7","Moderate","171","","","293","210","","",""
"205","Jack Winnay","23","AA","BOS","3B","294.2","6","Moderate","409","","","150","244","","",""
"206","Ching-Hsien Ko","19","A","LAD","LF","294.3","8","Split","76","","","270","139","","",""
"207","JD Dix","20","A+","ARI","2B","295.2","8","Moderate","248","","95","258","436","","",""
"208","Trevor Cohen","22","AA","SFG","CF","297.2","8","Tight","349","","","133","488","","",""
"209","Lonnie White Jr.","23","AA","PIT","CF","298.2","8","Tight","312","","","239","454","","",""
"210","Ronny Hernandez","21","A+","BOS","C","299.2","8","Split","108","","","48","226","52","",""
"211","Nolan Schubart","22","AA","CLE","1B","301.9","7","Moderate","124","","","148","234","","",""
"212","Ryan Mitchell","19","A","STL","SS","302.0","7","Moderate","58","","","346","284","","",""
"213","Spencer Jones","25","MLB","NYY","CF","303.3","7","Split","237","","","520","17","","",""
"214","Luis Arana","18","A","MIA","3B","304.4","7","Moderate","117","","","289","202","","",""
"215","Carlos Tejera","17","CPX","PIT","CF","","2","","","","","","361","","",""
"216","Jimmy Crooks","24","MLB","STL","C","306.6","7","Moderate","52","","","245","205","","",""
"217","Marco Luciano","24","MLB","NYY","LF","306.7","7","Moderate","154","","","331","104","","",""
"218","Brandon Butterworth","23","AA","BAL","2B","307.1","7","Moderate","328","","","286","321","","52",""
"219","Jacob Melton","25","MLB","TBR","CF","308.0","8","Split","319","4","","589","94","","",""
"220","Isaiah Drake","20","A+","ATL","CF","309.8","8","Moderate","94","","94","383","328","","",""
"221","Aaron Walton","22","AA","CLE","CF","310.1","7","Moderate","449","","","86","456","","",""
"222","Diego Velasquez","22","AA","SFG","2B","311.8","7","Tight","223","","","188","421","","",""
"223","Tyler Rodriguez","20","A+","MIL","LF","312.4","7","Moderate","626","","","138","255","","91",""
"224","Henry Godbout","22","A+","BOS","2B","312.6","7","Moderate","265","","","366","289","66","",""
"225","Christopher Suero","22","AA","NYM","C","315.5","6","Moderate","201","","","206","61","","",""
"226","Andres Valor","20","A","MIA","RF","316.3","7","Moderate","209","31","","555","214","","",""
"227","Carlos Virahonda","20","A+","ARI","C","316.5","7","Split","139","","","108","146","43","",""
"228","Wilson Rodriguez","21","A+","NYY","LF","317.9","7","Tight","244","","","342","542","","",""
"229","Enrique Jimenez","20","A+","MIN","C","318.0","6","Moderate","184","","","145","192","","",""
"230","Parks Harber","24","AAA","SFG","3B","318.4","8","Moderate","231","63","","320","157","","",""
"231","Scott Bandura","24","AAA","SFG","LF","319.0","7","Tight","259","","","279","534","","",""
"232","Will Sanders","24","AAA","CHC","SP","","1","","","","","","320","","",""
"233","Hedbert Perez","23","AA","TOR","RF","322.2","7","Tight","261","","","263","419","","",""
"234","Jace Avina","23","AA","NYY","CF","322.5","8","Moderate","161","","","208","150","","",""
"235","Jose Alpuria","21","A","ARI","CF","323.2","7","Moderate","179","","","441","602","","",""
"236","Juan Matheus","22","AA","MIA","3B","324.2","8","Moderate","308","","","175","536","","",""
"237","Nehomar Ochoa Jr.","20","A+","HOU","RF","325.6","7","Moderate","247","","78","236","504","","",""
"238","Angel Abreu","17","CPX","CLE","LF","","1","","","","","","326","","",""
"239","Luis De Leon","19","CPX","HOU","2B","","2","","","","","","416","","",""
"240","Owen Carey","19","A+","ATL","LF","327.6","8","Split","39","","","136","83","78","",""
"241","Ronald Ramirez","19","A","DET","2B","","2","","","","","","591","","66",""
"242","Jordan Yost","19","A","DET","SS","329.1","7","Tight","157","","","181","403","","",""
"243","Franyerber Montilla","21","A","DET","SS","","3","","","33","","","588","","",""
"244","Luke Dickerson","20","A","WSN","SS","331.4","8","Tight","253","","","550","294","","",""
"245","Jacob Reimer","22","AA","NYM","3B","332.4","8","Moderate","277","","","185","99","","","72"
"246","Coy James","19","A","WSN","SS","333.3","7","Tight","289","","","285","231","","",""
"247","Ronny Cruz","19","A+","WSN","SS","333.3","7","Split","89","","84","364","313","","","75"
"248","Bo Davidson","23","AAA","SFG","CF","336.1","8","Split","474","","","358","143","","","89"
"249","Josuar Gonzalez","18","A","SFG","SS","338.8","4","Split","","","","","186","","98","18"
"250","Jarret Whorff","27","AAA","ATL","RP","","1","","","","","","339","","",""
"251","Lizandro Espinoza","23","AA","ATL","SS","339.6","7","Moderate","81","","","226","801","","",""
"252","Carlos Jorge","22","AAA","CIN","CF","340.9","8","Moderate","238","","63","155","242","","",""
"253","Paulino Santana","19","A","TEX","LF","341.4","7","Tight","122","","","318","426","","",""
"254","Brayden Taylor","24","AA","TBR","3B","341.8","8","Tight","285","","","376","261","","",""
"255","Duce Gourson","23","AAA","PIT","3B","341.9","7","Moderate","300","","","229","178","","83",""
"256","Bryant Betancourt","22","AAA","COL","C","343.3","7","Split","374","","45","82","417","","",""
"257","Ricardo Olivar","24","AAA","MIN","C","344.2","7","Tight","360","","","347","105","","",""
"258","Christian MacLeod","26","AAA","MIN","SP","","1","","","","","","345","","",""
"259","Kien Vu","22","AA","CIN","LF","345.1","7","Moderate","773","","","241","309","","",""
"260","Charles McAdoo","24","MLB","TOR","3B","345.4","7","Tight","258","","","408","156","","",""
"261","Max Williams","21","A","MIA","LF","346.8","4","Tight","252","","","322","445","","",""
"262","Kyle Bischoff","26","AAA","MIN","RP","","1","","","","","","348","","",""
"263","Anthony Martinez","22","A+","CLE","DH","348.3","6","Moderate","616","","","200","290","","",""
"264","Brewer Hicklen","30","MLB","PHI","CF","","3","","","","","","162","","",""
"265","Angel Feliz","19","A+","WSN","SS","349.4","8","Moderate","155","","","338","338","","",""
"266","Kevyn Castillo","21","A","LAA","CF","349.7","7","Moderate","460","","","633","272","","",""
"267","Jhostynxon Garcia","23","MLB","PIT","CF","349.8","8","Split","263","","","392","89","","","100"
"268","Alirio Ferrebus","20","A+","PHI","C","351.8","8","Split","143","","","174","227","92","",""
"269","Roc Riggio","24","AA","COL","2B","353.1","8","Moderate","371","","","465","122","","",""
"270","William Bergolla","21","AAA","CHW","SS","353.7","5","Split","131","","","","135","","",""
"271","Jayson Bass","20","A","MIN","1B","354.1","7","Tight","334","","","583","388","","",""
"272","Manuel Pena","22","AAA","ARI","1B","354.1","8","Split","290","","1","157","414","96","",""
"273","Creed Willems","23","AAA","BAL","C","354.3","8","Split","234","","","230","204","","",""
"274","Angel De Los Santos","18","A","DET","SS","","3","","","","","","301","","",""
"275","Yordany De Los Santos","21","A+","PIT","SS","356.0","8","Moderate","320","","","501","548","","",""
"276","Dillon Lewis","23","AA","MIA","CF","357.6","8","Moderate","291","","","315","200","","",""
"277","RJ Austin","22","A+","BAL","2B","358.0","6","Tight","436","","","418","310","","",""
"278","Matt Krook","31","AAA","CLE","RP","","1","","","","","","362","","",""
"279","Wehiwa Aloy","22","AA","BAL","SS","363.1","7","Split","273","","","221","402","","",""
"280","Jacob Friend","23","A+","CIN","C","363.4","7","Tight","574","","","479","461","","",""
"281","Gustavo Baptista","18","CPX","CLE","C","","1","","","","","","364","","",""
"282","Jim Jarvis","25","MLB","ATL","SS","365.8","6","Moderate","249","","","385","670","","",""
"283","John Peck","23","AAA","DET","SS","366.4","7","Moderate","297","","","381","405","","",""
"284","Rainer Nunez","25","AAA","TOR","1B","","1","","","","","","367","","",""
"285","Ben Ross","25","AAA","MIN","SS","367.6","7","Moderate","211","","","446","684","","",""
"286","Bruin Agbayani","19","A","NYM","2B","367.8","6","Split","140","","","35","218","","",""
"287","Austin Shenton","28","MLB","SEA","3B","","1","","","","","","371","","",""
"288","Juan Martinez","19","A","MIL","CF","371.6","7","Split","716","","59","471","91","","18",""
"289","Axiel Plaz","20","A+","PIT","C","373.4","8","Split","264","","","250","145","","",""
"290","Bennett Thompson","23","AA","CLE","C","374.3","8","Moderate","499","","","115","521","","",""
"291","Ethan Petry","22","AA","WSN","LF","375.6","7","Split","257","","","194","324","","",""
"292","Sammy Hernandez","22","A+","STL","C","375.9","7","Split","337","","","109","774","","28",""
"293","Core Jackson","22","A+","NYY","SS","376.3","8","Tight","353","","","554","546","","",""
"294","Ivan Luciano","19","A","ARI","C","376.8","6","Moderate","144","","","372","415","","",""
"295","Gabriel Rodriguez","19","A","CLE","RP","378.0","6","Moderate","369","","","345","370","","74",""
"296","Brett Squires","26","AAA","KCR","1B","380.4","5","Moderate","686","","","","280","","",""
"297","Lisbel Diaz","20","A+","SFG","LF","380.6","8","Split","175","","60","437","254","","",""
"298","Edwin Darville","19","CPX","BOS","2B","","1","","","","","","382","","",""
"299","Randy Guzman","21","A+","NYM","1B","382.1","8","Split","442","15","","291","129","100","",""
"300","Yohandy Morales","24","AAA","WSN","1B","382.5","8","Split","187","","","493","154","","",""
"301","LuJames Groover","24","MLB","ARI","3B","382.6","7","Moderate","324","","","327","505","","",""
"302","Cayden Wallace","24","AAA","WSN","3B","382.7","8","Tight","477","","","415","385","","",""
"303","Jay Harry","23","AAA","TOR","SS","382.8","7","Split","146","","","324","537","95","",""
"304","Kyle Lodise","22","A+","CHW","SS","383.7","7","Tight","392","","","529","342","","",""
"305","Brett Bateman","24","AAA","CHC","CF","383.9","7","Moderate","287","","","198","543","","",""
"306","Nick Becker","19","A","SEA","SS","","3","","","","","","786","","",""
"307","BJ Murray","26","AAA","CHC","1B","387.5","5","Moderate","508","96","","","236","","",""
"308","Brooks Brannon","22","AA","BOS","C","388.1","8","Split","115","","","140","315","","",""
"309","Luke Pelzer","23","AA","KCR","CF","388.9","7","Moderate","593","","","262","597","","",""
"310","Aiva Arquette","22","AA","MIA","SS","389.8","8","Moderate","298","","","216","391","","","42"
"311","Tony Blanco Jr.","21","A+","PIT","1B","390.3","8","Moderate","435","57","","448","262","","",""
"312","DJ Layton","19","A","BAL","2B","391.7","7","Tight","172","","","563","500","","",""
"313","Kenly Hunter","18","CPX","STL","CF","","1","","","","","","392","","",""
"314","Jose Escobar","21","A+","CHC","LF","392.9","7","Moderate","425","","","328","368","","",""
"315","Manuel Davila","18","CPX","MIL","RP","","1","","","","","","393","","",""
"316","Marco Dinges","22","AA","MIL","C","393.4","8","Moderate","433","","","282","199","","",""
"317","Jack Gurevitch","22","A+","STL","1B","393.8","6","Moderate","270","","","570","253","","",""
"318","Javier Mogollon","20","A+","CHW","2B","396.1","8","Moderate","649","69","","281","228","","",""
"319","Jonathan Martinez","19","A","CLE","2B","397.2","6","Moderate","152","","","348","494","","",""
"320","Aroon Escobar","21","AA","PHI","2B","397.4","8","Split","307","","","275","322","","",""
"321","Carson Williams","23","MLB","TBR","SS","398.4","7","Split","347","21","","573","74","","",""
"322","Elijah Hainline","23","AAA","LAD","SS","399.7","7","Tight","269","","","321","318","","",""
"323","Jesus Rodriguez","24","MLB","SFG","C","399.9","7","Tight","370","","","303","269","","",""
"324","Dakota Jordan","23","AA","SFG","CF","400.4","8","Moderate","443","","","294","468","","",""
"325","Ty Harvey","19","A","SDP","C","400.7","6","Tight","227","","","421","484","","",""
"326","Kala'i Rosario","23","AAA","MIN","RF","401.4","8","Moderate","457","","","425","130","","",""
"327","Dameury Pena","20","A+","MIN","2B","402.9","7","Tight","452","","","264","527","","",""
"328","Termarr Johnson","22","AAA","PIT","2B","403.4","8","Moderate","236","","","184","166","","",""
"329","Matthew Etzel","24","AAA","MIA","LF","403.9","7","Moderate","403","67","","472","263","","",""
"330","Nick Mitchell","22","AA","CLE","CF","404.9","7","Tight","350","","","224","312","","",""
"331","Tim Elko","27","MLB","CHW","1B","","2","","","","","","463","","",""
"332","Blaine Bullard","19","A","TOR","CF","406.6","7","Moderate","193","","","459","570","","",""
"333","Rafael Ramirez Jr.","20","A+","WSN","2B","410.0","7","Moderate","543","","","147","329","","",""
"334","Daniel Dickinson","22","A+","MIL","2B","410.5","6","Tight","627","","","489","509","","",""
"335","Jake Fox","23","AA","CLE","CF","411.0","7","Moderate","473","","","116","554","","64",""
"336","Jose Verdugo","18","A","SDP","SS","411.1","8","Moderate","199","","","427","360","","",""
"337","Tony Santa Maria","24","AAA","TBR","2B","411.8","6","Moderate","858","","","165","522","","",""
"338","Dylan Dreiling","23","AA","TEX","CF","411.9","8","Moderate","147","","","312","754","","",""
"339","Carlos Renzullo","19","A","COL","LF","412.4","7","Tight","212","","","333","515","","",""
"340","Rafe Perich","24","AA","TEX","3B","413.2","7","Moderate","322","","","296","557","","",""
"341","Dillon Head","21","A+","MIA","CF","417.1","7","Tight","260","","","344","497","","",""
"342","Nate Furman","24","AAA","SFG","2B","417.6","7","Tight","357","","","","346","","",""
"343","Braylon Whitaker","20","A","BAL","LF","420.3","6","Tight","495","","","440","580","","",""
"344","Andrew Tess","19","A","BAL","C","","1","","","","","","422","","",""
"345","Juan Flores","20","AA","LAA","C","423.0","7","Split","134","","74","84","207","","",""
"346","Louis Andujar","18","A","BOS","3B","423.4","7","Tight","428","","","401","232","","",""
"347","Marco Argudin","20","A","TEX","CF","423.5","6","Tight","415","","","455","628","","",""
"348","Carter Graham","24","AA","CIN","3B","425.7","7","Moderate","361","","","253","793","","",""
"349","Yandel Ricardo","19","A","KCR","SS","425.9","7","Tight","486","","","647","281","","",""
"350","Brendan Jones","24","AA","MIA","CF","426.0","8","Moderate","510","45","","531","197","","",""
"351","Carter Johnson","20","A+","MIA","SS","426.2","8","Moderate","167","","","259","821","","",""
"352","Ryan Weingartner","21","A","STL","SS","426.5","6","Moderate","341","","","780","556","","",""
"353","Fenwick Trimble","23","AA","MIA","CF","427.8","8","Tight","329","","","565","472","","",""
"354","Angel Arredondo","19","A","LAA","3B","428.4","7","Moderate","240","","","336","449","","",""
"355","Eduardo Tait","19","A+","MIN","C","428.5","8","Split","180","","","378","96","","","73"
"356","Isaiah Barkett","22","A+","SFG","3B","429.2","6","Tight","537","","","332","726","","",""
"357","Gavin Kilen","22","AA","SFG","SS","429.6","7","Split","262","","","180","750","","",""
"358","Gabriel Gonzalez","22","MLB","MIN","LF","430.9","7","Split","309","","","375","179","","",""
"359","Dax Kilby","19","A","NYY","SS","","3","","","","","","185","","","49"
"360","Victor Figueroa","22","AA","BAL","1B","434.6","8","Split","275","","","341","142","","",""
"361","Connor Hujsak","24","AAA","TBR","RF","436.6","7","Moderate","538","76","","496","465","","",""
"362","Josh Hammond","19","A","KCR","SS","438.2","6","Tight","375","","","436","614","","",""
"363","Slade Caldwell","20","A+","ARI","CF","438.6","8","Moderate","203","","","192","499","","",""
"364","Jacob McCombs","21","A+","MIN","CF","438.8","6","Moderate","400","","","513","298","","",""
"365","Josh Caron","22","AA","SEA","C","439.1","7","Moderate","330","","","199","931","","",""
"366","Tommy Hawke","23","A+","CLE","LF","441.4","7","Tight","551","","","447","541","","",""
"367","Jonathon Long","24","AAA","CHC","1B","442.7","8","Moderate","391","","","487","120","","",""
"368","Allan Castro","23","AAA","BOS","CF","443.0","7","Moderate","529","","","407","287","","",""
"369","Gavin Conticello","23","AAA","ARI","RF","443.3","8","Moderate","589","","","314","437","","",""
"370","Cristian Hernandez","22","AA","MIA","RP","443.4","8","Moderate","302","","","359","408","","",""
"371","Khadim Diaw","22","AA","MIN","C","444.4","7","Tight","418","","","248","462","","",""
"372","Gage Workman","26","MLB","CHW","3B","444.8","5","Moderate","354","28","","","395","","",""
"373","Ronny Simon","26","MLB","PIT","2B","444.9","6","Moderate","423","","","572","276","","",""
"374","Eduardo Valencia","26","MLB","DET","1B","446.0","4","Moderate","459","","","","174","","",""
"375","Jadher Areinamo","22","AA","TBR","2B","447.8","8","Split","281","","","319","291","","",""
"376","Eddson Martinez","18","CPX","SDP","LF","","2","","","","","","846","","50",""
"377","Jesus Hernandez","22","AA","MIA","3B","448.2","7","Moderate","493","","","510","954","","",""
"378","Nathan Humphreys","23","A+","PHI","CF","448.3","6","Moderate","697","","","551","485","","",""
"379","Jared Jones","22","A+","PIT","SP","449.4","7","Moderate","339","","","525","538","","",""
"380","Johanfran Garcia","21","AA","BOS","C","450.8","8","Split","127","","","256","141","","",""
"381","Andrew Quezada","29","AAA","COL","SP","","1","","","","","","451","","",""
"382","Garrett Martin","26","AAA","NYY","RF","451.4","7","Tight","552","","","634","175","","",""
"383","Jackson Lovich","22","A+","NYY","1B","451.7","7","Moderate","397","","","679","363","","",""
"384","Anthony DePino","23","AA","CHW","1B","451.9","7","Moderate","410","","","340","248","","",""
"385","Juan Cabada","18","CPX","CHC","2B","","1","","","","","","452","","",""
"386","Samuel Zavala","21","AA","CHW","CF","452.3","8","Moderate","195","","","290","138","","",""
"387","Carson DeMartini","23","AA","PHI","3B","453.1","8","Moderate","335","","","404","611","","",""
"388","Colby Shelton","23","AA","CHW","SS","453.5","8","Moderate","274","","","386","487","79","",""
"389","Jose Rodriguez","25","AAA","FA","2B","","1","","","","","","455","","",""
"390","Jansel Luis","21","AA","ARI","2B","455.4","8","Split","586","","87","269","429","","",""
"391","Cristofer Torin","21","AA","ARI","SS","455.8","8","Moderate","594","","","183","457","","",""
"392","Carlos Caro","21","AA","PIT","2B","457.8","7","Split","445","","76","46","889","","",""
"393","Yordani Soto","17","CPX","CHW","SS","","1","","","","","","458","","",""
"394","Javier Sanchez","18","CPX","TEX","1B","","1","","","","","","459","","",""
"395","Caden Kendle","24","AA","MIN","RF","459.7","7","Moderate","441","","","209","939","","",""
"396","Jeferson Quero","23","MLB","MIL","C","460.3","7","Split","216","","","506","237","","",""
"397","Roynier Hernandez","21","A+","COL","2B","460.4","7","Moderate","393","","","265","788","","",""
"398","Yamal Encarnacion","22","AA","HOU","RF","461.7","7","Moderate","365","","","305","723","","",""
"399","Miguel Rodriguez","20","A","BAL","SP","462.0","7","Tight","432","","","218","374","","",""
"400","Mikey Romero","22","AAA","BOS","3B","465.4","8","Split","458","","","368","245","","",""
"401","Justin Thomas Jr.","22","A+","HOU","CF","466.2","6","Tight","482","","","485","737","","",""
"402","Marco Vargas","21","AA","NYM","2B","467.8","7","Moderate","317","","","114","369","","",""
"403","Jhomnardo Reyes","18","A","BAL","RF","468.5","4","Split","","","","","176","","47",""
"404","Griffin Burkholder","20","A+","PHI","RF","468.6","8","Moderate","272","","","428","516","","",""
"405","Jose Castro","20","CPX","NYY","RF","","1","","","","","","471","","",""
"406","Andres Nolaya","21","AA","BAL","C","471.1","7","Moderate","707","","","51","709","","",""
"407","Yorger Bautista","18","CPX","SEA","CF","","2","","","","","","784","","",""
"408","Eddys Leonard","25","AAA","DET","3B","472.1","7","Moderate","523","","","654","137","","",""
"409","Jhorman Bravo","18","CPX","BOS","SS","","1","","","","","","473","","",""
"410","Rylan Mills","19","A","MIL","C","474.7","6","Tight","455","","","352","303","","",""
"411","Brailyn Antunez","18","A","MIL","CF","474.8","4","Moderate","","","","","282","","",""
"412","Will Bush","22","AA","HOU","C","474.9","7","Moderate","243","","","329","366","","",""
"413","Carlos  Garces","19","CPX","CLE","CF","","1","","","","","","475","","",""
"414","Javi Vaz","25","AA","KCR","2B","","2","","","","","","658","","",""
"415","Keiner Delgado","22","AAA","PIT","2B","475.4","7","Moderate","340","","","238","387","","",""
"416","Enmanuel Tejeda","21","A+","NYY","2B","475.9","7","Tight","573","","","522","563","","",""
"417","Garret Forrester","24","AAA","MIA","C","476.9","7","Split","501","","","111","758","89","44",""
"418","Thayron Liranzo","22","AA","DET","C","478.6","8","Moderate","514","","","214","100","","",""
"419","Carlos Jimenez","23","A+","SEA","RP","479.4","7","Tight","640","","","735","428","","",""
"420","Jancel Villarroel","21","AA","SFG","C","479.4","7","Split","218","","","102","340","","",""
"421","Darwin Almanzar","18","CPX","MIN","3B","","1","","","","","","480","","",""
"422","George Wolkow","20","A+","CHW","RF","480.4","8","Split","235","","","567","140","","",""
"423","Diego Tornes","17","CPX","ATL","CF","","2","","","","","","654","","",""
"424","Yordalin Pena","21","A","STL","CF","482.8","7","Moderate","226","90","","788","644","","",""
"425","Rece Hinds","25","MLB","MIA","RF","482.8","6","Split","366","77","","786","101","","",""
"426","Roderick Arias","21","A+","NYY","SS","483.0","7","Moderate","303","","","770","604","","",""
"427","Alberto Barriga","21","AA","ARI","C","483.1","7","Moderate","401","","","167","742","","",""
"428","Will Turner","23","AA","BOS","RF","485.6","7","Moderate","530","","","316","396","","",""
"429","Jhonny Severino","21","A+","PIT","3B","486.4","7","Split","461","","67","452","743","","",""
"430","Waner Luciano","21","A","HOU","3B","487.6","7","Moderate","476","","","354","962","","23",""
"431","Ben Malgeri","26","MLB","DET","RF","488.3","4","Moderate","255","","","","435","","",""
"432","Leonard Rijo","18","CPX","MIL","SS","","2","","","","","","598","","",""
"433","Rio Foster","23","A+","LAA","LF","","2","","","","","","404","","",""
"434","Angel Ortiz","23","AAA","ARI","RF","489.7","7","Moderate","775","","","410","696","","",""
"435","Dante Nori","21","AA","PHI","CF","490.4","8","Split","304","","","430","341","","",""
"436","Tommy White","23","AA","OAK","3B","490.7","5","Split","","","","","559","","",""
"437","Ryan Clifford","22","AAA","NYM","1B","492.1","8","Split","381","","","587","44","","",""
"438","Yoeilin Cespedes","20","A+","BOS","2B","492.2","8","Split","158","","92","591","352","","",""
"439","John Taylor","25","AAA","TEX","2B","492.6","7","Moderate","310","","","351","439","","",""
"440","Frederick Bencosme","23","AA","BAL","SS","496.4","7","Tight","618","","","243","874","","",""
"441","Gabriel Davalillo","18","A","LAA","C","498.0","8","Split","217","","","507","278","","",""
"442","Ely Brown","21","A+","CHW","CF","498.5","7","Tight","363","","","527","837","","",""
"443","Breyson Guedez","18","A","ATH","LF","498.6","8","Split","159","","","519","335","","",""
"444","RJ Schreck","25","AAA","TOR","RF","498.8","7","Moderate","496","","","675","215","","",""
"445","Noah Franklin","19","A","TEX","C","","2","","","","","","424","","",""
"446","Kyler Fedko","26","MLB","MIN","CF","499.8","4","Tight","584","","","","440","","",""
"447","Hector Campusano","19","A","BAL","2B","","2","","","","","","848","","",""
"448","Juan Brito","24","MLB","CLE","2B","500.3","7","Tight","483","","","547","386","","",""
"449","Gavin Fien","19","A","WSN","SS","501.3","7","Split","321","","","443","569","","","94"
"450","Nolan Sailors","22","A+","KCR","CF","502.9","7","Tight","596","","","774","699","","",""
"451","Kaleb Freeman","23","A+","CHW","2B","503.0","6","Tight","484","","","538","615","","",""
"452","Kamuel Villar","18","CPX","COL","SS","","1","","","","","","503","","",""
"453","Kleyver Salazar","20","A","BOS","C","503.4","7","Moderate","385","","","409","430","","",""
"454","Eric Snow","22","AA","TOR","SS","503.4","7","Moderate","694","","","163","990","","",""
"455","Ryan Wideman","22","A+","SDP","CF","504.5","8","Split","613","55","","704","1312","","",""
"456","Felix Reyes","25","MLB","PHI","LF","505.7","6","Moderate","280","","","739","274","","",""
"457","Joswa Lugo","19","CPX","LAA","SS","","2","","","","","","824","","",""
"458","Easton Carmichael","22","AA","PIT","C","508.0","7","Moderate","511","","","280","766","","",""
"459","Michael Oliveto","19","A","DET","C","","2","","","","","","596","","",""
"460","Jesus Pinto","19","A","DET","CF","509.9","7","Tight","256","","","483","493","","",""
"461","Asbel Gonzalez","20","AA","KCR","CF","512.0","8","Split","405","","","370","617","","",""
"462","Zach DeLoach","27","MLB","CHW","CF","","1","","","","","","512","","",""
"463","Ricky Cabrera","21","A+","CIN","3B","","2","","","","","","283","","",""
"464","Cristian Perez","19","CPX","DET","CF","","1","","","","","","517","","",""
"465","Jean Carlos Sio","22","AA","SFG","2B","517.3","8","Split","345","","","257","381","","",""
"466","Billy Carlson","19","A","CHW","SS","517.6","7","Moderate","491","","","456","760","","","77"
"467","Yanquiel Fernandez","23","MLB","NYY","DH","517.6","5","Split","284","","","500","153","","",""
"468","Ryan Cesarini","23","AA","CLE","RF","517.9","7","Tight","578","","","399","323","","",""
"469","Tre' Morgan","23","AAA","TBR","1B","518.3","8","Split","359","87","","708","111","","",""
"470","Raylin Heredia","22","AA","PHI","RF","518.5","7","Split","241","","","498","545","","",""
"471","T.J. White","22","AA","WSN","LF","518.8","7","Moderate","544","","","361","474","","",""
"472","Eguy Rosario","26","MLB","SDP","SS","","1","","","","","","519","","",""
"473","Yeison Morrobel","22","AA","TEX","RF","519.5","8","Moderate","299","","","223","772","","",""
"474","Yasmil Bucce","21","A+","BAL","C","519.7","7","Tight","367","","","302","299","","",""
"475","Brennen Davis","26","AAA","NYY","LF","521.4","6","Moderate","631","","","","189","","",""
"476","Alex Ramirez","23","AA","NYM","RF","521.4","7","Moderate","395","","","406","675","","",""
"477","Dariel Ramon","20","A+","TOR","SS","522.1","7","Moderate","677","","","98","567","","",""
"478","Quinn McDaniel","23","AA","MIN","2B","523.0","7","Moderate","810","","","260","763","","",""
"479","Yophery Rodriguez","20","A+","BOS","LF","523.1","7","Split","316","","","357","264","","",""
"480","Pedro Ibarguen","19","A","MIL","RF","523.2","7","Tight","560","","","755","450","","",""
"481","Jay Thomason","24","AA","MIN","3B","523.6","7","Moderate","965","83","","568","355","","",""
"482","Jesus Lugo","19","CPX","BOS","LF","","1","","","","","","525","","",""
"483","JP Smith II","21","A","MIN","1B","525.5","6","Tight","462","","","812","506","","",""
"484","Daniel Rodriguez","18","CPX","TEX","SS","","1","","","","","","526","","",""
"485","Avinson Pinto","19","A","BOS","SS","526.6","7","Moderate","571","","","473","448","","",""
"486","Mitch Jebb","24","AAA","PIT","CF","527.1","7","Moderate","266","","","244","584","","",""
"487","Lucas Spence","","","HOU","CF","527.4","5","Moderate","","","","","904","","",""
"488","Jace Jung","25","MLB","DET","3B","527.6","5","Moderate","373","","","641","70","","",""
"489","Tyson Lewis","20","A+","CIN","SS","528.0","8","Split","417","24","","692","683","","",""
"490","Jorge Rodriguez","20","CPX","BOS","C","","1","","","","","","530","","",""
"491","Angel Cepeda","20","A+","CHC","SS","530.5","7","Tight","454","","","398","444","","",""
"492","Echedry Vargas","21","A+","MIA","3B","530.9","7","Moderate","411","","","797","225","","",""
"493","Christopher Familia","26","AA","NYY","LF","","1","","","","","","531","","",""
"494","Dario Reynoso","21","A","SFG","2B","532.3","7","Moderate","362","","","877","864","","",""
"495","Jack O'Dowd","25","AA","COL","2B","534.7","6","Tight","651","","","462","400","","",""
"496","Travis Swaggerty","28","MLB","LAD","LF","","1","","","","","","535","","",""
"497","Peyton Graham","25","AA","DET","2B","536.1","7","Moderate","581","","","350","829","","",""
"498","Trey Snyder","20","A+","NYM","2B","537.1","7","Moderate","293","","","171","568","","",""
"499","Jase Bowen","25","MLB","SDP","CF","537.2","6","Moderate","296","","","837","432","","",""
"500","Daniel Bucciero","21","A+","ATH","3B","537.7","6","Moderate","666","","","365","949","","",""
"501","Miguel Caraballo","17","CPX","MIN","C","","2","","","","","","649","","",""
"502","Dalton McIntyre","22","AA","ATL","CF","542.1","7","Moderate","660","","","306","1089","","",""
"503","Jacob Humphrey","23","A+","COL","CF","543.2","6","Tight","745","","","621","680","","",""
"504","Teilon Serrano","18","CPX","MIN","CF","","2","","","","","","674","","",""
"505","Cam Collier","21","AA","CIN","1B","543.7","8","Split","325","","","380","163","","",""
"506","Mason White","22","AA","BOS","SS","545.1","7","Moderate","512","","","277","620","","",""
"507","Eduardo Rojas","19","AAA","LAD","C","545.3","4","Split","","","15","","235","","",""
"508","Caden Powell","22","A+","HOU","SS","546.2","7","Tight","678","","","850","663","","",""
"509","Jake Gelof","24","AA","LAD","3B","546.4","7","Tight","368","","","509","552","","",""
"510","Mairoshendrick Martinus","21","A+","LAD","3B","547.9","8","Split","306","","","802","1242","","",""
"511","Jhon Gil","18","CPX","LAD","C","","1","","","","","","550","","",""
"512","Marcos Torres","21","A+","TEX","RF","550.5","7","Moderate","602","98","","355","911","","",""
"513","Dashyll Tejeda","20","A","WSN","RF","551.0","6","Tight","601","","","532","603","","",""
"514","Jay Allen II","23","AA","CIN","CF","552.0","7","Tight","446","","","464","665","","",""
"515","Emmanuel Cedeno","18","CPX","TBR","2B","","1","","","","","","553","","",""
"516","Pablo Guerrero","19","A","TEX","1B","553.2","5","Split","190","","","325","406","","",""
"517","Merphy Hernandez","19","A","MIN","CF","554.3","6","Moderate","389","","","512","288","","",""
"518","Elis Cuevas","21","A+","BAL","RF","554.5","7","Moderate","488","","","744","409","","",""
"519","Andy Perez","22","AA","COL","SS","555.4","7","Split","278","","","311","1329","","",""
"520","Darrien Miller","25","AAA","MIL","C","557.1","7","Moderate","603","","","212","420","","",""
"521","Tanner Thach","22","A+","COL","1B","558.8","7","Moderate","676","","","481","765","","",""
"522","Tre Richardson III","24","AA","STL","2B","559.0","7","Moderate","475","","","349","1170","","",""
"523","David Guzman","20","AA","TOR","RF","559.3","4","Split","","","","","441","","",""
"524","Jose Cerice","21","A+","KCR","3B","559.6","7","Tight","688","","","339","688","","",""
"525","Yhoan Escalona","20","A","PHI","3B","","1","","","","","","562","","",""
"526","Michael Martinez","19","A","ATL","RP","562.9","7","Moderate","406","","","727","390","","",""
"527","Abrahan Ramirez","21","A+","MIA","3B","564.0","7","Moderate","576","","","566","694","","",""
"528","Carson McCusker","28","MLB","MIN","RF","","1","","","","","","565","","",""
"529","Anibal Salas","20","A","DET","CF","566.0","8","Moderate","517","42","","761","544","","",""
"530","Wander Suero","34","AAA","NYM","RP","","1","","","","","","566","","",""
"531","Carson Roccaforte","24","AA","KCR","CF","567.6","8","Moderate","562","","","981","353","","",""
"532","Ryan McCoy","24","A+","TBR","RF","568.3","6","Moderate","661","","","695","832","","",""
"533","Kerrington Cross","24","A+","SDP","3B","569.5","6","Split","1181","","","697","520","","",""
"534","Narciso Polanco","21","A+","TBR","2B","570.8","7","Tight","481","","","578","640","","",""
"535","Eduardo Ponce","19","CPX","SEA","C","","1","","","","","","571","","",""
"536","Felix Stevens","26","AA","CHC","RF","","1","","","","","","574","","",""
"537","Tommy Troy","24","MLB","ARI","2B","574.8","6","Tight","471","","","571","372","","",""
"538","Josue Brito","19","CPX","BOS","1B","","2","","","","","","826","","",""
"539","Rey Cruz","18","CPX","PHI","C","","1","","","","","","577","","",""
"540","James Taussig","23","A+","CHW","RF","578.2","6","Moderate","698","","","664","389","","",""
"541","Petey Halpin","24","MLB","CLE","CF","578.5","7","Moderate","467","","","488","623","","",""
"542","Tyler Howard","22","A+","CLE","C","578.8","6","Moderate","568","","","307","994","","",""
"543","Billy Cook","27","MLB","PIT","RF","578.9","4","Split","533","","","","489","","",""
"544","Reed Trimble","26","AAA","BAL","RF","579.8","6","Split","378","","","149","296","","",""
"545","Roque Gutierrez","23","A+","LAD","RP","","1","","","","","","581","","",""
"546","Ethan Frey","22","A+","HOU","CF","582.3","8","Moderate","836","","","779","752","","",""
"547","Dub Gleed","23","AAA","TOR","3B","582.5","7","Moderate","610","","","295","528","","",""
"548","Derek Bernard","20","A","COL","LF","582.6","7","Moderate","250","","","826","775","","",""
"549","Milan Tolentino","24","AAA","CLE","SS","584.7","7","Tight","588","","","656","561","","",""
"550","Yael Romero","20","CPX","CIN","1B","","1","","","","","","585","","",""
"551","Cole Conn","24","AA","ATH","C","585.1","7","Moderate","355","","","553","1182","","",""
"552","Matthew Wood","25","AA","MIL","C","585.9","7","Moderate","726","","","353","634","","",""
"553","David Leon","22","AAA","CLE","C","","1","","","","","","586","","",""
"554","Eddie Micheletti Jr.","24","AA","TOR","RF","587.4","7","Tight","546","","","548","423","","",""
"555","Carter Trice","23","AA","CHC","CF","587.7","7","Moderate","479","","","643","399","","",""
"556","Robert Moore","24","AAA","PHI","2B","588.4","7","Tight","487","","","411","844","","",""
"557","Damiano Palmegiani","26","AAA","TOR","1B","","1","","","","","","589","","",""
"558","Ty Doucette","22","A","CIN","1B","590.0","6","Tight","644","","","844","518","","",""
"559","Jace Bohrofen","24","AA","TOR","RF","590.8","7","Tight","213","","","564","511","","",""
"560","A.J. Vukovich","24","AAA","ARI","LF","591.4","8","Moderate","468","","","754","334","","",""
"561","Korbyn Dickerson","22","A+","SEA","CF","591.9","7","Tight","720","","","601","812","","",""
"562","Reyli Mariano","19","AA","LAD","2B","592.3","4","Split","","","","","285","","",""
"563","Kody Huff","25","AAA","CLE","C","593.4","7","Moderate","414","","","400","655","","",""
"564","Nick Goodwin","24","AAA","TOR","2B","593.5","7","Tight","685","","","497","629","","",""
"565","Kaeden Kent","22","A+","NYY","SS","594.6","8","Split","396","","","711","1345","","",""
"566","Harry Ford","23","MLB","WSN","C","594.9","8","Split","464","","","412","164","","",""
"567","Luis Hernandez","17","A","SFG","SS","","3","","","","","","97","","",""
"568","Luke Cantwell","23","A+","SDP","1B","596.2","6","Tight","709","","","569","638","","",""
"569","Aidan Smith","21","A+","TBR","CF","596.8","8","Split","614","","","674","300","","",""
"570","Davis Diaz","23","AA","ATH","C","597.1","7","Split","623","","","235","1331","","",""
"571","Cooper Kinney","23","AAA","TBR","2B","597.5","8","Split","305","","","597","510","","",""
"572","Gleider Figuereo","22","A+","TEX","3B","597.6","7","Tight","595","","","575","606","","",""
"573","Conrad Cason","19","CPX","BOS","SP","","2","","","","","","780","","",""
"574","Brayden Smith","22","A+","STL","2B","598.2","6","Tight","701","","","603","806","","",""
"575","Drew Brutcher","24","AA","HOU","RF","598.9","7","Split","609","","","382","1103","29","",""
"576","Juan Garcia","19","CPX","BAL","C","","1","","","","","","599","","",""
"577","Arnaldo Lantigua","20","A","CIN","RF","599.4","8","Moderate","548","","","853","632","","",""
"578","Alex Lodise","22","A+","ATL","SS","599.8","8","Moderate","760","","","600","1058","","",""
"579","Irvin Nunez","20","A","MIN","C","600.2","6","Tight","541","","","561","666","","",""
"580","Aaron Pinero","19","CPX","TBR","3B","","2","","","","","","1176","","27",""
"581","Austin Charles","22","A+","KCR","3B","601.8","8","Moderate","611","","","594","1224","","",""
"582","Pablo Nunez","19","A","CIN","CF","602.4","5","Split","580","","","127","365","","",""
"583","Thomas Sosa","21","AA","BAL","RF","603.1","7","Split","480","","","388","128","","",""
"584","Eduardo Beltre","19","A","MIN","CF","603.3","6","Moderate","376","","","710","344","","",""
"585","Ian Lewis Jr.","23","AA","MIA","RF","603.5","7","Moderate","704","","","608","443","","",""
"586","August Cuneo","18","AA","HOU","C","","3","","","","","","144","","",""
"587","Malcolm Moore","22","AA","TEX","C","603.7","7","Split","338","","","360","607","","",""
"588","Chase Davis","24","AAA","STL","CF","604.2","8","Moderate","727","","","367","477","","",""
"589","Antonio Pimentel","20","A","PIT","LF","604.4","7","Tight","498","","","789","701","","",""
"590","Matthew Ferrara","19","A","PHI","2B","604.4","7","Tight","286","","","491","929","","",""
"591","Jeral Perez","21","AA","CHW","2B","604.6","7","Split","448","","","397","258","","",""
"592","Victor Bericoto","24","MLB","SFG","1B","607.3","6","Split","416","","","628","196","","",""
"593","Anderson De Los Santos","22","AA","BAL","3B","607.6","7","Moderate","522","","","362","678","","",""
"594","Carlos Colmenarez","22","AAA","TBR","3B","608.1","7","Split","485","","","207","868","","",""
"595","Wyatt Vincent","19","A","NYM","CF","","2","","","","","","746","","",""
"596","Victor Hurtado","19","CPX","WSN","LF","","2","","","","","","781","","",""
"597","Richard Ramirez","20","A","PIT","C","614.8","7","Split","186","","","689","469","","",""
"598","Matthew Lugo","25","MLB","LAA","CF","615.3","7","Moderate","843","74","","731","532","","",""
"599","Rudy Martin Jr.","30","AAA","TOR","CF","","3","","","","","","724","","",""
"600","Logan Poteet","22","A+","CHC","C","617.8","6","Moderate","732","","","539","383","","",""
"601","Aaron Parker","23","AA","TOR","C","618.5","7","Tight","372","","","484","590","","",""
"602","Jorge Burgos","23","AA","TOR","1B","618.6","7","Moderate","503","","","534","308","","",""
"603","Jorgelys Mota","21","A+","WSN","3B","619.3","6","Moderate","565","","","417","761","","",""
"604","Aiden Taurek","22","A+","SEA","LF","621.8","7","Tight","633","","","676","900","","",""
"605","Alexis Hernandez","23","A+","TOR","2B","621.8","7","Tight","419","","","721","706","","",""
"606","Kyle DeBarge","22","AA","MIN","2B","622.5","8","Moderate","569","","","696","711","","",""
"607","Spencer Nivens","24","AA","KCR","LF","622.5","7","Tight","705","","","528","738","","",""
"608","Byron Chourio","21","A","MIN","CF","623.0","7","Split","591","","","530","1296","","",""
"609","Rowdey Jordan","27","AAA","HOU","CF","","1","","","","","","624","","",""
"610","Andrew Salas","18","A","MIA","CF","624.7","8","Moderate","444","","","716","407","","",""
"611","Jeferson Morales","27","AAA","MIN","LF","","1","","","","","","625","","",""
"612","Tyler Hardman","27","AAA","NYY","1B","625.4","4","Moderate","1078","","","","427","","",""
"613","Tyler Black","25","MLB","MIL","1B","628.4","7","Split","502","","","765","168","","",""
"614","Aidan West","19","A","LAD","SS","","3","","","","","","438","","",""
"615","Brock Wilken","24","AAA","MIL","3B","628.9","8","Moderate","528","","","457","306","","",""
"616","Adrian Pinto","23","AA","TOR","2B","629.6","7","Moderate","823","","","278","181","","",""
"617","Fernando Peguero","21","AAA","BAL","2B","629.6","7","Moderate","439","","","112","880","","",""
"618","Yohendry Sanchez","19","CPX","SFG","C","","1","","","","","","630","","",""
"619","Jared Thomas","25","AAA","PHI","C","","1","","","","","","631","","",""
"620","Turner Hill","27","AAA","SFG","CF","631.5","4","Tight","650","","","","813","","",""
"621","Adbiel Feliz","19","CPX","PIT","SS","","1","","","","","","633","","",""
"622","Cris Rodriguez","18","CPX","DET","CF","","2","","","","","","1147","","",""
"623","Angel Guzman","19","A","TOR","1B","633.3","4","Split","","","","","547","","",""
"624","Jadyn Fielder","21","A","HOU","LF","633.3","6","Tight","662","","","811","692","","",""
"625","Grant Richardson","26","AAA","NYY","RF","","1","","","","","","636","","",""
"626","Keaton Anthony","25","AAA","PHI","1B","637.1","7","Moderate","575","","","535","401","","",""
"627","Logan Wagner","22","A+","LAD","3B","638.2","7","Split","382","","","759","618","","",""
"628","Coby Morales","24","AA","NYY","1B","638.3","7","Moderate","465","","","738","1035","","",""
"629","Travis Honeyman","24","AA","STL","CF","640.1","7","Moderate","818","","","627","446","","",""
"630","Jonathan Mejia","21","A","STL","2B","641.9","7","Tight","463","","","881","912","","",""
"631","Hans Montero","22","A","NYY","1B","641.9","7","Moderate","637","","","1005","1005","","",""
"632","Eriel Dihigo","19","CPX","COL","3B","","1","","","","","","643","","",""
"633","Dustin Harris","26","MLB","SDP","LF","643.1","4","Moderate","944","","","","442","","",""
"634","Niko Kavadas","27","MLB","LAA","1B","644.1","4","Moderate","808","","","","177","","",""
"635","Luis Puello","20","A","NYY","RF","645.7","6","Moderate","200","","","821","748","","",""
"636","Ricardo Romero","18","CPX","CLE","2B","","1","","","","","","646","","",""
"637","Eduardo Guerrero","21","AAA","LAD","2B","646.7","7","Tight","536","","","450","795","","",""
"638","Pedro Roque","20","A+","KCR","2B","","2","","","","","","729","","",""
"639","Willy Montero","21","A+","NYY","CF","647.6","7","Tight","412","","","586","963","","",""
"640","Danny Serretti","26","AAA","ARI","3B","647.8","6","Moderate","861","","","468","987","","",""
"641","Joendry Vargas","20","A","LAD","SS","648.2","8","Split","547","87","","1101","890","","",""
"642","Dixon Williams","22","A+","ATL","2B","648.3","8","Tight","622","","","894","803","","",""
"643","Billy Amick","23","AA","NYM","1B","649.5","8","Moderate","490","","","604","540","","",""
"644","Bryan Torres","28","MLB","STL","2B","","3","","646","","","","377","","",""
"645","Colin Tuft","23","A+","BAL","C","653.0","7","Tight","655","","","781","834","","",""
"646","David McCabe","26","AAA","ATL","3B","653.1","5","Moderate","504","","","","325","","",""
"647","Ilan Fernandez","19","A","BOS","3B","654.7","6","Tight","664","","","605","610","","",""
"648","Cody Miller","21","A+","ATL","SS","655.6","7","Moderate","624","","","560","836","","",""
"649","Caleb Lomavita","23","AA","WSN","C","655.8","7","Split","313","","","469","467","","",""
"650","Allan Cerda","26","AA","FA","CF","","1","","","","","","656","","",""
"651","Jacob Berry","25","AAA","MIA","2B","658.8","7","Moderate","654","","","511","945","","",""
"652","Zach MacDonald","22","A+","DET","CF","658.8","7","Tight","768","","","670","862","","",""
"653","Guillermo Williamson","22","A+","SFG","1B","","1","","","","","","659","","",""
"654","Luis Merejo","20","A","CLE","1B","","2","","","","","","689","","",""
"655","Andruw Musett","20","A+","BOS","C","660.7","7","Moderate","597","","","486","501","","",""
"656","Juan Alva","20","CPX","MIA","1B","","1","","","","","","661","","",""
"657","Rosman Verdugo","21","A+","SDP","3B","661.9","7","Moderate","421","","","598","608","","",""
"658","Gabriel Terrero","20","CPX","NYY","2B","","1","","","","","","662","","",""
"659","Francisco Espinoza","19","A","LAD","C","662.2","6","Moderate","615","","","516","277","","",""
"660","Victor Arias","22","AA","TOR","CF","662.3","8","Split","430","","","576","376","","",""
"661","Colby Shade","24","AA","MIA","CF","663.2","7","Moderate","912","","","317","790","","",""
"662","Sabin Ceballos","23","AA","SFG","3B","664.1","7","Moderate","506","","","518","496","","",""
"663","Ryan Campos","23","AA","STL","C","664.5","7","Moderate","545","","","435","1078","","",""
"664","Alejandro Nunez","21","A+","HOU","2B","664.6","7","Moderate","828","","","869","996","","",""
"665","Leo Balcazar","22","AA","CIN","SS","666.1","7","Split","470","","","466","523","","",""
"666","Brooks Bryan","21","A","KCR","C","666.3","6","Tight","672","","","848","895","","",""
"667","Cameron Nelson","22","A+","COL","CF","669.2","6","Moderate","659","","","454","1227","","",""
"668","Fredderick Ovalle","19","A","PIT","2B","672.2","6","Split","557","","","526","639","","",""
"669","Demetrio Nadal","21","A","MIL","LF","","1","","","","","","673","","",""
"670","Richard Matic","18","CPX","NYY","3B","","2","","","","","","1013","","",""
"671","Yamvier Carrero","19","A","ATL","SS","673.6","5","Moderate","472","","","","842","","",""
"672","Wilfredo Lara","22","A+","MIA","SS","674.1","7","Tight","809","","","574","587","","",""
"673","Pedro Leon","28","MLB","PHI","RF","675.1","4","Split","1304","","","","250","","",""
"674","Yohairo Cuevas","22","A+","NYM","RF","675.3","7","Tight","821","","","862","885","","",""
"675","Travis Blankenhorn","29","MLB","FA","LF","","1","","","","","","676","","",""
"676","Emilio Barreras","22","A+","MIA","3B","676.7","6","Moderate","767","","","663","1119","","",""
"677","Hyun Seung Lee","18","A","PIT","3B","676.9","7","Split","577","","","794","336","","",""
"678","Tayden Hall","23","AA","MIL","1B","676.9","7","Moderate","867","","","313","958","","",""
"679","Liosward Marin","20","CPX","BOS","DH","","1","","","","","","677","","",""
"680","Esteban Mejia","21","AA","TEX","SP","677.1","7","Tight","765","","","391","857","","",""
"681","Luke Heyman","22","A+","BOS","C","678.3","6","Moderate","812","","","758","594","","",""
"682","Michael Carico","23","A+","CHC","C","678.3","6","Moderate","999","","","648","714","","",""
"683","Mike Boeve","24","AA","MIL","1B","678.4","7","Tight","751","","","502","605","","",""
"684","Pablo Martinez","18","CPX","HOU","SS","","1","","","","","","679","","",""
"685","Matthew Miura","22","A","STL","CF","679.8","6","Moderate","570","","","653","948","","",""
"686","Carlos Cauro","21","A","HOU","DH","680.3","6","Tight","621","","","687","814","","",""
"687","Diego Contreras","18","CPX","SEA","SS","","1","","","","","","681","","",""
"688","Grant McCray","25","MLB","SFG","RF","683.2","5","Moderate","741","","","807","343","","",""
"689","Justin Barry","19","A","BOS","3B","683.4","5","Moderate","497","","","419","524","","",""
"690","Will Simpson","24","AAA","TBR","1B","684.6","7","Moderate","706","","","669","476","","",""
"691","Victor Ortega","22","A","MIA","C","684.9","7","Moderate","656","","","438","1074","","",""
"692","Christopher Alvarado","19","CPX","BOS","3B","","1","","","","","","685","","",""
"693","Marvin Alcantara","21","AA","BOS","2B","685.5","7","Moderate","388","","","300","1065","","",""
"694","Jairo Pomares","25","AA","SFG","LF","","1","","","","","","687","","",""
"695","Ryan Ward","28","MLB","LAD","LF","687.0","4","Split","1132","","","","243","","",""
"696","Ricardo Cova","22","A+","SEA","LF","687.6","7","Moderate","1009","","","667","1150","","",""
"697","Joephillip Guzman","19","A","BAL","2B","691.0","4","Moderate","","","","","576","","",""
"698","Charlie Pagliarini","25","AA","SEA","2B","693.0","7","Tight","404","","","875","413","","",""
"699","Leni Done","19","CPX","NYY","3B","","1","","","","","","693","","",""
"700","Shay Whitcomb","27","MLB","HOU","2B","693.3","4","Split","1052","","","","297","","",""
"701","Colton Ledbetter","24","AAA","STL","RF","693.4","8","Moderate","583","","","815","578","","",""
"702","Aaron Sabato","27","AAA","MIN","1B","694.8","4","Tight","752","","","","486","","",""
"703","Maxton Martin","21","A+","TEX","LF","695.4","7","Split","587","","","720","811","","",""
"704","Wuinder Torres","19","CPX","CLE","C","","1","","","","","","697","","",""
"705","Andrew Pintar","25","AAA","MIA","CF","697.1","7","Tight","635","","","693","779","","",""
"706","TJayy Walton","21","A","PHI","LF","697.4","7","Split","358","","","449","1423","","",""
"707","Joseph Sullivan","23","AA","HOU","CF","697.7","7","Tight","657","","","897","491","","",""
"708","Brady Marget","23","A","TBR","1B","697.8","6","Moderate","738","","","856","1097","","",""
"709","Luis Lameda","20","A+","MIL","2B","699.4","7","Moderate","869","","","273","953","","",""
"710","Callan Moss","22","AA","PIT","1B","700.3","8","Split","526","","","524","539","","",""
"711","Jake Cunningham","23","AA","SDP","LF","700.9","7","Moderate","394","","","661","1192","","",""
"712","Cade Marlowe","29","MLB","LAA","RF","701.0","4","Split","1375","","","","572","","",""
"713","Max Durrington","19","A","ATH","2B","703.7","7","Moderate","527","","","508","1163","","",""
"714","Jose Barrios","18","CPX","MIN","2B","","1","","","","","","705","","",""
"715","Izaac Pacheco","23","AA","DET","3B","706.3","8","Moderate","518","","","606","380","","",""
"716","Luis Durango","23","AA","NYY","LF","706.4","7","Split","1151","","","240","1313","","",""
"717","Harold Rivas","18","CPX","BOS","CF","","1","","","","","","707","","",""
"718","Josh Kasevich","25","AAA","TOR","SS","707.1","8","Moderate","525","","","537","1228","","",""
"719","Dylan Campbell","23","AA","PHI","CF","707.1","7","Moderate","630","","","838","478","","",""
"720","Felix Cotes","20","A","TBR","2B","707.2","6","Tight","754","","","666","967","","",""
"721","Jeremy Almonte","20","A","MIA","C","707.7","6","Moderate","323","","","616","730","","",""
"722","Anthony Santa Cruz de Oviedo","19","CPX","LAA","1B","","1","","","","","","708","","",""
"723","Jared Serna","24","AAA","MIA","SS","709.5","7","Tight","793","","","477","641","","",""
"724","Derlin Figueroa","22","A+","KCR","1B","710.0","7","Moderate","634","","","912","981","","",""
"725","Noah Miller","23","AAA","LAD","SS","710.5","7","Split","383","","","426","1201","","",""
"726","Jared Dickey","24","AAA","ATH","RF","711.0","7","Moderate","976","","","607","969","","",""
"727","Roni Cabrera","20","A","KCR","RF","711.4","7","Moderate","820","","","995","909","","",""
"728","Malcom Nunez","25","AAA","PIT","3B","","1","","","","","","712","","",""
"729","Nolan Beltran","21","AA","PHI","SS","712.1","7","Split","693","","","104","1204","","",""
"730","Trevor Austin","24","AA","HOU","2B","712.3","7","Tight","638","","","715","979","","",""
"731","Gabriel Martinez","23","AA","TOR","LF","","1","","","","","","713","","",""
"732","Gerlyn Payano","18","CPX","MIL","RF","","2","","","","","","1317","","",""
"733","Anthony Gutierrez","21","A+","TEX","CF","","3","","","","","","394","","",""
"734","Adolfo Sanchez","19","A","CIN","CF","","3","","","","","","769","","",""
"735","Chris Arroyo","21","A","MIA","1B","","2","","","","","","337","","",""
"736","Omar Alfonzo","22","AA","PIT","C","715.9","7","Moderate","507","","","476","470","","",""
"737","Jose Aular","22","AA","NYM","1B","","1","","","","","","716","","",""
"738","Ernesto Martinez Jr.","27","AAA","NYY","1B","716.3","4","Split","1197","","","","252","","",""
"739","Cristofer Lebron","19","A","STL","LF","","2","","","","","","777","","",""
"740","Caden Merritt","19","A","ATL","RF","717.2","6","Moderate","554","","","709","966","","",""
"741","Luiyin Alastre","20","A+","MIL","LF","718.1","7","Tight","1077","","","413","955","","",""
"742","Jay McQueen","19","A","TEX","RF","","3","","","","","","573","","",""
"743","Nauris De La Cruz","18","CPX","WSN","CF","","1","","","","","","721","","",""
"744","Ryan Galanie","26","AAA","CHW","1B","721.5","6","Tight","1024","","","777","626","","",""
"745","Titus Dumitru","23","AA","PIT","LF","722.1","7","Moderate","692","","","514","827","","",""
"746","Johan Rodriguez","18","A","CLE","SS","722.8","6","Moderate","531","","","717","508","","",""
"747","Kristian Robinson","25","AAA","ARI","CF","723.2","7","Moderate","787","","","984","601","","",""
"748","Yassel Soler","20","A+","ARI","3B","723.6","7","Split","311","","","515","357","","",""
"749","Graham Brown","24","AAA","MIN","CF","723.8","6","Split","1405","","","326","354","","",""
"750","Daniel Pierce","19","A","TBR","SS","724.6","7","Split","549","","","884","627","","",""
"751","Trent Youngblood","24","AA","ARI","LF","726.4","7","Moderate","972","","","546","1101","","",""
"752","Ramon Mendoza","25","AAA","STL","3B","726.6","7","Moderate","492","","","823","830","","",""
"753","Ian Petrutz","23","A+","STL","LF","727.2","7","Moderate","994","","","987","592","","",""
"754","Michael Dattalo","22","A+","STL","3B","729.1","7","Moderate","721","","","467","1293","","",""
"755","Pascanel Ferreras","24","AAA","HOU","2B","729.7","7","Tight","559","","","623","856","","",""
"756","Miguel Bleis","22","AA","BOS","RF","730.4","8","Split","719","","","580","612","","",""
"757","Randy De Jesus","21","A+","LAA","RF","731.3","7","Split","333","","","705","502","","",""
"758","Juan Sanchez","18","A","TOR","RP","732.5","8","Split","268","","","1484","616","","",""
"759","Tucker Toman","22","A+","TOR","3B","732.8","8","Moderate","420","","","622","1063","","",""
"760","Tavian Josenberger","24","AA","BAL","RF","732.9","7","Moderate","1056","","","680","609","","",""
"761","Jeremy Rivas","23","AAA","STL","SS","733.5","7","Split","671","","","390","1637","","",""
"762","Yorber Semprun","18","CPX","NYM","2B","","1","","","","","","735","","",""
"763","Tanner Murray","26","MLB","CHW","3B","","3","","331","","","","635","","",""
"764","JC Vanek","21","A","KCR","1B","736.7","6","Tight","852","","","899","930","","",""
"765","Connor Rasmussen","22","A+","KCR","2B","737.2","6","Moderate","1245","","","482","1158","","",""
"766","Jose Anderson","19","A","MIL","CF","737.9","8","Split","619","","","749","871","","",""
"767","Kenny Fenelon","18","CPX","MIL","CF","","1","","","","","","740","","",""
"768","Santiago Almao","18","CPX","TEX","2B","","1","","","","","","741","","",""
"769","Alfredo Alcantara","20","A+","CIN","2B","741.2","7","Split","607","","","613","798","","",""
"770","Cesar Prieto","27","MLB","STL","2B","741.6","4","Moderate","652","","","","1148","","",""
"771","Luke Hanson","22","A+","TEX","3B","741.7","6","Moderate","756","","","905","1220","","",""
"772","Seong-Jun Kim","19","CPX","TEX","SS","","2","","","","","","1108","","",""
"773","Steven Cruz","19","CPX","CLE","RP","","1","","","","","","744","","",""
"774","Carlos Avila","22","AAA","LAD","C","","1","","","","","","745","","",""
"775","Junior Franco","23","AA","ARI","LF","745.1","7","Tight","1074","","","816","717","","",""
"776","Brian Sanchez","21","A+","PIT","CF","746.8","7","Moderate","770","","","831","672","","",""
"777","Enrique Bradfield Jr.","24","AAA","BAL","CF","746.9","8","Moderate","757","","","585","792","","",""
"778","Isaiah Jackson","22","A+","BOS","RP","748.5","6","Moderate","703","","","728","682","","",""
"779","Brayan Buelvas","24","AAA","ATH","CF","748.9","7","Moderate","715","","","474","1084","","",""
"780","Stephen Hrustich","24","AA","DET","RF","748.9","7","Split","807","","","402","1140","","",""
"781","Aneudis Mordan","22","A+","BAL","1B","","1","","","","","","749","","",""
"782","Johnathan Rodriguez","26","MLB","PIT","RF","751.2","6","Split","960","","","957","54","","",""
"783","Gregory Barrios","22","AA","TBR","SS","751.9","7","Split","744","","","442","1269","","",""
"784","Ricardo Paez","19","A","MIN","LF","752.3","6","Moderate","513","","","559","854","","",""
"785","Anthony Scull","22","AA","LAA","CF","752.6","7","Split","731","","","558","736","","",""
"786","Braylin Tavera","21","A+","BAL","CF","753.6","7","Moderate","431","","","636","1255","","",""
"787","John Wimmer","21","A","LAA","SS","753.7","7","Split","620","","","599","1812","","",""
"788","Adonys Guzman","22","A+","BOS","C","754.8","6","Moderate","971","","","660","785","","",""
"789","Pascual Archila","19","CPX","TOR","CF","","1","","","","","","755","","",""
"790","Gerardo Rodriguez","20","A+","BOS","C","755.6","7","Split","426","","","577","718","","",""
"791","Connor Caskenette","24","AA","MIA","C","755.6","7","Moderate","906","","","451","1059","","",""
"792","Hansel Jimenez","19","CPX","CIN","SS","","1","","","","","","756","","",""
"793","Karniel Pratt","21","CPX","HOU","LF","","1","","","","","","757","","",""
"794","Justin DeCriscio","23","A+","SDP","3B","757.2","6","Moderate","829","","","910","1226","","",""
"795","Brady Day","24","A+","PHI","3B","759.5","6","Split","447","","","371","1435","","",""
"796","Ivan Johnson","27","MLB","CIN","LF","","3","","1095","","","","302","","",""
"797","Antonis Macias","21","A+","TEX","2B","761.6","7","Tight","606","","","431","719","","",""
"798","Esmil Valencia","20","A+","MIA","CF","761.9","7","Split","749","15","","945","398","","",""
"799","Robert Phelps","22","A","PHI","SS","762.2","6","Moderate","629","","","965","1284","","",""
"800","Cam Lee","20","CPX","BAL","CF","","1","","","","","","764","","",""
"801","Sebastian Baquera","19","A","TEX","C","764.2","6","Moderate","516","","","588","1030","","",""
"802","Chad Stevens","27","MLB","COL","2B","765.8","4","Split","1069","","","","915","","",""
"803","Dallas Macias","22","A+","ATL","LF","766.0","6","Tight","1098","","","725","914","","",""
"804","Neurelin Montero","20","A+","TEX","C","","2","","","","","","379","","",""
"805","Jaxson West","22","A+","TOR","C","766.8","5","Moderate","521","","","609","1070","","",""
"806","David Martin","25","AAA","ARI","C","","1","","","","","","767","","",""
"807","Jackson Castillo","23","AA","NYY","LF","767.8","7","Moderate","534","","","433","794","","",""
"808","Alex Binelas","26","AAA","PHI","1B","771.7","6","Tight","801","","","988","316","","",""
"809","Yovanny Rodriguez","19","A","NYM","C","","2","","","","","","771","","",""
"810","Gabriel Lara","20","A+","NYY","LF","772.3","6","Moderate","776","","","225","759","","",""
"811","Kendrey Maduro","22","A","LAA","3B","772.3","6","Moderate","699","","","1145","891","","",""
"812","Guillermo Batista","19","CPX","DET","3B","","1","","","","","","773","","",""
"813","Juan Mateo","19","A","ATL","3B","774.0","7","Moderate","582","","","707","1260","","",""
"814","Axel Sanchez","23","AAA","SEA","SS","774.5","7","Tight","1134","","","499","1008","","",""
"815","Starlyn Nunez","20","A","BOS","SS","775.6","7","Split","799","","","1104","418","","",""
"816","Adrian Garcia","19","CPX","PHI","2B","","1","","","","","","778","","",""
"817","Collin Price","26","MLB","HOU","C","778.8","4","Tight","761","","","","466","","",""
"818","Ronald Hernandez","22","A+","NYM","C","782.2","7","Tight","724","","","801","899","","",""
"819","Elias Reyno","18","CPX","ATL","LF","","1","","","","","","783","","",""
"820","Sebastian Blanco","18","A","COL","SS","","2","","","","","","695","","",""
"821","Joshua Liranzo","19","A","BAL","3B","784.4","7","Tight","563","","","713","668","","",""
"822","Anderdson Rojas","22","AAA","ARI","3B","785.0","7","Split","729","","","233","1823","","",""
"823","Cannon Peebles","22","A+","CLE","C","785.2","6","Tight","946","","","702","872","","",""
"824","Abraham Nunez","20","A","CHW","CF","786.1","7","Tight","851","","","890","1127","","",""
"825","Devonte Brown","26","AAA","TOR","CF","","1","","","","","","787","","",""
"826","Stephen Scott","29","AAA","DET","C","","1","","","","","","789","","",""
"827","Adrian Sugastey","23","AAA","SFG","C","789.1","7","Moderate","794","","","251","926","","",""
"828","Andrew Pinckney","25","AAA","WSN","CF","789.7","7","Tight","759","","","1080","347","","",""
"829","Keith Jones II","24","AA","TEX","RF","790.7","7","Tight","739","","","690","866","","",""
"830","Chris Williams","29","AAA","NYM","C","","1","","","","","","791","","",""
"831","Vladi Gomez","20","A","NYM","2B","792.8","4","Split","","","","","950","","",""
"832","Tyler Whitaker","23","AA","HOU","RF","795.5","7","Tight","737","","","461","1235","","",""
"833","Brock Rodden","26","AAA","SEA","SS","797.8","6","Tight","750","","","1034","853","","",""
"834","Max Belyeu","22","A+","COL","RF","798.4","7","Split","728","","","845","1416","","",""
"835","Alessander De La Cruz","20","CPX","COL","RF","","1","","","","","","799","","",""
"836","Christian Franklin","26","AAA","WSN","RF","799.2","6","Moderate","1015","","","","492","","",""
"837","Woody Hadeen","23","A+","DET","SS","800.9","7","Moderate","680","","","864","1315","","",""
"838","Leandro Arias","21","A+","BAL","SS","801.1","7","Moderate","566","","","545","1092","","",""
"839","Kevin Bazzell","23","A+","WSN","C","802.1","7","Moderate","783","","","596","1247","","",""
"840","Payton Green","23","AAA","MIA","SS","804.4","7","Moderate","870","","","542","1110","","",""
"841","Druw Jones","22","AA","ARI","CF","804.8","8","Moderate","864","","","629","1300","","",""
"842","Christian Astudillo","19","CPX","BAL","C","","1","","","","","","805","","",""
"843","Brendan Summerhill","22","A","TBR","CF","805.1","7","Moderate","1286","","","1079","1021","","",""
"844","Jose Colmenares","23","A+","WSN","2B","","1","","","","","","808","","",""
"845","Andrick Nava","24","AAA","MIL","C","808.1","6","Moderate","643","","","395","1028","","",""
"846","Luis Castillo","22","A+","MIL","SP","809.2","7","Moderate","740","","","798","865","","",""
"847","Colby Jones","22","AA","ATL","2B","809.8","7","Moderate","904","","","334","1437","","",""
"848","Carlos Silva","20","CPX","MIN","C","","1","","","","","","810","","",""
"849","Jorge Quintana","19","A","SDP","SS","810.0","7","Moderate","434","","","712","1249","","",""
"850","Josh Springer","20","A","TEX","C","810.8","6","Tight","792","","","424","1044","","",""
"851","Jesus Castillo","22","AAA","PIT","1B","810.9","7","Split","398","","","403","1212","","",""
"852","Antonio Anderson","21","A+","BOS","3B","811.1","7","Split","429","","","414","1327","","",""
"853","Elian Soto","20","A","WSN","1B","811.8","6","Split","427","","","671","1669","","",""
"854","Alfredo Velasquez","21","AAA","BAL","2B","812.6","7","Moderate","1138","","","222","1090","","",""
"855","Mac Horvath","24","AA","TBR","RF","814.5","8","Moderate","824","","","871","642","","",""
"856","Yeiferth Castillo","19","A","CLE","LF","814.9","7","Moderate","674","","","757","807","","",""
"857","Cam Clayton","23","AA","MIA","1B","815.1","7","Tight","1085","","","917","747","","",""
"858","Paxton Kling","23","A+","TEX","CF","815.2","6","Moderate","834","","","903","1303","","",""
"859","Shotaro Morii","19","A","ATH","SS","815.3","7","Tight","796","","","760","1034","","",""
"860","Kason Siguenza","18","CPX","LAA","SS","","1","","","","","","816","","",""
"861","Felix Amparo","20","AA","BAL","2B","816.3","6","Split","1115","","","182","892","","",""
"862","Alberth Palma","20","A","TBR","SS","816.5","7","Tight","988","","","646","986","","",""
"863","Hunter Fitz-Gerald","25","AA","SEA","1B","817.1","7","Tight","456","","","963","583","","",""
"864","Carlos Torres","18","CPX","TEX","RP","","1","","","","","","818","","",""
"865","Jake Casey","23","A+","TOR","RF","818.0","6","Moderate","887","","","906","411","","",""
"866","Edward Guribe","19","CPX","STL","3B","","1","","","","","","819","","",""
"867","Ivan Cespedes","20","A","CHC","C","819.2","5","Moderate","653","","","","870","","",""
"868","Logan Maxwell","23","A","NYY","RF","819.5","6","Moderate","762","","","1115","1062","","",""
"869","Tyson Moran","20","CPX","KCR","SS","","1","","","","","","820","","",""
"870","Justin Riemer","24","AA","ATH","2B","820.8","7","Moderate","1067","","","394","1064","","",""
"871","Garrett Pennington","25","AA","DET","1B","821.0","7","Moderate","913","","","1018","350","","",""
"872","Anderson Fermin","19","A","BOS","CF","821.2","6","Tight","789","","","792","384","","",""
"873","Sam Kulasingam","24","AA","KCR","2B","823.9","7","Moderate","816","","","805","1433","","",""
"874","Jack Pineda","26","AAA","KCR","SS","824.2","5","Tight","903","","","","946","","",""
"875","Drew Davies","20","A","CIN","1B","824.3","7","Tight","604","","","706","1136","","",""
"876","Brailer Guerrero","20","A","TBR","RF","824.6","8","Moderate","847","","","839","464","","",""
"877","Jordan Sanchez","20","A","BAL","RF","825.1","8","Split","681","","","1156","533","","",""
"878","Will Taylor","23","AA","PIT","CF","825.9","7","Moderate","830","","","803","727","","",""
"879","Zach Daudet","23","A+","HOU","1B","825.9","7","Moderate","1311","","","795","1198","","",""
"880","DJ Gladney","24","AA","NYY","CF","827.4","7","Moderate","500","","","934","782","","",""
"881","Elio Campos","22","A","ATL","2B","","1","","","","","","828","","",""
"882","Angel Mateo","21","A+","TBR","RF","828.4","7","Moderate","981","","","771","647","","",""
"883","Stanley Tucker","24","AA","BOS","RF","828.9","7","Split","1546","","","429","1487","","",""
"884","Elorky Rodriguez","18","CPX","TEX","CF","","2","","","","","","1444","","",""
"885","Gustavo Campero","28","MLB","LAA","RF","831.0","4","Split","1529","","","","257","","",""
"886","Bernard Moon","21","A","CIN","2B","831.8","7","Moderate","682","","","936","1508","","",""
"887","Will King","22","CPX","ATL","C","","1","","","","","","833","","",""
"888","Jakey Josepha","22","AA","ARI","CF","834.3","7","Split","907","","","323","1709","","",""
"889","Jaime Ferrer","23","AA","MIN","1B","835.1","7","Moderate","855","","","593","1250","","",""
"890","Dean Moss","20","A","TBR","RF","835.9","7","Tight","962","","","809","916","","",""
"891","Stiven Flores","20","A","CHW","C","839.9","7","Moderate","951","","","655","1316","","",""
"892","Colton Becker","25","AAA","KCR","SS","840.6","7","Split","1047","","","658","1631","","",""
"893","Ludwing Espinoza","20","A","CHC","2B","840.6","5","Tight","636","","","747","845","","",""
"894","Edgleen Perez","20","A","PIT","C","841.1","7","Moderate","390","","","517","1032","","",""
"895","Christian Cerda","23","AAA","ARI","C","842.9","7","Moderate","890","","","523","600","","",""
"896","Marlon Quintero","19","A","LAA","C","845.2","7","Moderate","553","","","748","933","","",""
"897","Rafael Flores Jr.","25","MLB","PIT","1B","845.4","8","Split","790","","","970","198","","",""
"898","Rikuu Nishida","25","MLB","CHW","RF","846.5","6","Split","598","","","494","975","","",""
"899","Skylar King","22","A","BOS","RF","846.9","7","Moderate","1317","","","1254","1112","","",""
"900","Pablo Castillo","18","CPX","MIN","C","","1","","","","","","847","","",""
"901","Carlos Rodriguez","25","AAA","ATL","SP","849.5","7","Moderate","784","","","612","1458","","",""
"902","Javier Herrera","21","A","LAD","LF","850.8","6","Moderate","748","","","787","1438","","",""
"903","Liordanys Menendez","18","CPX","LAA","SS","","1","","","","","","851","","",""
"904","Romeo Sanabria","24","AAA","SDP","1B","851.1","7","Moderate","917","","","672","431","","",""
"905","Filippo Di Turi","20","A+","MIL","3B","851.4","7","Tight","1037","","","423","961","","",""
"906","Larry Martinez","20","A+","TBR","1B","853.0","7","Split","673","","","503","932","","",""
"907","Anyelo Encarnacion","22","A+","STL","SS","854.2","7","Tight","833","","","882","1321","","",""
"908","Marcos Castanon","27","AAA","SDP","3B","855.0","4","Moderate","1369","","","","652","","",""
"909","Yilber Herrera","21","A","MIN","3B","856.6","5","Split","1054","","","","1068","","65",""
"910","Sean Gamble","19","A","KCR","SS","856.9","7","Moderate","800","","","833","1257","","",""
"911","Mark Kolozsvary","30","MLB","BOS","C","","1","","","","","","858","","",""
"912","Arturo Disla","25","AA","TEX","1B","858.6","7","Tight","632","","","857","957","","",""
"913","Jace LaViolette","22","A+","CLE","CF","858.6","7","Split","714","","","902","1716","","",""
"914","Jose Urbina","20","CPX","ARI","SP","","2","","","","","","1442","","",""
"915","Camden Janik","23","A+","PIT","LF","859.4","7","Moderate","1118","","","729","1336","","",""
"916","Anderson Araujo","18","CPX","PHI","C","","1","","","","","","861","","",""
"917","Osleivis Basabe","25","MLB","SFG","SS","861.5","7","Tight","848","","","714","1203","","",""
"918","Ahbram Liendo","22","AA","BOS","3B","861.9","7","Moderate","782","","","445","1259","","",""
"919","Oliver Tejada","19","A","SFG","RF","862.2","6","Moderate","590","","","652","951","","",""
"920","Bryan Acuna","20","A","MIN","3B","862.9","7","Split","380","","","460","1717","","",""
"921","Maick Collado","23","AAA","CLE","1B","864.6","7","Moderate","779","","","396","1365","","",""
"922","Quentin Young","19","A","MIN","SS","865.6","7","Split","438","","","1128","839","","",""
"923","Braiden Ward","27","AAA","BOS","CF","866.5","4","Moderate","1252","","","","768","","",""
"924","Yerald Nin","20","A+","ARI","2B","867.9","7","Split","466","","","626","1729","","",""
"925","Nick Schnell","26","AAA","SDP","RF","869.4","5","Tight","1147","","","","637","","",""
"926","John Spikerman","23","A+","PHI","RF","869.7","7","Split","819","","","691","1676","","68",""
"927","Tyriq Kemp","23","A+","KCR","2B","872.2","6","Moderate","1240","","","1038","1083","","",""
"928","CJ Alexander","29","MLB","LAD","3B","872.4","4","Moderate","1465","","","","579","","",""
"929","Jose Suarez","21","A+","STL","RP","873.6","7","Moderate","687","","","867","1208","","",""
"930","Beau Ankeney","23","A+","DET","1B","874.2","6","Tight","982","","","929","822","","",""
"931","Franyer Noria","21","CPX","BOS","3B","","1","","","","","","877","","",""
"932","Freili Encarnacion","21","A+","BOS","3B","877.3","8","Moderate","798","","","828","720","","",""
"933","Ali Camarillo","23","A+","ATH","SS","878.5","7","Split","826","","","684","2490","","",""
"934","Roberto Campos","23","AA","DET","RF","879.5","4","Moderate","813","","","","551","","",""
"935","Casey Yamauchi","25","AAA","ATH","2B","879.9","7","Split","1198","","","562","1815","","",""
"936","Cody Schrier","23","A+","MIA","1B","880.2","7","Moderate","937","","","756","1340","","",""
"937","Jude Warwick","20","A","DET","SS","880.3","7","Split","555","","","1081","1459","","",""
"938","Carson Rucker","21","A","DET","3B","880.8","7","Split","556","","","1129","1742","","",""
"939","Matt Kroon","29","AAA","PHI","LF","","1","","","","","","881","","",""
"940","Qrey Lott","21","A","SDP","CF","881.3","6","Tight","909","","","835","1223","","",""
"941","Alex McCoy","24","A+","SDP","LF","881.9","8","Split","977","","","1268","1520","","",""
"942","Ryan Cermak","25","A+","TBR","RF","","3","","","","","","734","","",""
"943","Daiverson Gutierrez","20","A+","NYM","C","883.7","7","Moderate","567","","","611","873","","",""
"944","Jermaine Maricuto","20","CPX","WSN","1B","","1","","","","","","884","","",""
"945","Jay Beshears","24","AA","MIA","3B","884.4","7","Moderate","850","","","490","1659","","",""
"946","Estarling Mercado","23","A+","NYM","1B","","2","","","","","","776","","",""
"947","Nick Monistere","22","A+","HOU","SS","884.8","6","Moderate","859","","","630","1574","","",""
"948","Jack Lines","20","A","TBR","2B","","2","","","","","","595","","",""
"949","Alberto Hernandez","22","AAA","HOU","2B","885.6","6","Moderate","875","","","420","1514","","",""
"950","Capri Ortiz","21","A+","LAA","SS","887.1","7","Split","628","","","888","1379","","",""
"951","Estevan Moreno","22","A","SEA","SS","889.7","6","Tight","667","","","1209","1091","","",""
"952","Ichiro Cano","21","A","CIN","1B","891.4","7","Moderate","774","","","736","1402","","",""
"953","Deward Tovar","20","A","TEX","RF","891.5","8","Split","734","","","900","1356","","",""
"954","Pedro Catuy","20","A","ARI","CF","891.6","7","Split","599","","","949","1563","","",""
"955","Bobby Boser","23","AA","ATH","SS","892.9","7","Moderate","831","","","751","1330","","",""
"956","Jeury Ramirez","18","CPX","CHC","LF","","1","","","","","","893","","",""
"957","Walker Janek","23","AA","HOU","C","893.3","8","Moderate","1160","","","896","653","","",""
"958","Chase Call","24","AA","HOU","RF","894.2","7","Tight","1099","","","836","1193","","",""
"959","Oliver Dunn","28","MLB","MIL","3B","","3","","1300","","","","704","","",""
"960","Alexi Quiroz","19","CPX","HOU","C","","1","","","","","","897","","",""
"961","Ashly Andujar","18","A","COL","SS","897.2","6","Moderate","336","","","581","1145","","",""
"962","Robert Calaz","20","A+","COL","RF","897.4","8","Split","950","","","954","330","","",""
"963","Tsung-Che Cheng","24","MLB","BOS","SS","898.1","7","Tight","764","","","841","1027","","",""
"964","Tirso Ornelas","26","MLB","SDP","LF","898.1","5","Moderate","1172","","","1162","657","","",""
"965","Cameron Sisneros","25","AA","HOU","1B","898.8","7","Moderate","1155","","","681","924","","",""
"966","Nolan McCarthy","24","A+","DET","CF","898.8","6","Moderate","996","","","650","1197","","",""
"967","Pedro Blanco","19","A","ARI","1B","898.9","7","Split","294","","","700","1673","","",""
"968","Ismael Munguia","27","AAA","NYY","CF","899.4","4","Tight","1080","","","","753","","",""
"969","Juan Sierra","20","A","HOU","RF","900.3","6","Tight","730","","","985","1132","","",""
"970","Kehden Hettiger","22","AA","PHI","C","900.8","7","Moderate","515","","","478","988","","",""
"971","Moises Polanco","19","CPX","MIL","2B","","1","","","","","","901","","",""
"972","Harold Gonzalez","19","CPX","LAD","3B","","1","","","","","","902","","",""
"973","Kenni Gomez","21","AA","HOU","CF","902.6","7","Split","1509","","","444","1217","","",""
"974","Peyton Stovall","23","A+","CIN","2B","902.7","7","Moderate","1057","","","880","1547","","",""
"975","Edward Lantigua","19","A","NYM","CF","","3","","885","","","","240","","",""
"976","Josueth Quinonez","19","CPX","DET","CF","","1","","","","","","903","","",""
"977","Malvin Fernandez","17","A+","ATL","3B","903.5","4","Moderate","","","","","560","","",""
"978","Arturo Flores","20","A","HOU","C","906.2","6","Split","387","","","926","1463","","",""
"979","Ben Gobbel","26","AAA","LAA","3B","907.2","5","Tight","1121","","","","936","","",""
"980","Chase Strumpf","28","AAA","CHC","3B","","1","","","","","","908","","",""
"981","Samil Dishmey","20","A","LAA","LF","908.3","6","Moderate","665","","","1030","1421","","",""
"982","Robbie Burnett","23","A+","NYY","RF","908.8","5","Tight","968","","","825","923","","",""
"983","Devin Saltiban","21","A+","PHI","CF","908.9","7","Moderate","942","","","796","952","","",""
"984","Nick Rodriguez","23","AA","LAA","2B","911.9","7","Moderate","645","","","778","1497","","",""
"985","David McCann","22","A","NYY","C","912.5","6","Tight","879","","","1000","997","","",""
"986","Aldo Gaxiola","20","A","TOR","3B","913.4","7","Moderate","717","","","889","887","","",""
"987","Efren Teran","19","A","CHW","SS","914.3","6","Tight","1060","","","734","1010","","",""
"988","Dylan Palmer","22","A+","PIT","2B","916.3","6","Moderate","1111","","","859","1605","","",""
"989","Ethan O'Donnell","24","AAA","MIA","CF","916.5","7","Tight","1051","","","793","1023","","",""
"990","Austin Murr","27","AAA","PHI","RF","916.6","4","Moderate","1208","","","","841","","",""
"991","Gabriel Rincones Jr.","25","MLB","PHI","RF","916.8","6","Split","959","","","901","173","","",""
"992","Cade McGee","23","A+","STL","3B","917.0","7","Tight","1025","","","916","984","","",""
"993","Alvaro Rios","19","CPX","CHW","C","","1","","","","","","918","","",""
"994","Bryce Martin-Grudzielanek","23","A","NYY","3B","918.0","6","Split","915","","","1122","1636","","",""
"995","Jordan Lawlar","23","MLB","ARI","3B","","2","","","","","","81","","",""
"996","Ryan Fitzgerald","32","MLB","LAD","2B","","3","","","","","","1024","","",""
"997","Diorland Zambrano","19","CPX","CIN","1B","","1","","","","","","919","","",""
"998","Dawson Willis","22","A","SDP","3B","919.7","6","Split","675","","","1178","1748","","",""
"999","Esteban Gonzalez","23","A+","CLE","OF","920.7","7","Moderate","1215","","","991","1265","","",""
"1000","Justin Ramirez","21","CPX","NYM","OF","","1","","","","","","921","","",""
"1001","Stiven Martinez","18","A","BAL","CF","921.5","7","Moderate","356","","","873","1033","","",""
"1002","Nick Cimillo","26","AAA","PIT","1B","921.6","5","Split","1291","","","","333","","",""
"1003","Angel Tejada","22","A+","BAL","2B","","1","","","","","","922","","",""
"1004","Brent Iredale","22","A","PIT","3B","923.0","6","Tight","922","","","1234","1098","","",""
"1005","DJ Newman","22","A","HOU","SP","924.3","6","Split","1070","","","783","1567","","",""
"1006","Randal Diaz","23","A+","BAL","2B","925.4","7","Moderate","927","","","932","1848","","",""
"1007","Dakota Harris","24","AA","STL","3B","926.3","7","Moderate","1049","","","764","1726","","",""
"1008","Victor Labrada","26","AAA","SEA","LF","926.7","5","Tight","1123","","","","925","","",""
"1009","Tommy Hopfe","23","A+","COL","LF","926.7","7","Moderate","920","","","959","1481","","",""
"1010","Ryan Spikes","23","AAA","TBR","LF","926.9","7","Moderate","769","","","808","1107","","",""
"1011","Samuel Munoz","21","A+","LAD","LF","927.1","7","Tight","880","","","840","1218","","",""
"1012","Jalen Hairston","22","A","CIN","3B","927.3","6","Moderate","1063","","","1068","1451","","",""
"1013","Gabriel Flores","18","AA","PHI","C","","2","","","","","","513","","",""
"1014","Jackson Strong","22","A+","DET","CF","928.4","7","Moderate","832","","","1054","1306","","",""
"1015","Gavin Cross","25","AAA","KCR","RF","930.1","7","Moderate","1033","","","1045","582","","",""
"1016","Miguel Villarroel","24","AAA","STL","SS","932.9","7","Split","1053","","","644","1883","","",""
"1017","Patrick Lee","26","AA","DET","RF","934.7","5","Tight","934","","","","947","","",""
"1018","Josh Wakefield","22","A","HOU","RF","935.0","6","Moderate","993","","","969","1582","","",""
"1019","Tyler Dearden","27","AAA","MIN","LF","","1","","","","","","935","","",""
"1020","Marcus Lee Sang","25","AAA","TEX","DH","936.5","7","Moderate","966","","","1124","671","","",""
"1021","Juan Rojas","18","CPX","HOU","RP","","1","","","","","","937","","",""
"1022","Damian Bravo","22","A+","SFG","LF","937.1","7","Moderate","679","","","1223","1507","","",""
"1023","Juan Cruz","21","A","WSN","CF","937.2","6","Moderate","718","","","1046","1333","","",""
"1024","JT Benson","24","A+","NYM","CF","939.2","6","Moderate","1173","","","1139","1266","","",""
"1025","Willy Vasquez","24","AAA","BAL","RF","939.3","7","Moderate","1013","","","1083","733","","",""
"1026","Owen Gregg","19","A","TOR","SS","","3","","","","","","731","","",""
"1027","Yunior Amparo","19","CPX","NYM","1B","","1","","","","","","940","","",""
"1028","Eddie King Jr.","23","A","PIT","OF","940.8","6","Tight","970","","","1220","1232","","",""
"1029","Christian Olivo","22","A+","CHC","3B","941.4","7","Moderate","1127","","","767","1725","","",""
"1030","Leandro Cedeno","27","AAA","SDP","1B","","3","","896","","","","495","","",""
"1031","Christian Cairo","25","AAA","PHI","3B","941.9","7","Moderate","747","","","549","1172","","",""
"1032","Cam Devanney","29","MLB","PIT","3B","","1","","","","","","942","","",""
"1033","Johnfrank Salazar","22","A+","STL","1B","942.7","6","Tight","608","","","1181","703","","",""
"1034","Alexey Lumpuy","22","A","CHC","RF","943.7","7","Moderate","865","","","1233","1537","","",""
"1035","Payton Eeles","26","AAA","BAL","2B","943.8","6","Moderate","811","","","782","479","","",""
"1036","Jose Devers","26","MLB","ATL","2B","","1","","","","","","944","","",""
"1037","Eli Serrano III","23","AA","NYM","CF","944.3","8","Moderate","804","","","677","1048","","",""
"1038","Alexander Albertus","21","A","CHW","3B","944.5","7","Tight","1243","","","920","896","","",""
"1039","Jakob Christian","23","A+","SFG","1B","946.3","7","Moderate","689","","","980","1185","","",""
"1040","Nelly Taylor","23","AA","BOS","CF","946.4","7","Moderate","973","","","737","1031","","",""
"1041","Santiago Gomez","22","AA","NYY","2B","946.5","6","Moderate","1396","","","432","1326","","",""
"1042","Tyler McDonough","27","AAA","BOS","SS","946.6","4","Split","1220","","","","1373","","",""
"1043","Braedon Karpathios","23","AA","SDP","RF","949.1","7","Moderate","592","","","718","859","","",""
"1044","Jack Penney","23","A+","DET","2B","","3","","","","","","710","","",""
"1045","Cobb Hightower","21","A","BAL","SS","954.8","6","Tight","985","","","1017","928","","",""
"1046","Carter Cunningham","25","AA","TOR","1B","958.1","7","Tight","998","","","940","1053","","",""
"1047","Jose Pirela","20","A","CLE","RF","959.4","7","Split","817","","","982","1665","","",""
"1048","Max Holy","23","AA","HOU","SS","959.4","7","Split","908","","","824","2044","","",""
"1049","Jose Ortiz","21","A","SFG","RF","","1","","","","","","960","","",""
"1050","Eddinson Paulino","23","AA","TOR","2B","","3","","","","","","558","","",""
"1051","Luis Caicuto","23","AA","PHI","C","960.3","7","Split","1117","","","722","1627","","",""
"1052","Alec Makarewicz","25","AA","CHW","1B","961.3","6","Tight","1202","","","1091","1001","","",""
"1053","Erick Brito","24","AAA","PHI","3B","962.5","7","Split","700","","","632","1896","","",""
"1054","Darell Morel","18","A","PIT","SS","963.2","5","Split","","","","","809","","",""
"1055","Nicandro Aybar","21","AAA","TBR","LF","963.9","7","Split","1430","","","196","1751","","",""
"1056","Yilver De Paula","18","CPX","LAA","SS","","1","","","","","","964","","",""
"1057","Casey Saucke","22","A+","CHW","RF","","1","","","","","","965","","",""
"1058","Noah Mendlinger","25","AAA","STL","2B","965.6","7","Tight","1059","","","719","1153","","",""
"1059","Marshall Toole","23","A+","TBR","CF","965.6","7","Split","1490","49","","1102","725","","",""
"1060","Ronald Rosario","23","AA","BOS","C","966.1","7","Moderate","535","","","694","1077","","",""
"1061","Raimundo De Los Santos","21","AA","TOR","SS","966.3","6","Moderate","1017","","","261","1500","","",""
"1062","Christian Gonzalez","19","A","CHW","RF","966.8","6","Tight","918","","","730","796","","",""
"1063","Matt Gorski","28","MLB","FA","1B","967.1","4","Split","1321","","","","648","","",""
"1064","Mason Neville","22","A+","CIN","LF","968.0","7","Split","1393","","","1135","1687","","",""
"1065","John Bay","25","AA","NYM","RF","968.3","7","Moderate","1312","","","742","1130","","",""
"1066","Victor Leal","19","A","MIN","C","","3","","","","","","907","","",""
"1067","Maximo Acosta","23","MLB","MIA","3B","968.6","6","Split","1023","","","922","356","","",""
"1068","Jose Salas","23","AA","MIN","2B","968.9","7","Moderate","1120","","","800","1104","","",""
"1069","Jon Jon Gazdar","24","AA","STL","SS","968.9","7","Moderate","939","","","543","1719","","",""
"1070","Corey Collins","24","AA","NYM","1B","969.6","7","Tight","1040","","","651","878","","",""
"1071","Daniel Flames","19","A","TEX","2B","970.1","7","Moderate","520","","","620","1391","","",""
"1072","Wilfri De La Cruz","18","CPX","BAL","SS","","1","","","","","","972","","",""
"1073","Kyle Nevin","24","AA","LAD","3B","973.2","7","Tight","696","","","925","1195","","",""
"1074","Micah Pries","28","AAA","CLE","1B","","1","","","","","","974","","",""
"1075","J.R. Freethy","23","AA","TOR","2B","974.2","7","Moderate","914","","","439","1485","","",""
"1076","Alberto Mendez","21","A","CLE","2B","","1","","","","","","977","","",""
"1077","Blake Hunt","27","MLB","SEA","C","","3","","771","","","","1000","","",""
"1078","Matt King","23","AA","PIT","SS","977.5","6","Moderate","1233","","","602","1641","","",""
"1079","Adriander Mejia","19","A","BAL","C","978.4","5","Moderate","805","","","","998","","",""
"1080","Emaarion Boyd","22","AA","MIA","CF","978.7","7","Moderate","844","","","745","751","","",""
"1081","Steward Berroa","27","MLB","MIL","CF","980.9","4","Moderate","941","","","","1181","","",""
"1082","Jonny McGill","24","A","LAA","RF","981.3","6","Split","1325","","","1250","1294","","",""
"1083","Jack Brannigan","25","MLB","PIT","SS","981.5","6","Moderate","883","","","870","410","","",""
"1084","Alexander Vargas","24","AA","CIN","SS","981.8","6","Moderate","1000","","","865","1332","","",""
"1085","Alexander Mambel","19","A","BOS","1B","","1","","","","","","982","","",""
"1086","Dylan Grego","22","AAA","SDP","2B","982.1","7","Moderate","1541","","","453","1115","","",""
"1087","Cam Maldonado","22","A","SFG","RF","982.3","7","Split","780","","","1296","2112","","",""
"1088","Junior Aybar","19","A","BAL","LF","982.7","6","Moderate","725","","","1164","1135","","",""
"1089","Chris Newell","25","AA","LAD","CF","983.8","7","Split","1076","","","1146","358","","",""
"1090","Connor McGinnis","23","AA","NYY","2B","984.0","6","Moderate","910","","","615","1430","","",""
"1091","Jean Joseph","21","A+","TOR","CF","984.6","7","Moderate","1199","","","393","920","","",""
"1092","Eric Genther","24","A+","NYY","LF","985.5","6","Moderate","1083","","","863","1461","","",""
"1093","E.J. Exposito","25","AA","DET","3B","985.9","7","Tight","1066","","","999","1113","","",""
"1094","Jonathan Ornelas","26","MLB","ATL","SS","986.3","6","Tight","1119","","","866","1349","","",""
"1095","Yiddi Cappe","23","AA","MIA","2B","","2","","","","","","1173","","",""
"1096","Chase Jaworsky","21","A+","MIA","SS","987.0","7","Moderate","1050","","","1011","831","","",""
"1097","Phillip Glasser","26","AAA","WSN","LF","987.4","5","Moderate","1299","","","","815","","",""
"1098","Nick Podkul","29","AAA","CHW","3B","","1","","","","","","991","","",""
"1099","Spencer Packard","28","AAA","SEA","LF","991.1","4","Tight","1285","","","","938","","",""
"1100","Leandro Pineda","24","AAA","WSN","RF","991.6","7","Tight","979","","","592","906","","",""
"1101","Jose Meza","23","A+","LAD","1B","991.9","7","Split","1002","","","1099","1769","","",""
"1102","Evan Shaw","25","A+","LAD","RP","","1","","","","","","992","","",""
"1103","Oswaldo Patino","19","CPX","LAA","2B","","1","","","","","","993","","",""
"1104","Blaine Crim","29","MLB","COL","1B","","3","","1469","","","","490","","",""
"1105","Aaron Zavala","26","AAA","TEX","LF","994.0","6","Tight","857","","","972","1414","","",""
"1106","Edinson Duran","23","AAA","NYY","C","","2","","","","","","425","","",""
"1107","Carlos Taveras","18","CPX","MIN","CF","","1","","","","","","995","","",""
"1108","Kasen Wells","22","A+","SDP","CF","995.1","7","Moderate","902","","","994","1892","","",""
"1109","Albert Fabian","24","AA","SDP","LF","996.8","7","Tight","884","","","868","879","","",""
"1110","Douglas Hodo III","25","AA","BAL","LF","997.1","7","Split","1283","","","1049","1426","","",""
"1111","Miguel Briceno","22","AA","MIN","RF","997.1","7","Split","1170","","","584","1776","","",""
"1112","Yimy Tovar","20","A","SDP","SS","998.5","6","Tight","1247","","","931","1261","","",""
"1113","Yaxson Lucena","18","CPX","STL","RF","","1","","","","","","999","","",""
"1114","Brandon Nigh","22","A+","HOU","3B","1000.6","5","Moderate","1409","","","640","1041","","",""
"1115","Abdias De La Cruz","21","A","ARI","RF","1001.2","7","Split","585","","","1089","2026","","",""
"1116","Julio Zayas","20","A","NYM","C","1001.6","7","Tight","641","","","851","1134","","",""
"1117","Nick Lorusso","25","AA","NYM","1B","1001.6","7","Tight","905","","","993","852","","",""
"1118","TJ Ford","20","CPX","LAA","CF","","1","","","","","","1002","","",""
"1119","Renyel Campos","19","CPX","TOR","C","","1","","","","","","1003","","",""
"1120","Omar De Los Santos","26","AAA","NYM","LF","","1","","","","","","1004","","",""
"1121","Jhorvic Abreus","20","AA","CLE","2B","1004.5","6","Split","1135","","","131","1429","","",""
"1122","Jacob Cozart","23","AA","CLE","C","1005.4","7","Moderate","788","","","752","849","","",""
"1123","Kelvin Alcantara","20","CPX","SEA","RF","","1","","","","","","1006","","",""
"1124","Dru Baker","26","AAA","CHW","CF","1006.7","5","Moderate","1355","","","","1231","","",""
"1125","Josh Tate","22","A+","PIT","CF","1007.5","7","Split","1022","","","1059","1841","","",""
"1126","Hayden Jatczak","24","A+","SFG","3B","1007.7","6","Moderate","1116","","","1056","1612","","",""
"1127","Dylan Jasso","23","AA","MIA","3B","1007.7","7","Moderate","845","","","579","669","","",""
"1128","Jalin Flores","22","A+","STL","3B","1008.5","6","Split","736","","","1063","1601","","",""
"1129","Luis Parababire","20","A+","ATL","C","","2","","","","","","564","","",""
"1130","Truitt Madonna","19","A","SDP","C","1008.7","6","Moderate","532","","","790","1678","","",""
"1131","Walker Martin","22","A+","SFG","3B","1009.1","7","Moderate","763","","","979","1248","","",""
"1132","Josh Kross","23","A+","STL","1B","1009.2","7","Tight","969","","","1075","1146","","",""
"1133","Andy Garriola","26","AA","CHC","LF","1010.0","5","Tight","1114","","","","1162","","",""
"1134","Colby Halter","24","AAA","ATH","2B","1010.0","7","Tight","1100","","","950","1274","","",""
"1135","Elijah Green","22","A+","WSN","CF","1010.5","7","Moderate","806","","","1138","1234","","",""
"1136","Angel Guzman","20","A","SFG","1B","1010.7","6","Tight","1068","","","860","1139","","",""
"1137","Josue Gonzalez","22","A+","NYY","1B","1011.0","7","Tight","866","","","872","1517","","",""
"1138","Alex Mooney","23","AA","CLE","SS","1011.1","7","Moderate","899","","","886","1388","","",""
"1139","Owen Carapellotti","23","A","TOR","C","1011.2","6","Moderate","722","","","1027","1690","","",""
"1140","Ricardo Hurtado","23","A+","DET","C","1012.5","7","Moderate","989","","","907","1697","","",""
"1141","Edgardo De Leon","19","A","MIA","1B","1013.0","6","Split","814","","","1184","715","","",""
"1142","Junior Perez","24","MLB","CHW","CF","1015.8","6","Moderate","1005","","","1150","256","","",""
"1143","Corey Rosier","26","AAA","BOS","LF","","1","","","","","","1016","","",""
"1144","Caleb Cali","25","AA","SEA","3B","1016.1","7","Moderate","878","","","1073","959","","",""
"1145","Clark Elliott","25","AA","ATH","LF","1016.1","7","Moderate","1125","","","971","869","","",""
"1146","Nick Dumesnil","22","A","DET","CF","1016.7","6","Tight","933","","","1179","1271","","",""
"1147","Erick Torres","21","A+","KCR","LF","1016.8","7","Moderate","1011","","","733","1681","","",""
"1148","Andre Lipcius","28","MLB","CHW","1B","","1","","","","","","1017","","",""
"1149","Eli Lovich","20","A","CHC","RF","1017.2","7","Moderate","683","","","1050","1302","","",""
"1150","Cutter Coffey","22","AA","TOR","3B","1017.3","7","Moderate","695","","","631","691","","",""
"1151","Je'Von Ward","26","AAA","TOR","RF","1018.3","5","Tight","1031","","","","770","","",""
"1152","Max Wagner","24","AA","TEX","3B","1019.6","7","Moderate","670","","","683","1358","","",""
"1153","Carlos Sanchez","","","MIA","3B","1019.8","6","Split","684","","","","2136","","",""
"1154","Johnny Ascanio","22","AAA","CIN","2B","1019.9","7","Moderate","1008","","","292","1282","","",""
"1155","Javier Osorio","21","A","DET","3B","1020.0","6","Tight","1028","","","1152","1046","","",""
"1156","Zach Kokoska","27","AA","COL","1B","1022.5","4","Split","1404","","","","1011","","",""
"1157","Caden Connor","25","AAA","CHW","LF","1026.7","6","Tight","1188","","","1132","1137","","",""
"1158","Nic Kent","26","AAA","COL","3B","1027.3","6","Split","1086","","","941","2170","","",""
"1159","Edwin Amparo","21","A+","BAL","2B","1027.5","7","Moderate","997","","","955","1344","","",""
"1160","Carter Garate","22","AAA","TEX","3B","1027.8","6","Moderate","1455","","","492","850","","",""
"1161","Victor Acosta","22","A+","CIN","2B","1027.9","7","Split","1081","","","703","1632","","",""
"1162","Ethan Conrad","21","A","CHC","CF","1028.6","5","Split","1270","","","1205","1174","","","92"
"1163","Junior Barajas","21","A","SFG","P","1031.0","5","Moderate","742","","","1043","1615","","",""
"1164","Cal Stevenson","29","MLB","FA","CF","1031.3","4","Moderate","1388","","","","507","","",""
"1165","Kenedy Corona","26","MLB","NYY","CF","1031.8","5","Moderate","1276","","","","1310","","",""
"1166","George Valera","25","MLB","CLE","DH","1032.5","7","Moderate","1109","","","989","268","","",""
"1167","Juan Ortega","20","A","BAL","C","1033.5","6","Tight","1041","","","919","698","","",""
"1168","Tucker Flint","25","AAA","LAA","RF","1034.1","7","Tight","990","","","1012","898","","",""
"1169","Enyervert Perez","20","A","ARI","1B","1034.9","7","Split","542","","","1013","1672","","",""
"1170","Zach Rogacki","22","A","COL","C","","2","","","","","","971","","",""
"1171","Anthony Stephan","23","A+","CIN","LF","","3","","","","","","1117","","",""
"1172","Engelth Urena","21","A+","NYY","1B","1035.6","7","Tight","841","","","1140","1157","","",""
"1173","Lucas Ramirez","20","A+","LAA","RF","1035.6","8","Split","786","","","1123","1733","","",""
"1174","Edgar Montero","19","A","ATH","SS","1035.8","8","Split","579","","","772","2004","","",""
"1175","Deinys Gonzalez","19","CPX","TBR","C","","1","","","","","","1036","","",""
"1176","Kelvin Hidalgo","21","A+","COL","SS","1036.4","7","Split","924","","","830","2084","","",""
"1177","Yerlin Confidan","23","AA","CIN","RF","1037.8","7","Moderate","943","","","784","1428","","",""
"1178","Phillip Sikes","27","AAA","BOS","RF","","1","","","","","","1038","","",""
"1179","Eduardo Garcia","23","AAA","MIL","SS","1038.5","7","Moderate","1061","","","769","1352","","",""
"1180","Justin Connell","27","AA","MIN","LF","","1","","","","","","1039","","",""
"1181","German Ramirez","19","A","HOU","SS","1039.3","7","Moderate","647","","","951","1396","","",""
"1182","Lizandro Rodriguez","23","A+","TOR","2B","","1","","","","","","1040","","",""
"1183","Cole Messina","23","AA","COL","C","1041.6","7","Moderate","872","","","544","1552","","",""
"1184","Ivan Brethowr","23","AA","PIT","RF","1041.6","7","Moderate","897","","","610","1295","","",""
"1185","Brando Mayea","20","A","NYY","CF","1042.4","7","Moderate","669","","","1120","1079","","",""
"1186","Jud Fabian","25","AAA","BAL","CF","1042.9","7","Moderate","953","","","1033","619","","",""
"1187","Ben McLaughlin","24","AA","ARI","1B","1043.3","7","Moderate","1344","","","829","1431","","",""
"1188","Griff O'Ferrall","23","AA","BAL","SS","1043.4","7","Moderate","1104","","","753","1761","","",""
"1189","Aeverson Arteaga","23","AAA","SFG","SS","1043.9","7","Split","735","","","665","1604","","",""
"1190","Danny De Andrade","22","A+","MIN","3B","1044.6","7","Moderate","1091","","","1103","1175","","",""
"1191","Davis Wendzel","29","MLB","CIN","SS","","3","","1511","","","","613","","",""
"1192","Eli Pitts","19","CPX","CIN","CF","","1","","","","","","1045","","",""
"1193","GJ Hill","25","AA","COL","RF","1046.0","7","Moderate","1218","","","1195","1167","","",""
"1194","Anyelo Marquez","20","A","LAA","2B","1046.1","7","Split","901","","","1142","1754","","",""
"1195","Quincy Scott","23","A+","TEX","1B","1046.6","7","Tight","1246","","","974","1323","","",""
"1196","Dyan Jorge","23","AA","COL","SS","1047.0","7","Split","702","","","642","2110","","",""
"1197","Ryland Zaborowski","24","A","LAA","1B","1047.0","6","Moderate","1257","","","1360","1022","","",""
"1198","Kaden Hopson","25","AAA","LAA","DH","","2","","","","","","351","","",""
"1199","Victor Duarte","25","AAA","SDP","2B","1048.1","7","Split","1382","","","668","1749","","",""
"1200","Jordan Groshans","26","MLB","ATH","3B","1048.5","4","Tight","868","","","","1105","","",""
"1201","DaShawn Keirsey Jr.","29","MLB","ATL","RF","1049.8","4","Split","1708","","","","1283","","",""
"1202","Tom Poole","23","A+","TBR","CF","1049.8","6","Moderate","1156","","","992","1629","","",""
"1203","Bryce Arnold","24","AAA","TOR","2B","","1","","","","","","1050","","",""
"1204","Quincy Hamilton","28","AAA","HOU","RF","","1","","","","","","1051","","",""
"1205","Caleb Roberts","26","AA","MIN","LF","1051.1","6","Split","1330","","","698","1289","","",""
"1206","Manni Ramirez","19","CPX","TEX","RF","","2","","","","","","941","","",""
"1207","Kale Fountain","20","A","SDP","1B","1052.8","6","Moderate","929","","","1228","970","","",""
"1208","Johnny Olmstead","25","AAA","MIA","SS","1052.9","6","Tight","1122","","","996","823","","",""
"1209","Jose Colmenares","24","AA","CHW","2B","1053.4","7","Moderate","1288","","","1263","1168","","",""
"1210","Adrian Placencia","23","AA","LAA","2B","1053.4","7","Moderate","1065","","","1111","575","","",""
"1211","Wilme Mora","23","CPX","CHC","P","","1","","","","","","1054","","",""
"1212","Miguel Palma","24","AAA","NYY","C","1054.5","7","Tight","947","","","595","910","","",""
"1213","Santiago Camacho","19","CPX","SFG","1B","","1","","","","","","1055","","",""
"1214","Ethan Hedges","22","A+","COL","3B","1055.2","6","Split","856","","","893","1783","","",""
"1215","Jesus Lopez","21","A","TEX","C","","2","","","","","","1015","","",""
"1216","Jorge Ruiz","22","A+","LAA","LF","1055.6","7","Moderate","822","","","843","1654","","",""
"1217","Cesar Hernandez","23","A+","HOU","LF","1055.7","7","Moderate","1282","","","1172","1764","","",""
"1218","Mario Gomez","23","AAA","OAK","C","","1","","","","","","1056","","",""
"1219","Alexis Hernandez","21","A+","CHC","2B","1056.9","7","Moderate","753","","","1390","1828","","",""
"1220","Seth Beer","29","MLB","PHI","1B","","1","","","","","","1057","","",""
"1221","Givian Sirvania","18","A","BOS","3B","1059.0","6","Moderate","827","","","662","800","","",""
"1222","Cody Morissette","26","AAA","MIN","2B","1059.3","5","Split","755","","","","1706","","",""
"1223","Jacob Walsh","23","A+","WSN","1B","1059.3","6","Moderate","955","","","956","1740","","",""
"1224","Browm Martinez","19","CPX","WSN","LF","","1","","","","","","1061","","",""
"1225","Cole Gabrielson","25","AAA","NYY","LF","1061.3","6","Tight","1271","","","883","973","","",""
"1226","Calvin Harris","24","AA","CHW","C","1062.7","7","Moderate","938","","","590","1745","","",""
"1227","Darlyn De Leon","21","A","CHC","CF","1063.2","6","Tight","1030","","","1092","1152","","",""
"1228","Jesus Freitez","20","A","COL","C","1063.5","6","Moderate","835","","","904","1688","","",""
"1229","Nathan Hickey","26","AAA","BOS","1B","1064.0","5","Moderate","1337","","","","483","","",""
"1230","Miguel Ugueto","23","AA","STL","CF","1065.4","7","Moderate","1097","","","924","1758","","",""
"1231","Jack Moss","24","A+","HOU","1B","1066.1","7","Split","957","","","1031","2213","","",""
"1232","Erick De La Cruz","19","CPX","ARI","CF","","1","","","","","","1067","","",""
"1233","Jamari Baylor","25","A+","NYM","SS","1067.9","7","Moderate","1504","","","1196","1072","","",""
"1234","Manuel Beltre","22","A+","TOR","SS","1068.0","7","Split","925","","","935","1827","","",""
"1235","Kiko Romero","25","AA","NYY","1B","","1","","","","","","1069","","",""
"1236","Juan Benjamin","23","AAA","CLE","3B","1070.6","7","Moderate","1161","","","624","1546","","",""
"1237","Nixon Chirinos","20","A","MIA","C","1072.0","6","Tight","795","","","817","1292","","",""
"1238","Ricardo Gonzalez","21","A+","TBR","SS","1073.5","7","Tight","928","","","861","1576","","",""
"1239","Logan Braunschweig","23","AA","ATL","LF","1074.2","7","Moderate","1141","","","921","1871","","",""
"1240","Henniel Alcala","20","A","CHC","C","1074.8","4","Moderate","1004","","","","1060","","",""
"1241","Myles Naylor","21","A+","ATH","3B","1074.8","7","Split","846","","","834","2068","","",""
"1242","Cesar Lugo","19","CPX","CHC","LF","","1","","","","","","1075","","",""
"1243","Adam Zebrowski","25","AAA","ATL","C","1075.6","7","Tight","840","","","885","1019","","",""
"1244","Zach Levenson","24","AA","STL","CF","1075.9","7","Tight","1150","","","892","1131","","",""
"1245","Alex Stone","24","AAA","TOR","C","1076.1","6","Tight","1281","","","536","1073","","",""
"1246","Matthew Boughton","20","A","CHW","SS","1077.2","6","Moderate","1139","","","944","1523","","",""
"1247","Anson Aroz","23","A+","LAD","LF","1077.3","6","Tight","894","","","1060","1533","","",""
"1248","Damon Keith","26","AA","MIL","RF","1077.4","6","Tight","892","","","1066","1280","","",""
"1249","Giaconino Lasaracina","22","A","TOR","C","1079.8","6","Tight","992","","","1206","1370","","",""
"1250","Luis Pino","22","A+","STL","LF","1080.1","7","Moderate","1308","","","1015","1477","","",""
"1251","Maxwell Romero Jr.","25","AAA","WSN","C","1080.6","7","Moderate","639","","","637","1571","","",""
"1252","Tyler Gentry","27","MLB","DET","RF","1081.3","4","Tight","1163","","","","817","","",""
"1253","Leonel Espinoza","23","A+","CHC","CF","1081.6","7","Moderate","1159","","","1087","1501","","",""
"1254","Jose De Jesus","21","A","TEX","CF","","1","","","","","","1082","","",""
"1255","Mason Guerra","23","A+","ATL","1B","1082.3","7","Tight","860","","","1003","1453","","",""
"1256","Greg Jones","28","MLB","FA","RF","1082.4","4","Split","1550","","","","1199","","",""
"1257","Josh Moylan","23","AA","NYY","1B","1082.6","7","Moderate","873","","","1035","1166","","",""
"1258","Hyungchan Um","22","A+","KCR","C","1083.3","7","Tight","1328","","","649","1420","","",""
"1259","Jonathan Rangel","19","CPX","MIL","1B","","1","","","","","","1086","","",""
"1260","Samuel Gil","21","A+","DET","2B","1086.6","7","Moderate","777","","","732","1734","","",""
"1261","Danandres Colon","19","CPX","DET","OF","","1","","","","","","1087","","",""
"1262","Bryan Ramos","24","MLB","BAL","3B","1087.9","7","Moderate","1126","","","939","667","","",""
"1263","Ethan Wagner","20","CPX","HOU","CF","","1","","","","","","1088","","",""
"1264","Trevor Hauver","27","AAA","TEX","LF","1093.6","4","Tight","1190","","","","1156","","",""
"1265","Jorge Julio","19","CPX","PHI","RF","","1","","","","","","1094","","",""
"1266","Kade Snell","23","A+","CHC","LF","1094.0","7","Tight","1207","","","1168","1512","","",""
"1267","Derek Cerda","23","A+","CHW","CF","1094.7","6","Moderate","1513","","","773","1335","","",""
"1268","Willie MacIver","29","MLB","ATH","C","1094.9","4","Split","1571","","","","917","","",""
"1269","Ezequiel Pagan","25","AA","LAD","RF","","1","","","","","","1095","","",""
"1270","Haritzon Castillo","18","CPX","MIN","SS","","1","","","","","","1096","","",""
"1271","Luis Hernandez","23","AAA","MIN","1B","1096.0","7","Split","1480","","","686","875","","","30"
"1272","Duke Ellis","28","MLB","NYY","LF","1096.1","4","Split","1693","","","","1361","","",""
"1273","Jeremy Rodriguez","19","A","NYM","SS","1096.1","7","Tight","881","","","842","1043","","",""
"1274","Henry Ramos","21","A","KCR","RF","1097.1","7","Split","1129","","","1280","2039","","",""
"1275","Anthony Prato","28","AAA","MIN","2B","","1","","","","","","1099","","",""
"1276","Ryan Bliss","26","MLB","SEA","2B","1099.2","5","Split","1178","","","","1009","","",""
"1277","Carlos Monteverde","20","A","ATL","1B","","1","","","","","","1102","","",""
"1278","Kyle Walker","23","A+","HOU","2B","1103.5","6","Split","1191","","","1016","2122","","",""
"1279","Dervy Ventura","22","A","SEA","2B","1104.4","7","Split","1144","","","1342","1803","","",""
"1280","Kenny Piper","27","AAA","TBR","C","1104.6","4","Moderate","1389","","","","843","","",""
"1281","Nelson Quiroz","24","AA","LAD","C","1105.4","4","Moderate","","","","","956","","",""
"1282","Omar Hernandez","24","AA","KCR","C","1106.6","7","Split","978","","","799","2480","","",""
"1283","Ryan Nicholson","25","AAA","LAA","1B","1106.6","7","Tight","1258","","","1044","835","","",""
"1284","Harold Coll","24","AA","LAA","3B","1107.2","7","Moderate","1075","","","1188","1410","","",""
"1285","Modeifi Marte","23","A+","ARI","1B","1107.9","7","Moderate","935","","","1119","1774","","",""
"1286","Luke Davis","23","A+","PHI","1B","1108.0","7","Moderate","1214","","","874","1519","","",""
"1287","Coco Montes","29","MLB","TBR","2B","","1","","","","","","1109","","",""
"1288","Kevin Verde","20","AA","NYY","SS","1109.8","6","Split","956","","","463","1118","","",""
"1289","Avery Owusu-Asiedu","23","A+","ARI","LF","1111.6","7","Moderate","1265","","","1159","1465","","",""
"1290","Lisandro Sanchez","18","CPX","BAL","CF","","1","","","","","","1114","","",""
"1291","Hayden Gilliland","24","AA","LAD","C","1114.6","7","Moderate","772","","","645","1532","","",""
"1292","Blake Rambusch","26","AAA","SEA","2B","1115.0","5","Tight","1222","","","","1258","","",""
"1293","Trenton Brooks","30","MLB","SDP","DH","","3","","","","","","905","","",""
"1294","Ben Wilmes","23","CPX","COL","2B","","1","","","","","","1116","","",""
"1295","Bryson Ware","25","AA","PHI","RF","1117.1","7","Moderate","991","","","1143","1692","","",""
"1296","Brandon Jaime","21","CPX","CIN","C","","1","","","","","","1120","","",""
"1297","Jeremiah Jenkins","23","A","SFG","1B","1121.0","7","Moderate","995","","","1298","1606","","",""
"1298","Yanki Jean-Baptiste","21","A","CLE","1B","","1","","","","","","1121","","",""
"1299","Luis Suisbel","23","A+","SEA","3B","1121.9","7","Moderate","1334","","","1198","978","","",""
"1300","Joan Delgado","21","CPX","CHC","RF","","1","","","","","","1122","","",""
"1301","Daniel Vazquez","22","AA","KCR","SS","1122.7","7","Moderate","785","","","762","1703","","",""
"1302","Victor Cardoza","20","A","PHI","CF","1123.2","6","Split","605","","","1061","1976","","",""
"1303","Sebastian Cadiz","20","CPX","CLE","1B","","1","","","","","","1124","","",""
"1304","Taylor Young","27","AAA","LAD","3B","1125.9","4","Moderate","945","","","","1727","","",""
"1305","Carlos Mendoza","26","AAA","TOR","3B","1127.0","5","Moderate","1092","","","","690","","",""
"1306","Jake Holton","28","AAA","SFG","1B","1127.1","4","Moderate","1609","","","","529","","",""
"1307","Peyton Williams","25","AA","TOR","1B","1127.4","7","Moderate","1236","","","1344","1066","","",""
"1308","Heribert Silva","20","CPX","CLE","CF","","1","","","","","","1128","","",""
"1309","Angel Brachi","19","CPX","MIA","2B","","1","","","","","","1129","","",""
"1310","Bryan Broecker","24","AAA","TBR","C","1129.4","5","Split","1277","","","249","1580","","",""
"1311","Luke Shliger","24","AAA","DET","C","1129.9","7","Moderate","1327","","","541","1374","","",""
"1312","Keyber Rodriguez","25","AAA","TEX","3B","1130.2","7","Moderate","797","","","964","2123","","",""
"1313","Kevin Parada","24","AAA","NYM","C","1130.9","7","Tight","1177","","","1112","985","","",""
"1314","Dorian Soto","18","CPX","BOS","SS","","2","","","","","","1970","","",""
"1315","Yeiker Reyes","20","A","COL","CF","1131.6","7","Moderate","642","","","891","2033","","",""
"1316","Jeffrey Mercedes","21","A+","CLE","3B","1132.9","7","Moderate","949","","","879","1699","","",""
"1317","Francisco Loreto","19","CPX","PIT","3B","","1","","","","","","1133","","",""
"1318","Raymond Mola","20","A","PIT","1B","1133.0","5","Split","1366","","","","1372","","",""
"1319","Yoiber Ocopio","21","A","SDP","C","1134.6","7","Moderate","983","","","976","2010","","",""
"1320","Josue Demey","19","CPX","LAA","C","","1","","","","","","1138","","",""
"1321","Derek Berg","24","AAA","PIT","C","1139.0","7","Moderate","862","","","887","1591","","",""
"1322","Victor Rodrigues","21","A+","LAD","C","1139.4","7","Tight","1012","","","791","1371","","",""
"1323","Alcides Hernandez","21","A","SDP","DH","1140.4","5","Moderate","1093","","","968","1538","","",""
"1324","Andrews Opata","22","A","BOS","CF","1141.5","6","Moderate","1184","","","1186","1877","","",""
"1325","Cristian Santana","22","A+","DET","3B","1142.0","7","Tight","1137","","","973","700","","",""
"1326","Jared Oliva","30","MLB","MIL","RF","","2","","","","","","593","","",""
"1327","Tavano Baker","19","CPX","BOS","LF","","1","","","","","","1142","","",""
"1328","Franco Zabaleta","19","CPX","ATH","SS","","1","","","","","","1143","","",""
"1329","Rylan Galvan","23","A+","CHW","C","1143.3","6","Split","1435","","","776","1911","","",""
"1330","Yeuni Munoz","22","A","TOR","RF","","1","","","","","","1144","","",""
"1331","Jakson Reetz","30","MLB","NYM","C","","3","","","","","","913","","",""
"1332","Hector Salas","22","AA","HOU","2B","1145.6","7","Split","1434","","","416","2018","","",""
"1333","Julio Henriquez","21","A","MIA","1B","1146.4","7","Tight","964","","","1090","1273","","",""
"1334","Kole Myers","25","AA","LAD","LF","1146.6","7","Moderate","1142","","","1218","1449","","",""
"1335","Diego Flores","19","CPX","NYY","1B","","1","","","","","","1149","","",""
"1336","Chandler Pollard","22","A+","TEX","SS","1149.6","7","Split","1157","","","946","2067","","",""
"1337","CJ Hughes","18","CPX","MIL","SS","","2","","","","","","1867","","",""
"1338","Colin Barber","25","AAA","HOU","RF","","1","","","","","","1151","","",""
"1339","Dayan Frias","24","AAA","CLE","3B","1151.9","7","Moderate","1267","","","832","1548","","",""
"1340","Connor Charping","27","AA","SEA","C","1152.9","4","Tight","1043","","","","1216","","",""
"1341","Justin Stransky","23","A+","CHC","C","1153.0","6","Moderate","1266","","","998","1685","","",""
"1342","Jaeden Calderon","20","A","PHI","1B","1153.3","6","Moderate","1165","","","1244","1401","","",""
"1343","Bryan Gonzalez","20","A+","LAD","1B","1154.2","5","Split","1196","","","743","1869","","",""
"1344","Garrett Spain","25","AAA","MIN","RF","1154.3","7","Tight","1189","","","1187","1490","","",""
"1345","Jose Monzon","20","A","TBR","3B","1155.4","7","Moderate","1072","","","911","1760","","",""
"1346","Antonio Jimenez","22","A+","NYM","RP","1156.0","6","Moderate","1322","","","1028","1763","","",""
"1347","Jose Cordoba","23","AA","STL","RF","1156.3","6","Tight","1044","","","1004","1362","","",""
"1348","Matthew Ellis","25","A+","SEA","C","1157.0","6","Tight","1014","","","1182","1196","","",""
"1349","Carlos Pacheco","21","AA","ATH","RF","1157.8","7","Moderate","1088","","","556","1651","","",""
"1350","Rafael Flores","19","CPX","TOR","1B","","1","","","","","","1159","","",""
"1351","Lamar King Jr.","22","A+","SDP","C","1159.2","7","Tight","1113","","","1116","1405","","",""
"1352","J.P. Cabrera","19","A","STL","C","","3","","","","","","1363","","",""
"1353","Onil Perez","23","AA","SFG","C","1160.9","7","Tight","1096","","","785","1337","","",""
"1354","Alex De Jesus","24","AA","TOR","3B","","1","","","","","","1161","","",""
"1355","Jared Sprague-Lott","24","A+","ATH","2B","1161.3","7","Split","1345","","","1113","2202","","",""
"1356","Cristhian Vaquero","21","A+","WSN","CF","1161.8","7","Moderate","1143","","","1170","983","","",""
"1357","Grant Jay","22","A","SEA","C","1162.3","6","Tight","837","","","1312","1450","","",""
"1358","Paul McIntosh","28","AAA","PHI","C","1162.5","4","Moderate","1533","","","","549","","",""
"1359","Brendan Tunink","20","A","LAD","CF","1162.7","7","Moderate","778","","","1093","1850","","",""
"1360","Johan Macias","23","AAA","LAA","2B","1163.1","7","Split","1319","","","701","1902","","",""
"1361","Jonathan Linares","21","A","LAA","C","1163.2","6","Tight","1148","","","1084","1325","","",""
"1362","Matt Scannell","24","AA","TOR","CF","1164.7","6","Moderate","1623","","","983","1389","","",""
"1363","Rashawn Pinder","19","CPX","TEX","CF","","1","","","","","","1165","","",""
"1364","Jack Moroknek","23","A+","WSN","RF","1165.5","6","Split","1297","","","953","1938","","",""
"1365","Duncan Pastore","26","AAA","NYY","2B","","3","","1296","","","","804","","",""
"1366","Jonathan Hogart","24","A","PHI","RF","1166.5","6","Moderate","1417","","","1343","1275","","",""
"1367","James Quinn-Irons","23","A","TBR","RF","","3","","","","","","1804","","",""
"1368","Will Verdung","23","AA","ATL","1B","1167.5","7","Moderate","1176","","","740","1689","","",""
"1369","Jack Hurley","24","AAA","ARI","CF","1168.9","7","Split","1307","","","967","1707","","",""
"1370","Jose Ramos","19","CPX","ATH","RF","","1","","","","","","1169","","",""
"1371","Luis Leon","19","A","MIA","CF","1169.0","6","Moderate","1036","","","1348","1314","","",""
"1372","Trevor Haskins","23","A","STL","SS","1169.3","6","Moderate","1250","","","1333","1768","","",""
"1373","Ambioris Tavarez","22","AA","ATL","2B","1170.4","7","Moderate","625","","","763","1436","","",""
"1374","Aidan Redahan","24","A","COL","1B","","2","","","","","","1263","","",""
"1375","Kavares Tears","23","A+","SDP","RF","1172.0","7","Moderate","882","","","1285","1741","","",""
"1376","Tatem Levins","27","AAA","TBR","C","1172.5","4","Tight","1335","","","","927","","",""
"1377","Cameron Leary","24","AA","ATH","LF","1173.6","7","Split","1145","","","1085","2028","","",""
"1378","David Calabrese","23","AA","LAA","LF","1174.0","7","Tight","1084","","","895","1236","","",""
"1379","Wuilfredo Antunez","24","AA","PHI","RF","1174.1","7","Moderate","1461","","","1210","651","","",""
"1380","Nazzan Zanetello","21","A+","BOS","2B","","3","","","","","","1299","","",""
"1381","Zander Darby","23","A+","SFG","2B","1176.0","7","Moderate","863","","","1165","1903","","",""
"1382","Hector Ramos","18","CPX","BOS","SS","","1","","","","","","1177","","",""
"1383","Zach Cole","25","MLB","HOU","RF","1177.6","8","Split","1593","","","1386","191","","",""
"1384","John Lopez","20","CPX","KCR","2B","","1","","","","","","1179","","",""
"1385","Ronaldo Hernandez","28","AAA","NYY","C","","1","","","","","","1180","","",""
"1386","Matt Halbach","23","A+","CHC","1B","1181.1","7","Tight","1295","","","1131","1399","","",""
"1387","Kevin Garcia","18","A","MIL","C","1181.2","6","Moderate","711","","","854","1026","","",""
"1388","Ramon Rodriguez","27","AAA","MIL","C","1181.5","4","Tight","1348","","","","976","","",""
"1389","Jheremy Vargas","23","AAA","MIL","2B","1182.1","7","Moderate","1244","","","505","1894","","",""
"1390","Jose Devers","23","AA","CLE","2B","1182.8","7","Moderate","961","","","750","1720","","",""
"1391","Evan Edwards","29","AAA","LAA","1B","","1","","","","","","1183","","",""
"1392","Ramon Landaeta","20","A","ATH","C","1186.3","6","Moderate","877","","","933","1781","","",""
"1393","Bo Walker","20","A","ARI","LF","1186.5","6","Split","871","","","1024","2265","","",""
"1394","Wooyeoul Shin","24","A","TBR","1B","","1","","","","","","1187","","",""
"1395","Sam Robertson","21","A","NYM","3B","1187.3","6","Moderate","849","","","1157","1964","","",""
"1396","Aaron Bracho","25","AA","LAD","3B","","1","","","","","","1188","","",""
"1397","Lorenzo Meola","22","A","SFG","2B","1188.0","6","Split","940","","","1274","2256","","",""
"1398","Rafael Escalante","24","CPX","MIN","3B","","1","","","","","","1189","","",""
"1399","Jayden Kim","19","A","PIT","2B","","3","","","","","","863","","",""
"1400","Freiker Betencourt","17","CPX","CHC","CF","","1","","","","","","1190","","",""
"1401","Eddie Park","24","AAA","CHW","CF","1190.3","6","Tight","1146","","","1307","802","","",""
"1402","Brennan Milone","25","AAA","ATH","1B","1191.5","7","Moderate","1046","","","1055","989","","",""
"1403","Brock Jones","25","AAA","TBR","RF","1191.7","7","Split","1306","","","1332","728","","",""
"1404","Eddie Rynders","20","A","PIT","3B","1193.3","6","Split","540","","","1067","2100","","",""
"1405","Luis Ariza","22","AA","TBR","SS","","1","","","","","","1194","","",""
"1406","Clayton Campbell","22","A+","DET","1B","1195.2","7","Split","708","","","1036","2176","","",""
"1407","Eliezer Alfonzo","26","MLB","LAD","C","1195.3","4","Tight","1026","","","","1600","","",""
"1408","Jose Ramos","25","AAA","NYM","RF","1195.4","7","Moderate","1055","","","1207","840","","",""
"1409","Wilfred Veras","23","AA","CHW","RF","1196.2","6","Split","876","","","1097","304","","",""
"1410","Omar Martinez","24","MLB","LAA","C","1197.3","6","Moderate","1079","","","1074","650","","",""
"1411","Kervin Pichardo","24","AAA","PIT","3B","1198.0","7","Tight","898","","","1025","1049","","",""
"1412","Rayne Doncon","22","A+","MIN","3B","1198.8","7","Split","1545","","","1304","1076","","",""
"1413","Fernando Cruz","19","A","CHC","RP","","3","","","","","","1154","","",""
"1414","Jesus Bastidas","27","AAA","MIA","2B","1199.0","4","Moderate","1531","","","","943","","",""
"1415","Jair Camargo","26","MLB","FA","C","1199.6","4","Moderate","1493","","","","739","","",""
"1416","Jose D. Hernandez","23","A+","LAD","1B","1199.8","6","Tight","1391","","","1071","1556","","",""
"1417","Josmir Reyes","19","CPX","NYM","C","","1","","","","","","1200","","",""
"1418","Joe Lampe","25","AAA","CLE","LF","1200.1","7","Moderate","1408","","","1127","1221","","",""
"1419","Mason Lytle","25","AA","HOU","CF","1200.4","5","Moderate","1549","","","766","1025","","",""
"1420","Bryan Andrade","21","A","ATH","3B","1201.7","7","Moderate","980","","","1155","2047","","",""
"1421","Yosneiker Rivas","20","A","SFG","2B","1202.8","4","Moderate","889","","","","1585","","",""
"1422","Cameron Nickens","22","A+","STL","LF","1204.3","6","Split","975","","","1167","2178","","",""
"1423","Matt Lloyd","30","AAA","BOS","1B","","3","","","","","","1052","","",""
"1424","Miguel Useche","25","AA","CHC","C","1205.3","6","Moderate","1287","","","952","1599","","",""
"1425","Jacob Sharp","24","AA","TOR","C","1205.9","7","Moderate","967","","","659","1799","","",""
"1426","Kleiver Chauran","20","CPX","TBR","2B","","1","","","","","","1207","","",""
"1427","Jean Walters","24","AAA","ARI","2B","1208.3","7","Split","1232","","","819","2349","","",""
"1428","Clayton Gray","24","A+","COL","LF","1208.8","6","Split","1462","","","1130","1933","","",""
"1429","Dexters Peralta","18","CPX","NYY","SS","","1","","","","","","1209","","",""
"1430","Andrew Cossetti","26","AA","MIN","C","1209.1","5","Moderate","1374","","","","876","","",""
"1431","Tanner Schobel","25","AAA","MIN","3B","1209.7","7","Tight","1187","","","923","1510","","",""
"1432","Chris Brito","26","AAA","KCR","1B","1209.8","4","Tight","1226","","","","1014","","",""
"1433","Maykel Minoso","20","A","TOR","C","","1","","","","","","1210","","",""
"1434","Shalin Polanco","22","AA","PIT","LF","1210.6","7","Split","1279","","","855","1810","","",""
"1435","Yoyner Fajardo","27","AAA","SEA","RF","","1","","","","","","1213","","",""
"1436","Javier Rivas","23","AA","PIT","SS","1213.8","7","Moderate","1018","","","1057","1972","","",""
"1437","Diomedes Hernandez","21","AA","NYY","C","","2","","","","","","797","","",""
"1438","Parker Coddou","24","CPX","COL","SS","","1","","","","","","1214","","",""
"1439","Shawn Ross","","","PIT","C","","3","","","","","","1093","","",""
"1440","Stone Russell","22","AAA","KCR","1B","1218.1","7","Split","1501","","","255","2043","","",""
"1441","Elvin Garcia","19","A","BAL","SS","1218.3","6","Split","564","","","849","1968","","",""
"1442","Logan Sauve","22","A+","ATH","C","1218.3","6","Moderate","1399","","","746","1609","","",""
"1443","Luis Rives","21","CPX","HOU","LF","","1","","","","","","1219","","",""
"1444","Christofer Reyes","18","A","NYY","2B","1219.4","5","Moderate","886","","","","1042","","",""
"1445","Ronny Ugarte","21","A","COL","1B","","2","","","","","","1412","","",""
"1446","Jack Payton","24","AA","SFG","C","1220.7","7","Moderate","926","","","1042","1794","","",""
"1447","Angel Del Rosario","23","AA","MIN","3B","","1","","","","","","1222","","",""
"1448","Ryan Ignoffo","25","AA","MIA","C","1222.4","6","Split","1274","","","1232","1276","","",""
"1449","Sam Brown","24","AA","WSN","1B","1223.4","7","Moderate","888","","","1007","934","","",""
"1450","Ruben Ibarra","27","AA","CIN","1B","1225.1","4","Tight","1528","","","","1126","","",""
"1451","Ethan Workinger","24","AA","ATL","RF","1225.8","6","Moderate","1073","","","1006","825","","",""
"1452","Sam Biller","23","AAA","NYM","LF","1226.0","6","Moderate","1339","","","898","1874","","",""
"1453","Gavin Turley","22","A+","ATH","RF","1226.1","8","Split","1552","","","958","2162","","",""
"1454","Harry Genth","23","AAA","MIN","SS","1226.7","6","Split","1564","","","504","1202","","",""
"1455","Darwin De Leon","22","CPX","HOU","2B","","1","","","","","","1229","","",""
"1456","Peyton Wilson","26","AAA","KCR","2B","1230.6","5","Tight","1203","","","","1368","","",""
"1457","Yeiner Fernandez","23","AA","LAD","C","","3","","","","","","702","","",""
"1458","Edgardo Ordonez","22","AA","MIL","C","","2","","","","","","883","","",""
"1459","Enderson Delgado","21","A+","DET","C","1232.6","5","Moderate","","","","","1541","","",""
"1460","Bennett Hostetler","28","AAA","MIA","C","","2","","","","","","1516","","",""
"1461","Frank Rodriguez","24","AAA","LAD","C","1234.1","7","Moderate","839","","","804","1960","","",""
"1462","Jake Cook","22","A","TOR","CF","1235.8","6","Split","936","","","1163","2262","","",""
"1463","Franklin Rojas","19","CPX","TOR","C","","1","","","","","","1237","","",""
"1464","Eli Wilson","27","AAA","PIT","C","","1","","","","","","1238","","",""
"1465","Luke Scherrer","21","A+","PIT","1B","1238.1","7","Moderate","1106","","","678","1738","","",""
"1466","Dario Laverde","21","A+","LAA","C","","2","","","","","","1320","","",""
"1467","Jefrank Silva","18","CPX","CHW","1B","","1","","","","","","1239","","",""
"1468","Dom Keegan","25","AAA","BAL","C","1239.9","6","Moderate","1217","","","1190","622","","",""
"1469","Sandro Pereira","20","CPX","HOU","2B","","1","","","","","","1240","","",""
"1470","Chris Meyers","27","AA","DET","1B","1240.1","4","Tight","1456","","","","1205","","",""
"1471","Lou Albrecht","24","AAA","PHI","C","","2","","","","","","621","","",""
"1472","Maddox Latta","23","A+","TOR","2B","1240.7","6","Moderate","1094","","","1069","2219","","",""
"1473","Kyle Sinzza","19","A","ARI","2B","1241.8","6","Tight","932","","","1058","1456","","",""
"1474","Cesar Quintas","23","A","SEA","RF","1241.9","7","Moderate","1227","","","1355","2015","","",""
"1475","Jan Luis Reyes","20","A","CHC","LF","","2","","","","","","1652","","",""
"1476","Tony Bullard","26","AAA","MIA","1B","","1","","","","","","1243","","",""
"1477","Santiago Vargas","18","CPX","SDP","SS","","1","","","","","","1244","","",""
"1478","Nick Montgomery","20","A","ATL","C","1245.9","7","Split","648","","","878","2055","","",""
"1479","JoJo Jackson","23","A","NYY","RF","1246.0","6","Split","1219","","","1380","2090","","",""
"1480","Michell Ojeda","19","CPX","PIT","2B","","1","","","","","","1246","","",""
"1481","Nick McLain","23","A+","CHW","CF","1246.0","6","Moderate","1615","","","768","1762","","",""
"1482","Andrew Navigato","28","AAA","DET","SS","1249.8","4","Moderate","1612","","","","1241","","",""
"1483","Devin Mann","29","AAA","KCR","3B","","1","","","","","","1251","","",""
"1484","Tyler Callihan","26","MLB","PIT","LF","1253.0","6","Moderate","1224","","","1321","1178","","",""
"1485","Yoffry Solano","21","A","MIA","2B","1253.3","6","Moderate","1001","","","1008","1775","","",""
"1486","Branny De Oleo","21","A","NYM","3B","1253.6","7","Split","1205","","","1318","2195","","",""
"1487","Jose Perdomo","19","A","ATL","SS","","3","","","","","","1505","","",""
"1488","Homer Bush Jr.","24","AAA","TBR","CF","1255.9","7","Moderate","1042","","","1107","860","","",""
"1489","Jesmaylin Arias","19","CPX","SDP","RF","","1","","","","","","1256","","",""
"1490","Euribiel Angeles","24","AAA","ATH","2B","1256.1","7","Tight","1349","","","918","1528","","",""
"1491","Yonatan Henriquez","21","A+","NYM","CF","1256.1","7","Moderate","1087","","","1215","1613","","",""
"1492","Francisco Urbaez","28","AAA","CIN","2B","1257.0","4","Moderate","1581","","","","1354","","",""
"1493","Adrian Gil","20","A","CHW","1B","1257.2","7","Tight","1302","","","909","1305","","",""
"1494","Griffin Lockwood-Powell","28","AAA","LAD","C","1257.3","4","Tight","1497","","","","1417","","",""
"1495","John Cruz","20","A","MIA","RF","","2","","","","","","1100","","",""
"1496","Ian Moller","23","AA","TEX","C","1257.9","7","Moderate","691","","","858","1856","","",""
"1497","Casey Cook","23","A+","TEX","2B","1258.8","5","Tight","1162","","","1032","1586","","",""
"1498","Elijah Nunez","24","AA","WSN","CF","1259.7","7","Moderate","1496","","","914","2049","","",""
"1499","Jake McCutcheon","22","A+","MIA","LF","1260.2","6","Moderate","1492","","","1105","1789","","",""
"1500","Seth Stephenson","25","AA","DET","RF","1260.2","7","Moderate","1347","","","1077","1230","","",""
"1501","Conner Capel","29","MLB","ATL","RF","","3","","1762","","","","1225","","",""
"1502","Jordan Sprinkle","25","AA","CHW","LF","1262.8","7","Split","1174","","","1070","2393","","",""
"1503","Rodolfo Duran","28","MLB","SDP","C","","3","","1432","","","","886","","",""
"1504","Brody Moore","25","AAA","STL","2B","1263.8","6","Split","1019","","","1106","2493","","",""
"1505","Yirer Garcia","20","A","TBR","C","1265.7","7","Tight","1338","","","1095","1123","","",""
"1506","Kobe Kato","27","AAA","ATL","2B","","1","","","","","","1267","","",""
"1507","Riley Tirotta","27","AAA","TOR","3B","1267.9","4","Moderate","1628","","","","968","","",""
"1508","Mikey Kane","24","A","CHW","3B","","1","","","","","","1268","","",""
"1509","Ezequiel Pena","19","A","CHC","2B","1269.2","5","Moderate","963","","","","1408","","",""
"1510","Raynel Delgado","26","MLB","MIL","3B","1269.2","5","Tight","1179","","","1227","1342","","",""
"1511","Jake Rucker","26","AAA","MIN","2B","1270.7","5","Tight","1475","","","","1071","","",""
"1512","Cameron Decker","22","A+","LAD","1B","1271.3","7","Moderate","1032","","","1126","1880","","",""
"1513","Luis Almeyda","20","A","BAL","3B","1271.9","6","Split","1444","","","1362","1473","","",""
"1514","Jacob Burke","25","AA","CHW","CF","1272.0","7","Moderate","1231","","","1166","1670","","",""
"1515","George Bilecki","22","A","SDP","RF","1272.2","6","Split","1353","","","1323","2097","","",""
"1516","Eric Rataczak","25","AA","MIA","RF","","2","","","","","","1662","","",""
"1517","Justice Bigbie","27","AAA","DET","RF","1273.3","4","Tight","1371","","","","1378","","",""
"1518","Caleb Bartolero","26","AA","LAA","3B","1273.5","5","Moderate","1505","","","","1730","","",""
"1519","Jake Thompson","28","AA","LAA","3B","","3","","1601","","","","1395","","",""
"1520","Michael Hallquist","24","A+","CHC","2B","1275.5","4","Tight","1259","","","1255","1578","","",""
"1521","AJ Soldra","22","A","LAD","LF","1277.0","6","Split","986","","","1324","2102","","",""
"1522","Geuri Lubo","22","A+","CHC","RF","1278.2","6","Moderate","1313","","","814","1674","","",""
"1523","Jesus Galiz","22","A+","LAD","C","1278.6","6","Moderate","1183","","","1086","1735","","",""
"1524","Branden Boissiere","26","AA","WSN","1B","1278.6","5","Split","668","","","","2041","","",""
"1525","Michael Turner","27","AAA","CHW","C","1278.6","4","Tight","1264","","","","1610","","",""
"1526","Juan Tomas","18","CPX","CHC","SS","","1","","","","","","1279","","",""
"1527","Adam Fogel","27","AA","CHW","RF","","3","","1411","","","","1081","","",""
"1528","Blake Wright","24","A+","COL","3B","","2","","","","","","1851","","",""
"1529","Aidan Longwell","24","AA","COL","1B","1280.5","7","Moderate","1045","","","1151","1930","","",""
"1530","Sheng-En Lin","20","CPX","CIN","DH","","1","","","","","","1281","","",""
"1531","Rafhlmil Torres","20","A","CIN","2B","1281.3","7","Tight","954","","","1096","1640","","",""
"1532","Mathieu Vallee","25","AA","TOR","OF","1281.8","5","Tight","1515","","","1048","1125","","",""
"1533","Rhylan Thomas","26","MLB","SEA","RF","1282.6","5","Split","1395","","","1229","1917","","",""
"1534","Teo Banks","22","A+","WSN","CF","1282.7","7","Moderate","1082","","","1200","2229","","",""
"1535","Ryan McCrystal","23","AA","CIN","C","1282.8","7","Split","1048","","","930","2315","","",""
"1536","Juan Baez","21","A+","MIL","3B","1284.6","7","Tight","1318","","","913","1616","","",""
"1537","Mike Antico","28","AAA","COL","LF","1285.0","4","Split","1755","","","","1387","","",""
"1538","Shai Robinson","22","A","MIN","2B","","1","","","","","","1285","","",""
"1539","Austin Machado","25","AA","ATL","C","1285.6","5","Moderate","1560","","","822","867","","",""
"1540","Oswaldo Osorio","21","A","LAD","2B","1285.9","7","Moderate","803","","","1023","2147","","",""
"1541","Jeremy De La Rosa","24","AA","WSN","RF","","1","","","","","","1287","","",""
"1542","Dalton Shuffield","27","AAA","MIN","CF","","1","","","","","","1288","","",""
"1543","Daniel Lopez","20","A","KCR","CF","1289.3","6","Moderate","1422","","","1275","1483","","",""
"1544","Jack Mathey","22","AAA","SDP","C","","1","","","","","","1290","","",""
"1545","PJ Morlando","21","A","MIA","LF","1290.1","7","Tight","916","","","1134","1584","","",""
"1546","Eduardo Lopez","24","A+","PHI","1B","","1","","","","","","1291","","",""
"1547","Kyle Henley","21","A+","CIN","CF","1291.7","7","Split","921","","","724","2175","","",""
"1548","Camden Troyer","23","A+","NYY","RF","1291.8","6","Moderate","1272","","","1137","2077","","",""
"1549","Jeremy Ciriaco","19","A","COL","CF","1293.4","7","Moderate","781","","","942","2154","","",""
"1550","Vincent Perozo","23","AAA","NYM","C","1294.1","7","Split","1193","","","852","2073","","",""
"1551","Felix Morrobel","20","A","LAA","2B","1294.3","6","Tight","1360","","","1262","1355","","",""
"1552","Frederi Montero","19","A","MIL","3B","1294.4","7","Moderate","923","","","961","2000","","",""
"1553","Simon Juan","20","A","NYM","RF","1295.4","7","Moderate","1110","","","1396","1575","","",""
"1554","Rodolfo Nolasco","24","AA","SFG","RF","","1","","","","","","1297","","",""
"1555","Jackson Appel","24","A+","CHW","C","","3","","","","","","1007","","",""
"1556","Raylin Ramos","21","A","BAL","RF","1297.5","7","Moderate","1192","","","1282","1857","","",""
"1557","Agustin Marcano","20","CPX","WSN","C","","1","","","","","","1298","","",""
"1558","Alberto Rios","24","AAA","LAA","C","1298.7","5","Split","1124","","","673","1984","","",""
"1559","Luca Tresh","26","AAA","KCR","C","1298.7","5","Tight","1228","","","","1406","","",""
"1560","Henry Kusiak","25","AAA","MIN","SS","1299.0","6","Moderate","1472","","","908","1660","","",""
"1561","Cristian Jauregui","20","A","PIT","LF","1299.7","6","Tight","1007","","","1147","1619","","",""
"1562","Roderick Flores","19","CPX","MIL","2B","","1","","","","","","1301","","",""
"1563","Sung-Mun Song","29","MLB","SDP","SS","","3","","1710","","","","686","","",""
"1564","Raynerd Ortega","20","A","LAD","2B","","1","","","","","","1304","","",""
"1565","Derik Alcantara","21","A","CHC","LF","1304.2","6","Tight","1603","","","1315","1447","","",""
"1566","Victor Santana","18","A","ARI","3B","","3","","","","","","1141","","",""
"1567","Nikau Pouaka-Grego","21","AA","PHI","2B","1304.9","4","Tight","1201","","","","1085","","",""
"1568","Andrew Jenkins","25","AAA","DET","1B","1306.9","7","Moderate","1221","","","1203","1822","","",""
"1569","Drew Faurot","22","A+","MIA","2B","","3","","1316","","","","894","","",""
"1570","William Lugo","24","AA","NYM","SS","","1","","","","","","1307","","",""
"1571","Brett Auerbach","27","AAA","SFG","2B","","1","","","","","","1308","","",""
"1572","Hemmanuel Rosario","25","AA","HOU","C","","3","","","","","","1106","","",""
"1573","Bralyn Brazoban","19","A","PIT","CF","1308.7","6","Split","746","","","1258","1418","","",""
"1574","Andres Torres","19","CPX","TBR","C","","1","","","","","","1309","","",""
"1575","Austin Gauthier","27","AAA","LAD","2B","1309.1","4","Tight","1532","","","","1346","","",""
"1576","Jose Ramos","23","AAA","SFG","RF","1309.4","7","Moderate","1634","","","1422","1785","","",""
"1577","Matt Rudick","27","AAA","NYM","DH","1309.6","4","Moderate","1626","","","","1482","","",""
"1578","Ricson Gonzalez","21","A+","KCR","C","","3","","","","","","1191","","",""
"1579","Matt Fraizer","28","AAA","BOS","RF","1310.5","4","Split","1606","","","","1531","","",""
"1580","David Mershon","23","AAA","LAA","SS","1310.6","7","Split","1242","","","638","2107","","",""
"1581","Michael Guzman","20","CPX","TEX","3B","","1","","","","","","1311","","",""
"1582","Matt Koperniak","28","AAA","STL","RF","1311.6","4","Moderate","1646","","","","1206","","",""
"1583","Cam Hassert","24","A","COL","1B","1311.8","4","Tight","1269","","","1327","1644","","",""
"1584","Eric Brown Jr.","25","AAA","MIL","2B","1311.9","7","Moderate","1384","","","975","1732","","",""
"1585","Mario Camilletti","27","AAA","CHW","3B","1312.4","4","Tight","1352","","","","1592","","",""
"1586","Jake Reinisch","24","A+","OAK","RF","1313.0","4","Moderate","1293","","","1125","1875","","",""
"1587","Corey Joyce","27","AAA","TEX","2B","1313.4","4","Tight","1583","","","","1111","","",""
"1588","Carson Taylor","27","AAA","SEA","1B","1313.9","4","Moderate","1610","","","","1215","","",""
"1589","Guy Lipscomb","25","AAA","CLE","CF","1314.2","5","Moderate","1407","","","948","1029","","",""
"1590","Jose Monserrate","21","A","MIA","CF","1314.7","6","Tight","1273","","","1197","1498","","",""
"1591","Angel Ramirez","21","A","KCR","LF","1315.2","6","Moderate","1484","","","1216","2052","","",""
"1592","Tucker Mitchell","25","AAA","TEX","C","1315.5","4","Split","710","","","","2051","","",""
"1593","Logan Davidson","28","MLB","LAA","1B","1316.5","4","Moderate","1649","","","","1427","","",""
"1594","Jhoan Peguero","20","CPX","BOS","RF","","1","","","","","","1318","","",""
"1595","Jose Cordova","26","AAA","COL","1B","1318.1","5","Moderate","1543","","","","1522","","",""
"1596","Sir Jamison Jones","20","A","WSN","C","1318.3","6","Moderate","1039","","","1078","1434","","",""
"1597","Jefrey De Los Santos","23","AA","NYM","RF","","1","","","","","","1319","","",""
"1598","Dustin Dickerson","25","AAA","KCR","SS","1320.0","6","Moderate","1248","","","937","1900","","",""
"1599","D'Andre Smith","25","AA","NYM","RF","1320.3","7","Moderate","1451","","","1291","1018","","",""
"1600","Kevin Villavicencio","22","AAA","NYM","3B","1320.7","7","Split","1481","","","806","2212","","",""
"1601","Juan Sulbaran","20","AA","TEX","C","1321.0","5","Moderate","1586","","","1022","762","","",""
"1602","Roinny Aguiar","21","A","PIT","2B","","1","","","","","","1322","","",""
"1603","Brady Cerkownyk","23","A","WSN","C","1324.0","5","Split","1364","","","","2320","","",""
"1604","Isaac Ponce","19","CPX","SDP","C","","1","","","","","","1324","","",""
"1605","Steven Lancia","23","A","CHW","C","1324.0","4","Tight","1383","","","1221","1484","","",""
"1606","Jose Perez","21","AA","BAL","3B","1325.2","6","Tight","1105","","","1363","1467","","",""
"1607","Trey Paige","25","AA","STL","1B","1325.5","7","Split","1301","","","1109","2231","","",""
"1608","Gage Harrelson","22","A+","LAA","RF","1326.8","6","Tight","1108","","","1026","1565","","",""
"1609","Andy Lugo","22","A+","MIN","3B","1327.3","7","Split","1406","","","1094","1020","","",""
"1610","Jose M. Mendoza","18","CPX","CHW","C","","1","","","","","","1328","","",""
"1611","Victor Rodriguez","20","A","LAA","RP","1328.8","6","Moderate","1167","","","1337","1562","","",""
"1612","Jake Bold","22","AA","SDP","C","","2","","","","","","888","","",""
"1613","Jurdrick Profar","19","A","CHW","2B","1329.5","6","Tight","1182","","","1072","1518","","",""
"1614","Paul Witt","28","AAA","WSN","2B","","1","","","","","","1338","","",""
"1615","Landyn Vidourek","22","A","COL","RF","1338.9","7","Split","1414","","","1409","2149","","",""
"1616","Canyon Brown","22","AA","KCR","C","1339.0","7","Moderate","1029","","","997","1542","","",""
"1617","Ryan Daniels","22","A","MIN","LF","","1","","","","","","1339","","",""
"1618","Julio Carreras","26","AAA","CIN","2B","1339.6","6","Split","1373","","","1175","2120","","",""
"1619","Nick Peoples","21","A","WSN","RF","1340.1","7","Tight","1237","","","1347","1765","","",""
"1620","Max Ferguson","26","AAA","BOS","2B","1340.8","5","Moderate","1367","","","","1833","","",""
"1621","Justin Wishkoski","25","AA","SFG","1B","","1","","","","","","1341","","",""
"1622","Theo Hardy","24","AAA","TEX","SS","1341.2","7","Moderate","1503","","","1014","1593","","",""
"1623","Edgardo Figueroa","18","CPX","WSN","C","","1","","","","","","1343","","",""
"1624","Jacob Hurtubise","28","MLB","SEA","LF","1345.1","4","Tight","1673","","","","1270","","",""
"1625","Brennan Orf","24","A+","TOR","1B","1346.8","6","Moderate","1238","","","1279","1667","","",""
"1626","Fraymi De Leon","21","AA","BOS","2B","","1","","","","","","1347","","",""
"1627","Konni Durschlag","24","CPX","SEA","CF","","1","","","","","","1348","","",""
"1628","Luis Sanchez","22","AAA","ATL","3B","1348.2","6","Moderate","1342","","","962","1779","","",""
"1629","Kamren James","26","AA","TBR","LF","1349.9","6","Moderate","1358","","","1117","1967","","",""
"1630","Jacob Wetzel","26","A+","TOR","RF","","1","","","","","","1350","","",""
"1631","Luis Chevalier","24","AA","KCR","3B","","1","","","","","","1351","","",""
"1632","Tyler Pettorini","23","A+","PHI","2B","1351.0","6","Split","1563","","","1202","2455","","",""
"1633","Hayden Cantrelle","27","AAA","CHC","2B","1351.9","4","Tight","1642","","","","1527","","",""
"1634","Vance Honeycutt","23","A+","BAL","CF","1352.2","7","Split","1261","","","1194","2131","","",""
"1635","Riley Nelson","22","A","CLE","1B","1352.3","6","Moderate","1438","","","1177","1743","","",""
"1636","Jack Costello","25","A+","SDP","1B","1354.2","7","Moderate","1604","","","1335","1949","","",""
"1637","Maui Ahuna","24","AA","SFG","SS","1354.2","7","Moderate","1136","","","1065","2158","","",""
"1638","Matt Klein","22","A","COL","C","1356.0","6","Moderate","1209","","","1245","1980","","",""
"1639","Cesar Salazar","30","MLB","HOU","C","","3","","","","","","1353","","",""
"1640","Nomar Diaz","22","A","SFG","C","","1","","","","","","1357","","",""
"1641","Heriberto Rincon","20","A+","NYM","CF","1358.0","4","Moderate","","","","","1663","","",""
"1642","Mayki De La Rosa","18","CPX","ARI","LF","","2","","","","","","1583","","",""
"1643","Jack Blomgren","27","AA","HOU","SS","","1","","","","","","1359","","",""
"1644","Joshua Mears","25","AA","SDP","RF","","2","","","","","","722","","",""
"1645","Colin Houck","21","A+","NYM","SS","1360.1","7","Split","1010","","","1257","1957","","",""
"1646","Nathan Martorella","25","AAA","MIA","1B","1360.8","6","Moderate","1343","","","1199","732","","",""
"1647","Austin St. Laurent","23","A+","SEA","SS","1361.3","7","Moderate","1320","","","1299","2030","","",""
"1648","Thomas Gavello","25","AAA","SFG","3B","1362.1","7","Tight","1262","","","960","1409","","",""
"1649","Enmanuel Bonilla","20","A","TOR","CF","1363.2","6","Moderate","853","","","1213","2081","","",""
"1650","Jordan Rich","19","CPX","CHW","CF","","1","","","","","","1364","","",""
"1651","Logun Clark","23","A+","CLE","C","1364.0","7","Moderate","1416","","","820","2115","","",""
"1652","Mason McCoy","31","MLB","SDP","SS","","3","","","","","","2397","","",""
"1653","Austin Hendrick","25","AAA","CIN","RF","1364.1","7","Tight","1212","","","1154","1723","","",""
"1654","Dasan Brown","24","AAA","TOR","CF","1364.7","6","Moderate","1448","","","1239","980","","",""
"1655","Josh Hood","25","AA","SEA","SS","1364.8","6","Moderate","1234","","","1272","1253","","",""
"1656","Marcus Brown","24","AAA","HOU","2B","1365.6","7","Moderate","1354","","","928","2189","","",""
"1657","Abraham Bastidas","19","CPX","SDP","2B","","1","","","","","","1366","","",""
"1658","Braden Barry","24","AAA","TOR","CF","","1","","","","","","1367","","",""
"1659","Kenny Castillo","22","A+","ARI","C","1367.4","7","Split","900","","","1098","2322","","",""
"1660","Nate Baez","25","AA","BOS","C","1367.6","7","Tight","1387","","","1189","1474","","",""
"1661","Ben Cowles","26","AAA","CHW","SS","1368.4","5","Moderate","1356","","","","1666","","",""
"1662","Caleb Ketchup","24","AAA","LAA","LF","","1","","","","","","1369","","",""
"1663","Heriberto Caraballo","21","A+","STL","C","1369.6","7","Moderate","1016","","","775","2019","","",""
"1664","Carlos Matias","19","CPX","TBR","LF","","2","","","","","","1597","","",""
"1665","Christian Martin","23","A+","STL","2B","1370.5","7","Split","1471","","","1173","2201","","",""
"1666","Owen Cobb","25","AAA","NYY","2B","1371.6","7","Moderate","1507","","","947","2138","","",""
"1667","Kyle West","23","A+","NYY","1B","1371.7","6","Moderate","1171","","","1320","1992","","",""
"1668","Jeron Williams","25","AA","HOU","SS","1372.1","6","Split","1436","","","1144","1770","","",""
"1669","Luis Vazquez","26","MLB","BAL","3B","1372.1","5","Tight","1437","","","1379","1386","","",""
"1670","Everett Cooper III","22","A","WSN","2B","","2","","","","","","1888","","",""
"1671","Fernando Gonzalez","24","AAA","SFG","C","1375.5","6","Moderate","1695","","","1416","882","","",""
"1672","Daniel Silva","21","CPX","NYM","1B","","1","","","","","","1377","","",""
"1673","Graysen Tarlow","24","AA","STL","C","1377.2","7","Moderate","1235","","","1062","2087","","",""
"1674","Arxy Hernandez","22","A+","CHW","3B","1378.1","7","Split","1363","","","1231","2333","","",""
"1675","Jordan Viars","22","A+","PHI","1B","","1","","","","","","1380","","",""
"1676","P.J. Hilson","25","AAA","PIT","CF","1380.0","7","Moderate","1482","","","1345","1728","","",""
"1677","D'Angelo Ortiz","21","A","BOS","1B","1380.6","7","Moderate","1457","","","1301","1985","","",""
"1678","Albertson Asigen","24","A","CHW","LF","","1","","","","","","1381","","",""
"1679","Charlie Szykowny","26","AA","SFG","1B","1381.6","6","Moderate","1426","","","1295","2065","","",""
"1680","Yordani Martinez","19","CPX","MIA","2B","","1","","","","","","1382","","",""
"1681","Gustavo Melendez","18","CPX","PIT","SS","","1","","","","","","1383","","",""
"1682","Jose Contreras","21","A","TBR","LF","","1","","","","","","1384","","",""
"1683","Jose Tovar","20","CPX","TBR","C","","2","","","","","","1861","","",""
"1684","Keegan Pieternella","18","CPX","TOR","C","","1","","","","","","1385","","",""
"1685","Kendry Chirinos","21","A+","TOR","1B","1385.2","7","Moderate","1003","","","1076","1186","","",""
"1686","Brian O'Keefe","32","MLB","MIN","C","","3","","","","","","1286","","",""
"1687","Edward Duran","22","A+","TOR","C","1385.6","7","Tight","1185","","","1064","1679","","",""
"1688","Wady Mendez","21","AA","TEX","RF","1386.2","5","Moderate","1323","","","978","1160","","",""
"1689","Rodney Green Jr.","23","A+","ATH","CF","1386.9","7","Split","1473","","","1286","2504","","",""
"1690","Esmith Pineda","21","A+","CIN","RF","1387.8","7","Moderate","1357","","","1214","1686","","",""
"1691","Braylen Wimmer","25","AA","COL","LF","1388.4","7","Moderate","1351","","","1261","1573","","",""
"1692","Tyler Wilson","23","A+","NYY","LF","1388.5","6","Tight","1442","","","1294","1603","","",""
"1693","Trei Cruz","27","MLB","DET","SS","","3","","1595","","","","855","","",""
"1694","Levi Jordan","30","MLB","CIN","SS","","2","","","","","","1472","","",""
"1695","Brandon Eike","24","A+","SEA","3B","1390.4","7","Split","1180","","","1338","2542","","",""
"1696","Natanael Yuten","21","A+","BOS","RF","1392.5","7","Moderate","1362","","","1364","838","","",""
"1697","Javier Francisco","23","AAA","SFG","SS","","1","","","","","","1393","","",""
"1698","Dylan Fien","20","A+","ATH","C","1393.9","7","Moderate","1158","","","986","2086","","",""
"1699","Poncho Ruiz","24","AA","MIN","C","1395.3","6","Tight","1420","","","1021","1611","","",""
"1700","Colin Yeaman","22","A+","BAL","3B","1397.3","6","Moderate","1216","","","1019","2263","","",""
"1701","Micah McDowell","25","A+","MIA","LF","","1","","","","","","1398","","",""
"1702","Francisco Acuna","26","AAA","SDP","SS","1399.3","4","Tight","1558","","","","1403","","",""
"1703","Ariel Lebron","21","CPX","HOU","CF","","1","","","","","","1400","","",""
"1704","Jared Sundstrom","25","AA","SEA","RF","1403.4","7","Moderate","1517","","","1341","1164","","",""
"1705","Jose Perez","22","A+","TBR","3B","1403.9","6","Tight","1619","","","1292","1262","","",""
"1706","Manuel Cabrera","20","A","WSN","1B","1404.2","6","Moderate","1102","","","1010","2193","","",""
"1707","Reylin Perez","21","AAA","HOU","2B","1406.5","7","Split","1263","","","657","2516","","",""
"1708","Will Wilson","27","MLB","SEA","2B","1406.9","4","Tight","1195","","","","1694","","",""
"1709","Juan Rujano","18","CPX","STL","DH","","1","","","","","","1407","","",""
"1710","Carter Dorighi","23","A+","SEA","3B","1407.1","7","Split","1439","","","1051","2497","","",""
"1711","Bryan Lavastida","27","MLB","HOU","C","1407.5","4","Tight","1659","","","","1392","","",""
"1712","Diego Cartaya","24","AAA","MIN","C","","3","","1650","","","","664","","",""
"1713","Jordan Nwogu","27","AA","CHC","LF","1408.6","4","Moderate","1468","","","","1705","","",""
"1714","Estuar Suero","20","A","PIT","LF","","3","","1071","","","","1598","","",""
"1715","Slate Alford","23","A","LAA","DH","1409.6","7","Moderate","1591","","","1446","1722","","",""
"1716","Michael Snyder","25","AA","MIA","LF","1409.8","6","Moderate","1398","","","1270","1252","","",""
"1717","Hunter Hines","23","A+","WSN","1B","1410.0","6","Moderate","1499","","","1309","2057","","",""
"1718","Ivan Melendez","26","AAA","ARI","1B","1410.0","5","Moderate","1488","","","1420","660","","",""
"1719","Jacob Jenkins-Cowart","23","A+","MIA","RF","1410.2","7","Split","1329","","","1269","2318","","",""
"1720","Trace Willhoite","25","AAA","NYM","1B","1410.2","7","Tight","1654","","","1100","1277","","",""
"1721","Aaron McKeithan","26","AA","PIT","C","1411.5","6","Tight","1326","","","1002","1731","","",""
"1722","Sammy Siani","25","AAA","SEA","CF","1411.9","7","Moderate","1614","","","1353","1080","","",""
"1723","Daniel Guilarte","22","AA","MIL","2B","1412.5","7","Split","1403","","","827","2199","","",""
"1724","Rickardo Perez","22","CPX","PHI","1B","","1","","","","","","1413","","",""
"1725","Queni Pineda","19","CPX","NYY","C","","1","","","","","","1415","","",""
"1726","Dayson Croes","26","AAA","SFG","3B","1415.8","5","Tight","1370","","","","1862","","",""
"1727","Zach Morgan","26","AAA","SFG","C","1416.1","5","Tight","1169","","","","1800","","",""
"1728","Shawn Goosenberg","26","AA","CHW","SS","","1","","","","","","1419","","",""
"1729","Ruben Santana","21","A+","ARI","3B","","3","","1241","","","","1264","","",""
"1730","AJ Salgado","24","A+","NYM","1B","1420.5","6","Tight","1582","","","1366","1842","","",""
"1731","Armstrong Muhoozi","18","CPX","PIT","CF","","1","","","","","","1422","","",""
"1732","Kevin Made","23","AA","WSN","2B","","3","","","","","","1171","","",""
"1733","J.J. D'Orazio","24","AA","LAA","C","1424.6","7","Moderate","1035","","","943","2332","","",""
"1734","Bradley Frye","23","A","SDP","3B","1425.8","6","Split","1446","","","1413","2522","","",""
"1735","Frainyer Chavez","27","AAA","TEX","1B","1426.1","4","Split","1186","","","","2347","","",""
"1736","Will Robertson","28","MLB","CHW","LF","","3","","1787","","","","645","","",""
"1737","Bobby Blandford","23","A","ATH","CF","1426.7","7","Split","1526","","","1428","2498","","",""
"1738","Curley Martha","19","A","TEX","2B","1427.7","6","Tight","1166","","","1029","1816","","",""
"1739","Chase Heath","22","A+","STL","C","1429.3","6","Tight","1346","","","1201","1791","","",""
"1740","Nate Nankil","23","AA","ATH","RF","1430.6","7","Tight","1542","","","1251","1870","","",""
"1741","Aaron Schunk","28","MLB","ATL","SS","1432.8","4","Split","1658","","","","2163","","",""
"1742","Angel Acosta","23","A+","KCR","2B","1434.1","7","Split","1521","","","1153","2453","","",""
"1743","Derniche Valdez","20","A","CHC","CF","1434.7","6","Split","1058","","","1237","2328","","",""
"1744","Ricardo Pena","21","A+","MIN","C","1435.0","6","Moderate","1303","","","682","1808","","",""
"1745","Tomas Frick","25","AA","NYY","C","1437.6","5","Tight","1506","","","1149","1411","","",""
"1746","Ariel Armas","23","AA","CHC","C","1437.9","7","Moderate","1103","","","915","1991","","",""
"1747","Eliezer Rivero","21","A","LAA","1B","1438.4","5","Split","1620","","","","2275","","",""
"1748","Drew Jemison","25","AA","TOR","1B","","1","","","","","","1439","","",""
"1749","Shane Sasaki","25","AAA","MIA","CF","1439.8","6","Moderate","1380","","","1319","1404","","",""
"1750","Ivan Tatis","20","CPX","LAA","SS","","1","","","","","","1440","","",""
"1751","J.D. Gonzalez","20","A+","TBR","C","1440.1","7","Split","1038","","","876","2518","","",""
"1752","Logan Driscoll","28","MLB","FA","C","1440.4","4","Moderate","1788","","","","1701","","",""
"1753","Erick Alvarez","21","A","TEX","LF","","1","","","","","","1441","","",""
"1754","Gavin Logan","26","AAA","ARI","C","1441.0","5","Tight","1697","","","","1786","","",""
"1755","Yorman Licourt","22","A","TOR","RF","1441.1","7","Moderate","1260","","","1391","2148","","",""
"1756","Daniel Pena","21","A","MIN","C","","2","","","","","","1476","","",""
"1757","Anderson Areinamo","19","CPX","HOU","SS","","1","","","","","","1443","","",""
"1758","Colin Davis","27","AAA","SEA","LF","1443.0","4","Moderate","1310","","","","1996","","",""
"1759","Carter Mathison","23","A+","PHI","RF","1443.4","7","Split","1421","","","1176","2395","","",""
"1760","Alan Escobar","17","CPX","CHW","LF","","1","","","","","","1445","","",""
"1761","Kevin Robledo","19","CPX","MIA","C","","1","","","","","","1446","","",""
"1762","Angelo Hernandez","20","CPX","CHW","DH","","1","","","","","","1448","","",""
"1763","Yannic Walther","22","A+","MIL","C","1448.0","7","Split","1278","","","966","2502","","",""
"1764","Luis Marquez","20","A+","TEX","2B","1449.3","7","Tight","1164","","","1260","1656","","",""
"1765","Clay Dungan","30","AAA","SDP","2B","","3","","","","","","2343","","",""
"1766","Francisco Toledo","21","A+","NYM","C","1450.5","6","Tight","1359","","","977","1766","","",""
"1767","Cal Conley","26","AAA","ATL","SS","1451.5","4","Split","1168","","","","2363","","",""
"1768","Phil Clarke","28","AAA","TOR","C","","1","","","","","","1452","","",""
"1769","Riley Unroe","30","AAA","CHW","RF","","3","","","","","","1683","","",""
"1770","Facundo Velasquez","20","A","STL","CF","1453.5","6","Moderate","842","","","1240","2101","","",""
"1771","LeTrey McCollum","23","CPX","LAA","CF","","1","","","","","","1454","","",""
"1772","Randy Flores","25","A+","LAA","2B","","1","","","","","","1455","","",""
"1773","Edgar Alvarez","25","AA","CHC","LF","1455.9","7","Tight","1309","","","1141","1854","","",""
"1774","Brenden Dixon","25","AAA","PIT","3B","1456.3","6","Moderate","1379","","","1212","1254","","",""
"1775","Drake Logan","25","AAA","CHW","RF","1459.5","6","Moderate","1336","","","1317","1914","","",""
"1776","Mason Bolivar","19","CPX","CLE","CF","","1","","","","","","1460","","",""
"1777","Yandro Hernandez","21","CPX","MIN","RF","","1","","","","","","1462","","",""
"1778","Braylin Morel","20","A","TEX","RF","1463.0","7","Moderate","1298","","","1359","1784","","",""
"1779","Leonardo Pineda","19","CPX","TBR","CF","","1","","","","","","1464","","",""
"1780","Kodey Shojinaga","23","A+","PHI","C","1465.4","7","Moderate","1378","","","1118","2496","","",""
"1781","Jorge Lara","20","CPX","ARI","2B","","1","","","","","","1466","","",""
"1782","Hogan Windish","27","AAA","SEA","1B","1466.6","4","Tight","1677","","","","1394","","",""
"1783","James Nelson","28","AAA","HOU","LF","","3","","1479","","","","1646","","",""
"1784","Royelny Strop","18","CPX","STL","CF","","1","","","","","","1468","","",""
"1785","Austin Smith","23","A+","TOR","RP","1470.2","6","Moderate","1704","","","1040","1935","","",""
"1786","Jhocsuanth Vargas","19","A+","TEX","C","","3","","1537","","","","1037","","",""
"1787","Luis Encarnacion","23","AA","HOU","1B","","1","","","","","","1475","","",""
"1788","Noah Cardenas","26","AAA","MIN","C","1476.1","5","Moderate","1381","","","","1047","","",""
"1789","Robert Hipwell","23","A+","SFG","1B","1476.1","7","Moderate","1206","","","1238","1910","","",""
"1790","Elijah Dunham","28","AAA","LAA","LF","1477.1","4","Moderate","1805","","","","1245","","",""
"1791","Alexander Ramirez","23","AAA","CHC","LF","","2","","","","","","1756","","",""
"1792","Enmanuel Ramirez","22","A","WSN","RF","","1","","","","","","1478","","",""
"1793","Orlando Martinez","28","AAA","TEX","LF","1478.6","4","Split","1736","","","","2254","","",""
"1794","Brendan Durfee","24","AA","SDP","C","1478.8","6","Moderate","1223","","","1001","1635","","",""
"1795","Haminton Mendez","22","CPX","LAA","P","","1","","","","","","1479","","",""
"1796","Euri Rosa","18","CPX","LAD","C","","1","","","","","","1480","","",""
"1797","Ty Hanchey","26","AAA","SFG","C","1481.2","5","Tight","1477","","","","1811","","",""
"1798","Josh Rivera","25","AAA","TOR","SS","1481.7","7","Moderate","1149","","","1225","2300","","",""
"1799","Bryan Arendt","23","A+","ATH","C","1482.3","6","Split","1691","","","1248","2565","","",""
"1800","Garret Guillemette","24","AAA","HOU","C","1482.6","7","Tight","1459","","","1148","1864","","",""
"1801","Derek Datil","20","A","TBR","CF","1482.7","6","Tight","1253","","","1211","1790","","",""
"1802","Hayden Friese","21","A+","ATL","1B","1483.0","6","Moderate","1418","","","741","1919","","",""
"1803","Kevin Kilpatrick Jr.","25","AA","ATL","CF","1484.4","7","Split","1394","","","1252","2215","","",""
"1804","Nestor Rios","21","AA","MIA","C","","2","","","","","","1184","","",""
"1805","Justin Dean","29","MLB","LAD","CF","1485.5","4","Tight","1671","","","","1623","","",""
"1806","Nate Mondou","31","MLB","SDP","1B","","3","","","","","","2032","","",""
"1807","Mark Coley II","25","AAA","MIL","CF","1485.9","7","Moderate","1621","","","1310","1457","","",""
"1808","Andres Arias","19","CPX","TOR","LF","","1","","","","","","1486","","",""
"1809","Michael Brooks","24","A","OAK","SS","1486.3","6","Split","1622","","","1397","2438","","",""
"1810","William Simoneit","29","AAA","TOR","C","1487.1","4","Moderate","1692","","","","1843","","",""
"1811","Conner Westenburg","22","A","SDP","CF","1487.5","6","Split","1386","","","1305","2466","","",""
"1812","Elijah Farley","20","CPX","HOU","CF","","1","","","","","","1488","","",""
"1813","Moises Gomez","27","AAA","SDP","RF","","1","","","","","","1489","","",""
"1814","Carson Tucker","24","AA","SDP","2B","1489.5","6","Split","919","","","1047","2534","","",""
"1815","Ben Hartl","23","AAA","CHW","C","1490.9","7","Tight","1463","","","1208","1645","","",""
"1816","Diover De Aza","18","CPX","NYM","3B","","1","","","","","","1491","","",""
"1817","Jaylen Palmer","25","AAA","NYM","RF","1491.6","6","Moderate","1498","","","1253","1390","","",""
"1818","Jose Izarra","24","AA","LAD","2B","1491.9","7","Moderate","1587","","","1114","2377","","",""
"1819","Jordan Williams","26","A","WSN","LF","1492.0","5","Moderate","1794","","","1464","1691","","",""
"1820","Wyatt Hendrie","27","AAA","PIT","C","","1","","","","","","1492","","",""
"1821","Steven Madero","19","CPX","DET","1B","","1","","","","","","1493","","",""
"1822","Caden Rose","24","AA","BOS","LF","1493.7","7","Moderate","1333","","","1180","1977","","",""
"1823","Luis Aguilera","19","CPX","DET","SS","","1","","","","","","1494","","",""
"1824","Juan Hernandez","20","A+","DET","3B","1494.3","7","Moderate","1153","","","1037","2129","","",""
"1825","Adriel Radney","19","A","ARI","RF","","3","","","","","","1798","","",""
"1826","Brady Allen","26","AA","DET","CF","","1","","","","","","1495","","",""
"1827","Enderso Lira","22","AAA","BOS","C","","1","","","","","","1496","","",""
"1828","Dominic Pitelli","24","AAA","CIN","2B","1497.9","7","Split","1368","","","1171","2355","","",""
"1829","Junior Garcia","20","A","ATL","CF","1498.4","7","Moderate","1034","","","1284","2249","","",""
"1830","Juan Guerrero","24","AA","COL","LF","","1","","","","","","1499","","",""
"1831","Brody Donay","22","A","TBR","C","1500.8","6","Split","1377","","","1383","2431","","",""
"1832","Juan Brown","18","CPX","CIN","RF","","1","","","","","","1502","","",""
"1833","Addison Kopack","24","AAA","SDP","1B","","1","","","","","","1503","","",""
"1834","Christopher Espinola","22","A","CLE","CF","","1","","","","","","1504","","",""
"1835","Benny Montgomery","23","AA","COL","RF","1504.7","6","Moderate","952","","","1121","1788","","",""
"1836","Grant Magill","25","AA","CHW","C","1504.9","7","Moderate","1361","","","1160","2452","","",""
"1837","Pablo Aliendo","25","AA","CIN","C","1505.5","7","Tight","1502","","","1357","1544","","",""
"1838","Corey Cousin","19","CPX","KCR","CF","","1","","","","","","1506","","",""
"1839","Sebastian De Andrade","20","A","SEA","C","1507.0","5","Moderate","1006","","","","2183","","",""
"1840","Jhon Diaz","23","AA","TBR","RF","1507.1","7","Moderate","1458","","","1246","1602","","",""
"1841","Luis Baez","22","AA","HOU","RF","1508.2","6","Moderate","1376","","","1226","1012","","",""
"1842","Xavier Guillen","21","A","TBR","RF","","1","","","","","","1509","","",""
"1843","Elih Marrero","29","AAA","KCR","C","1510.9","4","Split","1752","","","","1844","","",""
"1844","Ryan McCarty","27","AAA","PIT","2B","1511.9","4","Tight","1559","","","","1684","","",""
"1845","Manolfi Jimenez","21","A+","PHI","LF","1512.1","7","Moderate","1534","","","1331","2025","","",""
"1846","Richie Bonomolo Jr.","22","A","NYY","LF","","1","","","","","","1513","","",""
"1847","Ethan Murray","26","AAA","MIL","2B","1514.7","6","Tight","1251","","","1303","1962","","",""
"1848","Terrell Tatum","26","AA","CHW","LF","","1","","","","","","1515","","",""
"1849","Gio Cueto","22","A+","LAD","C","","2","","","","","","1360","","",""
"1850","Kyle Fossum","23","A","COL","LF","1516.3","6","Moderate","1249","","","1432","2470","","",""
"1851","Cesar Gonzalez","21","A","ATH","1B","1516.8","7","Moderate","1204","","","1265","2520","","",""
"1852","Sergio Tapia","23","AAA","DET","C","1519.7","6","Moderate","1681","","","1458","1233","","",""
"1853","Luis Corobo","19","A","MIL","C","","3","","","","","","1545","","",""
"1854","Jimmy Herron","29","AAA","MIL","RF","","1","","","","","","1521","","",""
"1855","Luke Waddell","27","AAA","ATL","SS","1521.3","4","Split","1700","","","","2400","","",""
"1856","Trevor Werner","25","A+","KCR","RF","1521.4","7","Moderate","1574","","","1400","2291","","",""
"1857","Josh Breaux","28","AAA","CHW","C","","2","","1767","","","","1278","","",""
"1858","Matt Coutney","26","AA","LAA","1B","1522.6","4","Tight","1523","","","","1782","","",""
"1859","Alex Ungar","24","A+","CHW","RF","1522.7","6","Tight","1569","","","1328","2031","","",""
"1860","Will Banfield","26","MLB","CIN","C","1522.7","5","Moderate","1294","","","","2054","","",""
"1861","Reginald Preciado","23","A+","CHC","3B","1523.0","6","Moderate","1254","","","1316","2383","","",""
"1862","Jhosmmel Zue","22","A","KCR","C","1524.3","6","Split","1474","","","1372","2564","","",""
"1863","Luke Ritter","29","AAA","PHI","3B","1524.5","4","Tight","1785","","","","1470","","",""
"1864","Bryan Gonzalez","24","AA","KCR","1B","","1","","","","","","1525","","",""
"1865","Enmanuel Terrero","23","A+","PIT","RF","","1","","","","","","1526","","",""
"1866","Chase Adkison","26","AA","STL","C","1526.3","6","Tight","1725","","","1219","1853","","",""
"1867","Daniel Rogers","24","A+","SFG","C","1526.7","6","Moderate","1415","","","1336","2286","","",""
"1868","Nick Biddison","25","AAA","PHI","3B","1527.1","6","Moderate","1578","","","1421","2111","","",""
"1869","JT Schwartz","26","AAA","NYM","1B","1527.2","5","Tight","1491","","","","1272","","",""
"1870","Curtis Washington Jr.","26","AAA","SEA","LF","1527.4","6","Split","1722","","","1423","2399","","",""
"1871","Eliesbert Alejos","20","A","ARI","3B","1527.9","7","Split","1133","","","1161","2592","","",""
"1872","Ryan Stafford","23","A+","BAL","C","1527.9","7","Moderate","1577","","","1329","2304","","",""
"1873","Jase Mitchell","19","CPX","HOU","C","","1","","","","","","1529","","",""
"1874","Karson Simas","25","AAA","CHC","2B","1529.9","7","Split","1350","","","1108","2352","","",""
"1875","Hunter Bishop","28","AAA","SFG","RF","","1","","","","","","1530","","",""
"1876","Jeffery Heard","23","CPX","LAA","RF","","1","","","","","","1534","","",""
"1877","Yahil Melendez","20","A","CHC","SS","1534.1","7","Moderate","1107","","","1136","2089","","",""
"1878","Ryan Lasko","24","AAA","ATH","CF","1534.4","7","Moderate","1397","","","1242","2209","","",""
"1879","Joe Redfield","24","AA","LAA","LF","","1","","","","","","1535","","",""
"1880","Carlos Rodriguez","23","A+","SDP","SP","1535.3","7","Moderate","1428","","","1264","2436","","",""
"1881","Drew Avans","30","MLB","MIL","LF","","3","","","","","","2040","","",""
"1882","Jaden Rudd","23","A+","TOR","LF","","1","","","","","","1536","","",""
"1883","Jeremiah Boyd","25","AAA","ARI","C","","2","","","","","","1155","","",""
"1884","Andrew Sojka","25","A+","DET","CF","1537.2","6","Split","1605","","","1373","2494","","",""
"1885","Tanner Smith","23","A+","ATL","RP","1537.5","6","Moderate","1385","","","1395","2302","","",""
"1886","Sean McLain","25","AA","LAD","SS","1538.1","7","Moderate","1255","","","1185","2319","","",""
"1887","Miguel Santos","25","AAA","CHW","2B","","1","","","","","","1540","","",""
"1888","Victor Izturis","21","A","CLE","C","1540.3","6","Tight","1433","","","1158","1916","","",""
"1889","Keduar Trujillo","22","A+","HOU","1B","1541.2","6","Tight","1485","","","1169","2082","","",""
"1890","Luis Verdugo","25","AAA","SDP","3B","1541.2","7","Moderate","1175","","","1222","2141","","",""
"1891","Kevin Bruggeman","24","A+","LAA","1B","1542.2","7","Tight","1630","","","1339","1469","","",""
"1892","Brayden Corn","22","A","SEA","CF","","3","","","","","","2500","","",""
"1893","Gunner Gouldsmith","24","AA","ATH","2B","1543.4","7","Split","1652","","","1382","2547","","",""
"1894","Jackson Cluff","29","AAA","NYM","SS","1544.1","4","Moderate","1775","","","","1818","","",""
"1895","Fernando Caldera","23","AAA","HOU","C","","2","","","","","","1511","","",""
"1896","Pedro Pineda","22","A+","ATH","CF","1546.5","7","Split","1452","","","1330","2482","","",""
"1897","Brock Tibbitts","23","A","TOR","C","1548.9","7","Split","1597","","","1399","2337","","",""
"1898","Myles Smith","23","A+","CIN","LF","","1","","","","","","1549","","",""
"1899","Nerwilian Cedeno","24","AA","SDP","CF","","1","","","","","","1550","","",""
"1900","Caleb Farmer","26","AA","WSN","C","1552.8","6","Moderate","1672","","","1009","2323","","",""
"1901","Gian Zapata","20","CPX","ARI","RF","","1","","","","","","1553","","",""
"1902","Manuel Palencia","23","AA","NYY","C","1553.1","7","Moderate","1211","","","1052","2426","","",""
"1903","Hunter Dobbins","23","A+","DET","SP","1553.8","6","Split","1544","","","1300","2428","","",""
"1904","Yojackson Laya","19","CPX","LAD","SS","","1","","","","","","1554","","",""
"1905","Patrick Winkel","26","AAA","TOR","C","1554.8","6","Split","1635","","","1387","2088","","",""
"1906","Greylin De La Paz","19","CPX","LAA","3B","","1","","","","","","1555","","",""
"1907","Maikol Hernandez","22","AAA","BAL","SS","1556.2","6","Split","1617","","","723","2321","","",""
"1908","Isael Arias","20","A","NYY","CF","1556.7","6","Moderate","874","","","1288","2174","","",""
"1909","Gery Holguin","20","A","MIL","3B","","1","","","","","","1557","","",""
"1910","Edgar Walker","18","CPX","PIT","RF","","1","","","","","","1558","","",""
"1911","Maylerson Casanova","19","A","PHI","2B","","2","","","","","","1432","","",""
"1912","Diego Omana","23","AA","CIN","C","1558.6","5","Split","1516","","","1088","2519","","",""
"1913","Luis Ravelo","22","AA","BOS","SS","","1","","","","","","1559","","",""
"1914","Jalen Vasquez","24","AA","BAL","3B","","1","","","","","","1560","","",""
"1915","Raider Tello","25","AA","PHI","1B","1560.6","7","Moderate","1365","","","1247","2585","","",""
"1916","Jose Dickson","19","CPX","DET","SS","","1","","","","","","1561","","",""
"1917","Hudson White","23","A+","BOS","C","1562.0","5","Moderate","1453","","","1259","2271","","",""
"1918","Jack Wheeler","19","CPX","TEX","3B","","1","","","","","","1564","","",""
"1919","Payton Henry","29","MLB","PHI","C","1565.0","4","Tight","1808","","","","1375","","",""
"1920","Robert Lopez","22","A","CLE","C","","1","","","","","","1566","","",""
"1921","Jose Caguana","24","AA","SEA","C","","1","","","","","","1569","","",""
"1922","T.J. McCants","25","AAA","CHW","LF","1569.1","7","Moderate","1661","","","1356","2103","","",""
"1923","Ryan Jackson","24","AA","SDP","SS","1569.4","7","Moderate","1229","","","1290","2244","","",""
"1924","Andy Weber","28","AAA","CHW","2B","1570.9","4","Split","1707","","","","2297","","",""
"1925","Mario Baez","19","CPX","ATL","2B","","1","","","","","","1572","","",""
"1926","Imanol Vargas","28","AA","PIT","1B","","1","","","","","","1577","","",""
"1927","Zane Zielinski","24","AA","SFG","SS","1577.1","7","Split","1450","","","1287","2619","","",""
"1928","Elias Medina","20","CPX","LAD","RF","","1","","","","","","1579","","",""
"1929","Tristin English","29","MLB","ATL","1B","","3","","1781","","","","1376","","",""
"1930","Jairo Diaz","21","A","CHC","C","1579.3","6","Moderate","1292","","","1249","2144","","",""
"1931","John Estevez","20","A+","ATL","RF","","3","","","","","","1778","","",""
"1932","Luke Gold","25","A+","DET","1B","","1","","","","","","1581","","",""
"1933","Trent Farquhar","25","AA","PHI","2B","1583.6","7","Moderate","1742","","","1368","2053","","",""
"1934","C.J. Stubbs","29","MLB","TOR","C","1584.4","4","Tight","1705","","","","1797","","",""
"1935","Victor Torres","25","AA","MIL","C","","1","","","","","","1587","","",""
"1936","Angel Diaz","22","A+","LAD","C","","1","","","","","","1588","","",""
"1937","Joe Olsavsky","24","AAA","ATL","1B","1588.5","7","Moderate","1811","","","846","2294","","",""
"1938","Carl Calixte","19","CPX","PIT","CF","","1","","","","","","1589","","",""
"1939","Alberto Rodriguez","25","AA","KCR","RF","1589.3","7","Moderate","1694","","","1408","1711","","",""
"1940","Eric Martinez","22","AA","MIL","C","","2","","","","","","1397","","",""
"1941","Josnaider Orellana","21","A","BAL","C","","1","","","","","","1590","","",""
"1942","Freddy Zamora","27","AAA","MIL","SS","1590.1","4","Tight","1618","","","","1940","","",""
"1943","Nick Lucky","26","AAA","NYM","SS","1590.6","6","Moderate","1751","","","1462","1830","","",""
"1944","Charlie Saum","22","AA","TOR","C","","2","","","","","","1334","","",""
"1945","Adrian Rodriguez","22","A+","ARI","SS","1592.3","7","Moderate","1538","","","1281","2543","","",""
"1946","J.T. Arruda","28","AAA","WSN","2B","1592.4","4","Tight","1665","","","","1929","","",""
"1947","Sam Mongelli","25","AA","LAD","2B","","3","","","","","","1905","","",""
"1948","Saul Gomez","18","CPX","BAL","1B","","1","","","","","","1594","","",""
"1949","Darren Baker","27","MLB","CHW","2B","","3","","1666","","","","2161","","",""
"1950","Cooper McMurray","24","A+","ATL","1B","1594.7","6","Moderate","1625","","","1433","2424","","",""
"1951","Daniel Hernandez","18","CPX","WSN","C","","1","","","","","","1595","","",""
"1952","Marcus Smith","25","AAA","TEX","CF","1595.4","5","Tight","1572","","","1394","1837","","",""
"1953","Misael Urbina","24","A+","MIN","LF","","1","","","","","","1596","","",""
"1954","Juan Montero","24","AAA","BOS","C","","3","","","","","","1471","","",""
"1955","Joe Vetrano","24","AA","LAD","1B","1598.2","7","Moderate","1372","","","1289","2171","","",""
"1956","Bennett Lee","24","AAA","DET","C","1600.7","7","Split","1470","","","938","2544","","",""
"1957","Viandel Pena","25","AAA","DET","2B","1601.9","5","Moderate","1440","","","1314","2216","","",""
"1958","Tyler Tolve","25","AAA","ATL","C","1601.9","6","Tight","1683","","","1465","1425","","",""
"1959","Tyresse Turner","26","AA","CLE","3B","1602.3","6","Split","1425","","","1377","2339","","",""
"1960","Jack Collins","23","A","TEX","C","","2","","","","","","1524","","",""
"1961","Starlin Aguilar","22","A","SEA","3B","1603.6","7","Moderate","1449","","","1405","2641","","",""
"1962","Bill Knight","26","AA","SEA","CF","1605.3","5","Split","1592","","","","2232","","",""
"1963","Edwin Diaz","30","AAA","HOU","RP","","3","","","","","","1551","","",""
"1964","Raudelis Martinez","24","AA","TBR","C","1606.0","6","Moderate","1495","","","1217","2173","","",""
"1965","Jose De La Cruz","19","CPX","COL","RF","","1","","","","","","1607","","",""
"1966","Moises Bolivar","18","CPX","LAD","3B","","1","","","","","","1608","","",""
"1967","Richie Martin Jr.","31","MLB","LAA","SS","","3","","","","","","2117","","",""
"1968","Yolmer Sanchez","34","MLB","LAA","2B","","3","","","","","","2463","","",""
"1969","Carlos Franco","23","AA","OAK","C","1608.9","7","Moderate","1662","","","1266","2625","","",""
"1970","Joel Dragoo","23","A+","PHI","LF","1608.9","7","Moderate","1540","","","1276","2628","","",""
"1971","Adrian De Leon","22","AA","ARI","C","1610.2","7","Split","1392","","","818","2433","","",""
"1972","Carter Frederick","23","A+","KCR","RF","","2","","","","","","2285","","",""
"1973","Cade Doughty","25","AA","TOR","SS","1613.2","7","Moderate","1519","","","1204","2205","","",""
"1974","Jack Barker","21","A","PHI","LF","1613.8","5","Split","1653","","","","2617","","",""
"1975","Beycker Barroso","23","A","TEX","C","","1","","","","","","1614","","",""
"1976","Cameron Barstad","25","AAA","PIT","C","1614.0","7","Tight","1500","","","1256","2013","","",""
"1977","Kai Roberts","25","AA","SDP","CF","1616.2","7","Split","1590","","","1235","2422","","",""
"1978","Trevor Boone","28","AAA","COL","CF","","1","","","","","","1617","","",""
"1979","Bryce Eblin","24","A+","CHW","2B","1617.2","6","Tight","1660","","","1370","2099","","",""
"1980","Marcelo Alcala","20","A","CHW","CF","1617.7","6","Moderate","1423","","","1230","2404","","",""
"1981","Jo Oyama","25","AA","SEA","2B","1617.8","4","Tight","1822","","","","1568","","",""
"1982","Reggie Crawford","25","A+","SFG","RP","","1","","","","","","1618","","",""
"1983","Guillermo Rosario","21","AA","PHI","1B","1618.5","4","Moderate","","","","","2006","","",""
"1984","Kendall Simmons","26","AA","LAD","3B","","1","","","","","","1620","","",""
"1985","Abrahan Gutierrez","26","AAA","NYY","C","1620.2","6","Tight","1512","","","1277","1981","","",""
"1986","Damon Dues","28","AA","SDP","2B","","1","","","","","","1621","","",""
"1987","Samuel Gonzalez","19","CPX","OAK","SS","","1","","","","","","1622","","",""
"1988","Narbe Cruz","25","AA","HOU","2B","1622.2","6","Moderate","1703","","","1455","2292","","",""
"1989","Arol Vera","23","AAA","LAA","SS","1622.2","7","Moderate","1576","","","1082","2387","","",""
"1990","Ariel Almonte","22","A+","CIN","RF","1622.8","6","Tight","1443","","","1271","1868","","",""
"1991","Darison Garcia","19","CPX","KCR","2B","","1","","","","","","1624","","",""
"1992","Matt Higgins","26","AA","SFG","1B","","1","","","","","","1625","","",""
"1993","Grae Kessinger","28","MLB","FA","1B","1625.1","4","Moderate","1790","","","","2046","","",""
"1994","Cooper Johnson","28","AAA","TEX","C","1625.6","4","Moderate","1638","","","","2218","","",""
"1995","Josh Owens","19","A","TEX","SS","","1","","","","","","1626","","",""
"1996","Freuddy Batista","26","AA","HOU","C","1626.8","5","Moderate","1747","","","","2014","","",""
"1997","Edwin Sanchez","21","CPX","HOU","1B","","1","","","","","","1628","","",""
"1998","Adam Hackenberg","26","AAA","TOR","C","1628.2","6","Moderate","1764","","","1192","2484","","",""
"1999","Max Burt","29","AAA","DET","2B","1629.0","4","Split","1772","","","","2385","","",""
"2000","Tyler Herron","23","A+","TBR","C","","1","","","","","","1630","","",""
"2001","Anthony Donofrio","26","A+","SEA","RF","1630.3","6","Split","1719","","","1424","2604","","",""
"2002","Julian Brock","25","AAA","TEX","C","1630.9","7","Moderate","1514","","","1110","2368","","",""
"2003","Elio Prado","24","AA","PHI","CF","","1","","","","","","1633","","",""
"2004","Michael Trautwein","26","AAA","CIN","C","1633.4","5","Tight","1460","","","","1714","","",""
"2005","Keshawn Ogans","24","AAA","ATL","3B","1633.6","7","Tight","1641","","","1375","1739","","",""
"2006","Logan Porter","30","MLB","FA","C","","3","","","","","","1831","","",""
"2007","Henry Hunter","23","A","CIN","C","1637.2","6","Tight","1669","","","1434","1999","","",""
"2008","Ramcell Medina","18","CPX","KCR","SS","","1","","","","","","1638","","",""
"2009","Weston Eberly","25","AAA","CHW","C","","1","","","","","","1639","","",""
"2010","Caleb Ricketts","26","AAA","PHI","C","1639.5","6","Tight","1599","","","1384","2130","","",""
"2011","Alex Madera","25","AA","CHC","SS","1640.7","6","Split","1633","","","1224","2506","","",""
"2012","Junior Tilien","23","A+","ATL","LF","1640.7","7","Moderate","1643","","","1404","2272","","",""
"2013","Drew Compton","25","AA","ATL","1B","1641.7","7","Tight","1580","","","1361","1904","","",""
"2014","Sonny DiChiara","26","AAA","LAA","1B","","1","","","","","","1642","","",""
"2015","Moises Marchan","18","CPX","KCR","C","","1","","","","","","1643","","",""
"2016","Maddux Houghton","27","AAA","MIN","CF","1643.5","4","Split","1792","","","","2250","","",""
"2017","Ediel Rivera","20","A","NYY","C","1643.7","7","Moderate","1140","","","1293","2293","","",""
"2018","Jackson Hornung","25","AA","TOR","1B","1644.4","7","Moderate","1454","","","1306","2279","","",""
"2019","Zach Evans","23","A+","SDP","3B","1644.9","7","Moderate","1536","","","1393","2630","","",""
"2020","Nolan Clifford","24","AAA","COL","SS","","1","","","","","","1647","","",""
"2021","Will Vierling","22","A","PHI","C","1647.7","6","Tight","1401","","","1417","2268","","",""
"2022","Emilio Sanchez","19","CPX","BAL","SS","","1","","","","","","1648","","",""
"2023","Lyle Miller-Green","25","A+","PHI","1B","1648.1","6","Tight","1800","","","1483","1634","","",""
"2024","Brandon Forrester","22","A","HOU","SS","1648.4","5","Tight","1664","","","1427","2007","","",""
"2025","Aldalay Kolokie","21","CPX","COL","LF","","1","","","","","","1649","","",""
"2026","Johan Fernandez","19","CPX","ARI","C","","1","","","","","","1650","","",""
"2027","Jordyn Adams","26","MLB","BAL","CF","1650.3","4","Tight","1324","","","","1570","","",""
"2028","Josh Hogue","22","A","MIA","RF","1651.8","6","Moderate","1424","","","1354","2281","","",""
"2029","Conner O'Neal","23","A","LAD","C","1653.0","6","Moderate","1431","","","1430","2508","","",""
"2030","Sammy Sass","25","A","CHC","C","","1","","","","","","1653","","",""
"2031","Yeycol Soriano","20","A","CIN","CF","1653.0","4","Tight","1466","","","","1921","","",""
"2032","Bohan Adderley","19","A","NYM","SS","","2","","","","","","1884","","",""
"2033","Shane McGuire","27","AAA","ATH","C","1653.8","4","Tight","1647","","","","2023","","",""
"2034","Diosfran Cabeza","23","A+","ARI","1B","","2","","","","","","2062","","",""
"2035","Reivaj Garcia","24","AAA","CHC","2B","","1","","","","","","1655","","",""
"2036","Jose Rodriguez","21","A","MIN","2B","","1","","","","","","1657","","",""
"2037","Luis De Los Santos","28","MLB","NYM","SS","","1","","","","","","1658","","",""
"2038","Sam Ruta","24","AA","KCR","3B","","2","","","","","","2017","","",""
"2039","Ian Daugherty","23","AAA","MIN","C","1660.0","5","Tight","1786","","","1302","1543","","",""
"2040","Caleb Hobson","24","A+","COL","CF","1660.5","7","Split","1743","","","1463","2545","","",""
"2041","Meylin De Leon","19","CPX","PHI","2B","","1","","","","","","1661","","",""
"2042","Cortland Lawson","26","AA","WSN","SS","1662.5","6","Moderate","1556","","","1308","2557","","",""
"2043","Wes Kath","23","AA","CHW","1B","","3","","","","","","1939","","",""
"2044","Gabriel Rodriguez","18","CPX","PIT","RP","","1","","","","","","1664","","",""
"2045","Luis Mendez","23","A","COL","1B","1666.0","7","Split","1684","","","1448","2638","","",""
"2046","Silas Ardoin","25","AAA","BAL","C","1666.1","7","Moderate","1315","","","1311","2283","","",""
"2047","Kevin Rivas","23","AAA","CLE","1B","1667.5","6","Moderate","1759","","","1133","2420","","",""
"2048","Brady Counsell","23","A+","ARI","LF","1667.7","6","Moderate","1483","","","1322","2392","","",""
"2049","Yosander Asencio","21","A","BOS","LF","","1","","","","","","1668","","",""
"2050","Antonio Gomez","24","AA","NYY","C","","2","","","","","","2050","","",""
"2051","Tytus Cissell","20","A","ARI","SS","1669.2","6","Split","1332","","","1283","2637","","",""
"2052","Drew Bowser","24","AA","CHC","3B","1670.6","7","Moderate","1636","","","1273","2501","","",""
"2053","Jesus Alexander","20","CPX","SFG","1B","","1","","","","","","1671","","",""
"2054","Aldrin Lucas","23","A","KCR","1B","","1","","","","","","1675","","",""
"2055","Kai Murphy","25","AA","SDP","LF","1675.9","7","Moderate","1645","","","1389","2296","","",""
"2056","Anielson Buten","20","A","CIN","LF","1676.0","6","Split","1210","","","1326","2533","","",""
"2057","Nick Raposo","28","AAA","SEA","C","1676.1","4","Moderate","1720","","","","2186","","",""
"2058","Diego Mosquera","22","AA","NYM","LF","1676.4","7","Moderate","1476","","","1020","2479","","",""
"2059","Cole Turney","27","A+","DET","LF","","1","","","","","","1677","","",""
"2060","Colton Vincent","26","AAA","SDP","C","1677.8","4","Split","","","","","2513","","",""
"2061","Canon Reeder","23","A","PIT","CF","1679.0","6","Split","1627","","","1426","2445","","",""
"2062","Noah Myers","26","AA","TBR","LF","1679.6","6","Moderate","1789","","","1468","2140","","",""
"2063","Hudson Haskin","27","AAA","BAL","LF","","1","","","","","","1680","","",""
"2064","Andy Polanco","21","A","SFG","CF","1680.8","6","Split","1305","","","1401","2642","","",""
"2065","John Garcia","25","AA","HOU","C","1681.0","7","Moderate","1685","","","1371","2369","","",""
"2066","Edrei Campos","21","A","BAL","3B","","1","","","","","","1682","","",""
"2067","Gregory Bozzo","24","A","NYY","C","","2","","","","","","1806","","",""
"2068","Samuel Escudero","22","AA","PIT","C","1682.6","5","Tight","1568","","","1193","2008","","",""
"2069","Mac Guscette","24","A+","ATL","C","1682.6","7","Tight","1706","","","1340","2118","","",""
"2070","Cooper Bowman","26","AAA","TBR","2B","1685.0","4","Tight","1667","","","","1211","","",""
"2071","Aaron Antonini","27","AAA","DET","C","","3","","1734","","","","1539","","",""
"2072","Daunte Stuart","25","A+","PHI","2B","1685.7","6","Moderate","1731","","","1452","2247","","",""
"2073","Drew Swift","27","AAA","ATH","SS","1687.5","4","Split","1524","","","","2551","","",""
"2074","Cole Fontenelle","24","AA","LAA","3B","1688.5","7","Split","1530","","","1376","2389","","",""
"2075","Broedy Poppell","24","A","SFG","C","1691.5","6","Moderate","1702","","","1443","2523","","",""
"2076","David Beckles","22","A","TOR","1B","1692.0","6","Tight","1445","","","1369","1979","","",""
"2077","Ricardo Genoves","27","AAA","TBR","C","","1","","","","","","1693","","",""
"2078","Matt O'Neill","28","AAA","ARI","C","1693.8","4","Tight","1716","","","","2109","","",""
"2079","Kendrick Herrera","19","CPX","PIT","SS","","1","","","","","","1696","","",""
"2080","Isaac Pena","22","A","MIN","3B","","1","","","","","","1698","","",""
"2081","Spencer Bramwell","27","AAA","MIA","C","","2","","","","","","2003","","",""
"2082","Juan Rosas","20","A","TOR","C","1699.8","4","Tight","1268","","","","1925","","",""
"2083","Dayne Leonard","26","AAA","CIN","C","1699.8","5","Tight","1478","","","1412","1838","","",""
"2084","Alan Espinal","24","A+","COL","C","1699.9","7","Moderate","1575","","","1419","2667","","",""
"2085","Charles Mack","26","AA","WSN","SS","","1","","","","","","1700","","",""
"2086","Scott Kingery","32","MLB","LAA","2B","","3","","","","","","2192","","",""
"2087","Sam White","22","CPX","TOR","2B","","1","","","","","","1702","","",""
"2088","Ethan Hearn","25","AAA","CHC","C","1703.9","7","Tight","1607","","","1398","2151","","",""
"2089","Yaikel Mijares","20","A","CLE","3B","1703.9","7","Moderate","1489","","","1381","2440","","",""
"2090","Garrett Howe","23","A+","CLE","2B","1704.7","7","Split","1699","","","1410","2583","","",""
"2091","Edward Vargas","22","A","CHC","RF","1705.7","6","Moderate","1644","","","1402","2509","","",""
"2092","Tres Gonzalez","25","AA","PIT","LF","","1","","","","","","1708","","",""
"2093","Tommy Sacco Jr.","27","AAA","HOU","LF","1709.1","4","Split","1616","","","","2548","","",""
"2094","Carlos Tavares","20","A","WSN","1B","","1","","","","","","1710","","",""
"2095","Yoelvis Betancourt","18","CPX","ATL","C","","1","","","","","","1712","","",""
"2096","Archer Brookman","27","AA","ATL","C","1712.3","4","Moderate","1596","","","","2312","","",""
"2097","Brian Navarreto","31","MLB","MIA","C","","3","","","","","","1993","","",""
"2098","Bladimir Restituyo","24","AA","MIL","LF","","1","","","","","","1713","","",""
"2099","Cade Hunter","25","AA","CIN","C","1713.5","7","Moderate","1464","","","1367","2394","","",""
"2100","Jorel Ortega","25","AA","MIN","2B","1715.9","7","Moderate","1768","","","1450","2164","","",""
"2101","Jorge Corona","25","AA","CHW","C","1716.0","7","Tight","1525","","","1349","2258","","",""
"2102","Douglas Glod","21","A","ATL","RF","","1","","","","","","1718","","",""
"2103","Jimmy Obertop","26","AA","COL","1B","1719.6","6","Moderate","1585","","","1325","2378","","",""
"2104","Justin Janas","25","A+","ATL","RF","","1","","","","","","1721","","",""
"2105","Oswaldo Linares","23","AA","SDP","C","1721.7","7","Moderate","1711","","","1411","2374","","",""
"2106","Camilo Diaz","20","A","HOU","3B","1721.8","6","Moderate","1280","","","1392","2491","","",""
"2107","Tevin Tucker","26","AAA","COL","2B","1722.3","5","Split","1723","","","","2485","","",""
"2108","Taylor Darden","26","A+","NYM","2B","1722.8","4","Tight","1816","","","1439","1918","","",""
"2109","Will Holland","28","AAA","MIN","SS","","1","","","","","","1724","","",""
"2110","Johnathon Thomas","26","AA","WSN","CF","1725.1","5","Split","1637","","","","2615","","",""
"2111","Christian Knapczyk","24","AA","CLE","2B","1725.1","7","Moderate","1579","","","1267","2362","","",""
"2112","Wallace Clark","24","A+","ARI","3B","1726.5","6","Moderate","1690","","","1406","2451","","",""
"2113","Nick Hollifield","22","A","WSN","C","1727.3","6","Moderate","1589","","","1378","2287","","",""
"2114","David Banuelos","29","MLB","BAL","C","1728.5","4","Tight","1791","","","","2016","","",""
"2115","Haydn McGeary","26","AA","CHC","1B","","3","","1769","","","","1424","","",""
"2116","Nathan Archer","23","A+","CHW","LF","1730.4","7","Split","1807","","","1425","2655","","",""
"2117","Geovanny Planchart","24","AA","TOR","C","","3","","","","","","2085","","",""
"2118","Angel Mata","21","A","PHI","C","1733.8","6","Moderate","1441","","","1352","2406","","",""
"2119","Ty Hodge","23","A","BOS","SS","1734.5","6","Tight","1729","","","1418","2230","","",""
"2120","Andy Yerzy","27","AAA","STL","C","1735.8","4","Tight","1750","","","","1885","","",""
"2121","Bryce Madron","24","AA","STL","CF","","1","","","","","","1736","","",""
"2122","Nick Dunn","29","AAA","SEA","2B","","1","","","","","","1737","","",""
"2123","Nick Roselli","23","AA","NYM","2B","1738.1","7","Tight","1613","","","1313","2217","","",""
"2124","Frederik Jimenez","21","A","BOS","1B","1738.6","7","Tight","1670","","","1436","2224","","",""
"2125","Jack Winkler","27","MLB","ATH","2B","1739.4","4","Split","1761","","","","2442","","",""
"2126","Hayden Senger","29","MLB","NYM","C","1741.9","4","Moderate","1784","","","","2327","","",""
"2127","Anthony Marquez","19","CPX","SFG","SS","","1","","","","","","1744","","",""
"2128","Jordan Dissin","24","AAA","PHI","C","1744.7","7","Moderate","1608","","","1236","2354","","",""
"2129","Luke Mann","26","AAA","ATH","3B","1744.8","6","Tight","1712","","","1437","2194","","",""
"2130","Ivan Sosa","21","A","KCR","RF","1745.8","6","Moderate","1598","","","1454","2555","","",""
"2131","Nicolas Deschamps","23","AA","TOR","C","","1","","","","","","1746","","",""
"2132","Zach Humphreys","28","AAA","LAA","C","1747.3","4","Moderate","1651","","","","2408","","",""
"2133","Dustin Crenshaw","24","A","SEA","LF","1749.6","7","Split","1757","","","1477","2658","","",""
"2134","Vaun Brown","28","AA","SFG","LF","","1","","","","","","1750","","",""
"2135","C.J. Pittaro","24","A+","ATH","1B","1751.2","7","Moderate","1727","","","1415","2646","","",""
"2136","Maikol Escotto","24","AA","PIT","SS","","1","","","","","","1753","","",""
"2137","Adam Retzbach","25","AAA","BAL","C","1753.1","7","Tight","1675","","","1374","2360","","",""
"2138","Judah Morris","24","A","OAK","1B","1753.2","5","Split","1748","","","","2483","","",""
"2139","Werner Blakely","24","AA","LAA","CF","","1","","","","","","1755","","",""
"2140","Carter Young","25","AAA","BAL","SS","1755.1","7","Split","1562","","","1297","2657","","",""
"2141","Jake Steels","24","A+","ATL","LF","1755.4","5","Moderate","1648","","","1351","2398","","",""
"2142","Oliver Carrillo","24","A+","HOU","1B","","1","","","","","","1757","","",""
"2143","Kellen Strahm","29","AAA","HOU","RF","","3","","1726","","","","2126","","",""
"2144","Jack Goodman","22","A","DET","SS","1758.5","6","Moderate","1629","","","1447","2526","","",""
"2145","Maverick Handley","28","MLB","ATL","C","","2","","","","","","2116","","",""
"2146","Luke Napleton","24","A+","MIN","C","","1","","","","","","1759","","",""
"2147","Erasmi Rodriguez","22","A","CHW","C","","2","","","","","","1847","","",""
"2148","Rubel Cespedes","25","AA","LAA","3B","","2","","","","","","1695","","",""
"2149","Skyler Messinger","27","AA","COL","3B","1763.6","4","Split","1758","","","","2620","","",""
"2150","Mike Jarvis","28","AAA","PIT","LF","1764.9","4","Split","1780","","","","2549","","",""
"2151","Austin Green","24","A","NYY","2B","1765.0","6","Moderate","1713","","","1431","2475","","",""
"2152","Anthony Vilar","27","AAA","SDP","2B","1765.5","4","Moderate","1698","","","","2358","","",""
"2153","Cesar Mujica","19","A","PHI","C","","3","","","","","","1860","","",""
"2154","Engel Paulino","19","CPX","MIL","CF","","1","","","","","","1767","","",""
"2155","Kyle McCann","28","MLB","COL","C","","3","","1782","","","","1752","","",""
"2156","Ryan Reckley","21","A+","SFG","2B","","2","","","","","","2223","","",""
"2157","Parker Chavers","27","AAA","HOU","RF","","2","","1820","","","","1715","","",""
"2158","Athanael Duarte","21","A","LAA","1B","1767.7","6","Tight","1602","","","1440","2278","","",""
"2159","Trey Faltine","25","AAA","CIN","2B","1767.7","6","Split","1774","","","1469","2632","","",""
"2160","Jose Torres","26","AAA","COL","SS","1768.4","5","Moderate","1737","","","","2243","","",""
"2161","Juanfel Peguero","21","A+","TBR","SS","1768.7","6","Tight","1522","","","1365","2342","","",""
"2162","Onix Vega","27","AAA","NYM","C","","2","","","","","","2143","","",""
"2163","Andrews Sosa","21","A","HOU","C","","1","","","","","","1771","","",""
"2164","Joshua Francis","19","CPX","SEA","LF","","1","","","","","","1772","","",""
"2165","Rafael Lantigua","28","AAA","PHI","2B","","3","","1760","","","","1926","","",""
"2166","Diego Viloria","23","A","BOS","RP","","1","","","","","","1773","","",""
"2167","Tyler Miller","26","AAA","PHI","1B","1776.9","6","Split","1817","","","1485","2430","","",""
"2168","Ed Howard","24","AAA","CHC","SS","1777.0","7","Moderate","1588","","","1358","2521","","",""
"2169","Eybert Sanchez","18","CPX","ARI","SS","","1","","","","","","1777","","",""
"2170","Chris Sargent","25","AA","SDP","C","1778.6","5","Tight","1655","","","1429","1995","","",""
"2171","David Garcia","26","AA","MIL","C","1779.8","6","Moderate","1810","","","1407","2489","","",""
"2172","Edgardo Villegas","23","CPX","TOR","CF","","1","","","","","","1780","","",""
"2173","Casey Opitz","27","AAA","CHC","C","","3","","1740","","","","2248","","",""
"2174","Josi Novas","21","A","KCR","SS","1785.8","6","Split","1717","","","1472","2654","","",""
"2175","Leider Padilla","19","CPX","LAD","LF","","1","","","","","","1787","","",""
"2176","Kevin Fitzer","24","A+","COL","1B","1788.8","7","Moderate","1686","","","1444","2664","","",""
"2177","Blayberg Diaz","23","A+","MIL","C","1791.1","7","Moderate","1663","","","1403","2621","","",""
"2178","Caleb Berry","24","A","BOS","C","","1","","","","","","1792","","",""
"2179","Yoerny Junco","21","CPX","STL","3B","","1","","","","","","1793","","",""
"2180","Chase Meggers","23","A+","NYM","C","1793.8","6","Moderate","1674","","","1350","2580","","",""
"2181","Anthony Frobose","18","CPX","NYM","SS","","1","","","","","","1795","","",""
"2182","Jonathan Alcantara","18","CPX","PHI","SS","","1","","","","","","1796","","",""
"2183","Moises Alcala","23","A","ARI","C","","2","","","","","","2227","","",""
"2184","Johnny Tincher","24","AA","BAL","C","1799.0","5","Moderate","1696","","","1243","2326","","",""
"2185","Ben Newton","24","AAA","OAK","3B","1799.8","6","Moderate","1756","","","1453","2499","","",""
"2186","Brady O'Brien","24","A","SEA","3B","1800.2","6","Split","1773","","","1445","2603","","",""
"2187","Gabriel Azocar","18","CPX","PHI","C","","1","","","","","","1801","","",""
"2188","Roismar Quintana","23","A+","WSN","RF","","1","","","","","","1802","","",""
"2189","Carter Gwost","19","CPX","PIT","LF","","1","","","","","","1805","","",""
"2190","Brian Kalmer","25","A+","CHC","1B","","2","","","","","","1704","","",""
"2191","Daniel Rojas","20","A","STL","LF","1806.5","4","Tight","","","","","2335","","",""
"2192","Yeider Mindiola","19","CPX","NYM","C","","1","","","","","","1807","","",""
"2193","Connor Dykstra","25","A","SEA","C","1807.7","7","Moderate","1798","","","1480","2571","","",""
"2194","Nick Monile","22","A","MIL","LF","1808.2","5","Tight","1682","","","1346","2177","","",""
"2195","Wyatt Young","26","AAA","NYM","2B","1808.6","5","Moderate","1745","","","","2334","","",""
"2196","Daniel Vellojin","26","AA","TBR","C","1808.9","5","Moderate","1600","","","","2366","","",""
"2197","Cody Milligan","27","AAA","ATL","CF","","1","","","","","","1809","","",""
"2198","Cruzmel Arias","22","A","COL","1B","","3","","","","","","2576","","",""
"2199","George Feliz","23","A","SEA","CF","1810.4","7","Moderate","1744","","","1479","2656","","",""
"2200","Anthuan Valencia","21","A","CIN","LF","1811.2","6","Moderate","1553","","","1388","2586","","",""
"2201","TT Bowens","28","AAA","NYM","1B","","3","","1823","","","","1747","","",""
"2202","Nick Kahle","28","AAA","MIL","C","","1","","","","","","1813","","",""
"2203","Justin Johnson","26","AA","KCR","2B","1813.2","6","Split","1793","","","1451","2624","","",""
"2204","Tim Piasentin","19","CPX","TOR","3B","","1","","","","","","1814","","",""
"2205","Jax Biggers","29","AAA","HOU","2B","1814.3","4","Split","1813","","","","2611","","",""
"2206","John Michael Faile","26","A+","CIN","1B","1815.0","6","Split","1776","","","1460","2634","","",""
"2207","Wyatt Henseler","24","A+","WSN","3B","","1","","","","","","1817","","",""
"2208","Alex Birge","23","A","STL","C","1818.2","6","Moderate","1584","","","1461","2511","","",""
"2209","Juan Castillo","23","A+","COL","C","1818.2","7","Moderate","1639","","","1435","2668","","",""
"2210","Connor Scott","26","AA","KCR","RF","1818.5","4","Split","1739","","","","2566","","",""
"2211","Yojanser Calzado","19","CPX","CIN","CF","","1","","","","","","1819","","",""
"2212","Luis Reyes","22","A","CIN","RP","","1","","","","","","1820","","",""
"2213","Alec Gomez","24","CPX","LAA","2B","","1","","","","","","1821","","",""
"2214","Anthony Silva","22","A+","CLE","2B","","3","","1679","","","","1986","","",""
"2215","Ryan Picollo","24","A","SEA","RF","1822.9","7","Moderate","1777","","","1486","2600","","",""
"2216","Kay-Lan Nicasia","24","AA","MIL","RF","","3","","1656","","","","1845","","",""
"2217","Donte Grant","21","CPX","SDP","CF","","1","","","","","","1824","","",""
"2218","Diego Guzman","22","AA","KCR","3B","1824.2","7","Moderate","1701","","","1442","2640","","",""
"2219","Darlin Moquete","26","AA","STL","LF","","1","","","","","","1825","","",""
"2220","Joe Delossantos","25","A+","NYY","LF","","1","","","","","","1826","","",""
"2221","Eric Yang","28","MLB","CHC","C","1826.6","4","Moderate","1732","","","","2415","","",""
"2222","Caleb Shpur","24","A+","DET","RF","1827.5","6","Moderate","1738","","","1449","2584","","",""
"2223","Drew Ehrhard","27","AA","BOS","1B","","2","","1714","","","","1942","","",""
"2224","Nate Rombach","25","AA","WSN","C","1828.0","6","Moderate","1766","","","1414","2598","","",""
"2225","Yosweld Vasquez","21","A","HOU","C","1828.3","6","Tight","1680","","","1441","2492","","",""
"2226","Yhoswar Garcia","24","A+","MIL","LF","","1","","","","","","1829","","",""
"2227","Yohander Linarez","21","A","BOS","3B","","1","","","","","","1832","","",""
"2228","Peter Burns","26","A+","LAA","C","1833.3","5","Tight","1754","","","","2329","","",""
"2229","Wilian Trinidad","20","CPX","TBR","3B","","1","","","","","","1834","","",""
"2230","Yerlin Luis","20","A","CLE","LF","1834.7","6","Split","1548","","","1385","2649","","",""
"2231","Matt Suggs","26","AA","WSN","C","1834.8","6","Moderate","1804","","","1476","2578","","",""
"2232","Landon Arroyos","19","CPX","HOU","SS","","1","","","","","","1835","","",""
"2233","Daniel Mielcarek","20","CPX","LAD","DH","","1","","","","","","1836","","",""
"2234","Danyer Cueva","22","AA","TEX","SS","","2","","","","","","1899","","",""
"2235","Romeli Espinosa","18","A","PHI","SS","","2","","","","","","1988","","",""
"2236","Jorge Hernandez","20","A","KCR","2B","","1","","","","","","1839","","",""
"2237","Jacob Hinderleider","25","A+","COL","1B","1839.5","7","Moderate","1763","","","1474","2677","","",""
"2238","Livan Soto","26","MLB","BAL","SS","","1","","","","","","1840","","",""
"2239","Colin Burgess","25","AA","ATL","C","1840.9","7","Moderate","1783","","","1471","2629","","",""
"2240","Cal Stark","23","A+","TEX","C","1845.7","7","Moderate","1718","","","1457","2670","","",""
"2241","Leiker Figueroa","21","A","ATL","3B","","1","","","","","","1846","","",""
"2242","Maximus Martin","22","A+","BOS","SS","","2","","","","","","1958","","",""
"2243","Aaron Graeber","23","A+","LAA","RF","1848.7","6","Moderate","1624","","","1456","2609","","",""
"2244","D'Angelo Tejada","20","A","CHW","SS","1848.7","6","Moderate","1753","","","1475","2618","","",""
"2245","Troy Schreffler Jr.","25","A+","PHI","LF","","1","","","","","","1849","","",""
"2246","Jesus Valdez","28","AAA","ARI","3B","1849.8","4","Moderate","1821","","","","2443","","",""
"2247","Ramon Peralta","22","A","SFG","SS","","1","","","","","","1852","","",""
"2248","Robin Ortiz","19","CPX","CHC","CF","","1","","","","","","1855","","",""
"2249","Connor Kaiser","29","MLB","ARI","2B","1857.8","4","Moderate","1824","","","","2379","","",""
"2250","Blaze O'Saben","25","A","MIN","CF","","1","","","","","","1858","","",""
"2251","Frank Mieses","18","CPX","CHW","CF","","1","","","","","","1859","","",""
"2252","Cade Fergus","25","AAA","PHI","CF","1859.2","6","Tight","1799","","","1481","2204","","",""
"2253","Jason Matthews","29","AAA","CHW","3B","1859.8","4","Split","1803","","","","2569","","",""
"2254","Wyatt Hoffman","27","AA","SDP","LF","1860.5","4","Split","1566","","","","2678","","",""
"2255","Brandon Lewis","27","AA","PHI","1B","1860.9","4","Moderate","1802","","","","2448","","",""
"2256","Juan Alvarez","20","A","ARI","1B","","2","","","","","","2139","","",""
"2257","Yojancel Cabrera","18","CPX","LAA","RF","","1","","","","","","1863","","",""
"2258","Mac McCroskey","26","AA","LAA","2B","1863.7","5","Split","1688","","","","2652","","",""
"2259","Hunter Ensley","24","A+","KCR","LF","","1","","","","","","1865","","",""
"2260","Leonel Vivas","19","CPX","CHC","SS","","1","","","","","","1866","","",""
"2261","Ian Francis","23","A","CIN","C","1867.0","5","Tight","1746","","","1470","2364","","",""
"2262","John Cristino","26","AA","NYY","C","1871.8","4","Tight","1778","","","","2114","","",""
"2263","Josh Zamora","27","AA","MIA","3B","","1","","","","","","1872","","",""
"2264","Dylan King","23","A","CIN","C","1872.7","6","Moderate","1668","","","1466","2631","","",""
"2265","Williams Wong","20","CPX","TEX","2B","","1","","","","","","1873","","",""
"2266","CJ Rodriguez","25","AA","ATH","C","1874.1","4","Split","1554","","","","2644","","",""
"2267","Humberto Tiberi","19","CPX","LAA","C","","1","","","","","","1876","","",""
"2268","Caleb McNeely","26","A","MIN","RF","","1","","","","","","1878","","",""
"2269","Yulian Barreto","18","CPX","SFG","2B","","1","","","","","","1879","","",""
"2270","Devin Ortiz","27","AA","WSN","3B","1879.8","4","Split","1809","","","","2561","","",""
"2271","Abel Lorenzo","20","A","LAD","RF","","2","","","","","","2338","","",""
"2272","Maikel Hernandez","23","A+","STL","SP","","1","","","","","","1881","","",""
"2273","Juan Elejandro","18","CPX","ATL","2B","","1","","","","","","1882","","",""
"2274","Newremberg Rondon","22","A","DET","1B","1884.4","5","Moderate","1594","","","1459","2594","","",""
"2275","Jackson Hauge","25","A","NYM","1B","1885.2","5","Tight","1815","","","1482","2277","","",""
"2276","Robert Gonzalez","21","A","ATL","CF","","1","","","","","","1886","","",""
"2277","Matt Hogan","26","AAA","CHW","CF","","1","","","","","","1887","","",""
"2278","Raimel Medina","21","CPX","KCR","LF","","1","","","","","","1889","","",""
"2279","Adrian Bello","20","CPX","MIA","C","","1","","","","","","1890","","",""
"2280","Jack Dunn","29","AAA","WSN","SS","","1","","","","","","1891","","",""
"2281","Christian Fagnant","25","A","WSN","C","","2","","","","","","2024","","",""
"2282","Jacob Lojewski","24","A+","TOR","SS","","1","","","","","","1893","","",""
"2283","Jake Zitella","21","CPX","NYM","3B","","1","","","","","","1895","","",""
"2284","Agustin Acosta","21","CPX","LAD","CF","","1","","","","","","1897","","",""
"2285","Diego Benitez","21","A","ATL","1B","","1","","","","","","1898","","",""
"2286","Carlos De La Cruz","26","AAA","WSN","RF","","1","","","","","","1901","","",""
"2287","Raily Liriano","19","CPX","ARI","CF","","2","","","","","","2225","","",""
"2288","Carlos Linarez","24","AAA","STL","C","","3","","1561","","","","2165","","",""
"2289","Brock Vradenburg","24","A+","PHI","1B","1904.8","6","Tight","1779","","","1467","2590","","",""
"2290","Nomar Fana","23","A","DET","RF","","1","","","","","","1906","","",""
"2291","Jorge Ramirez","20","CPX","SFG","C","","1","","","","","","1907","","",""
"2292","Wilson Weber","24","A+","MIA","C","1907.8","6","Moderate","1715","","","1438","2673","","",""
"2293","Max Viera","25","CPX","TOR","3B","","1","","","","","","1908","","",""
"2294","Adam Hall","27","AAA","MIL","LF","","1","","","","","","1909","","",""
"2295","Zavier Warren","27","AA","CIN","1B","","3","","1770","","","","2220","","",""
"2296","Brenny Escanio","23","A+","NYY","SS","","1","","","","","","1912","","",""
"2297","Wilman Diaz","22","A+","LAD","2B","","1","","","","","","1913","","",""
"2298","Kyle Dernedde","25","AAA","CLE","2B","","2","","","","","","2403","","",""
"2299","Diego Gonzalez","23","AAA","PHI","1B","","1","","","","","","1915","","",""
"2300","Jonathan Vastine","23","A+","SDP","SS","1915.3","6","Moderate","1687","","","1473","2647","","",""
"2301","Luis Rodriguez","21","A","LAA","SP","","2","","","","","","2288","","",""
"2302","Sandy Luciano","19","CPX","KCR","RF","","1","","","","","","1920","","",""
"2303","Will Cresswell","22","A","TOR","C","1921.3","6","Moderate","1721","","","1478","2661","","",""
"2304","Scott Mudler","23","CPX","PHI","C","","1","","","","","","1922","","",""
"2305","Milo Rushford","22","A","KCR","RF","","1","","","","","","1923","","",""
"2306","Rodny Rosario","18","CPX","CLE","3B","","1","","","","","","1924","","",""
"2307","Angel Nieblas","20","CPX","ATL","3B","","1","","","","","","1927","","",""
"2308","Cam Eden","28","MLB","NYY","RF","","1","","","","","","1928","","",""
"2309","Carlos Rojas","23","A+","LAD","C","","1","","","","","","1931","","",""
"2310","Jesus Fernandez","20","A","OAK","SS","","1","","","","","","1932","","",""
"2311","Joe Campagna","29","AA","DET","C","","3","","1801","","","","2255","","",""
"2312","Joel Mendez","23","A","NYY","LF","","1","","","","","","1934","","",""
"2313","Yhoangel Aponte","22","A","TOR","CF","","1","","","","","","1936","","",""
"2314","Jack Scanlon","25","A","NYM","C","1936.5","4","Tight","1814","","","1487","2449","","",""
"2315","Gabriel Lopez","20","CPX","COL","C","","1","","","","","","1937","","",""
"2316","Hayden Travinski","25","CPX","HOU","1B","","1","","","","","","1941","","",""
"2317","Blake Robertson","25","A+","TBR","1B","","1","","","","","","1943","","",""
"2318","Tyler Robertson","26","AA","SDP","CF","","1","","","","","","1944","","",""
"2319","Murphy Stehly","27","AA","WSN","3B","","2","","1797","","","","2093","","",""
"2320","Roiner Quintana","21","CPX","HOU","2B","","1","","","","","","1945","","",""
"2321","Evan Estevez","18","CPX","SFG","1B","","1","","","","","","1946","","",""
"2322","Roybert Herrera","19","CPX","NYM","1B","","1","","","","","","1947","","",""
"2323","Esterling Rodriguez","20","CPX","PHI","CF","","1","","","","","","1948","","",""
"2324","Yeral Martinez","23","A","MIA","1B","","1","","","","","","1950","","",""
"2325","Eddy Rodriguez","22","A","PIT","RF","","1","","","","","","1951","","",""
"2326","Jack Rogers","27","AAA","WSN","RF","","3","","1806","","","","2191","","",""
"2327","Jonny Butler","27","AA","OAK","LF","","1","","","","","","1952","","",""
"2328","Luis Mieses","26","AA","TEX","RF","","1","","","","","","1953","","",""
"2329","R.J. Yeager","27","AA","STL","1B","","1","","","","","","1954","","",""
"2330","Carlos Gutierrez","22","A","CLE","RF","","1","","","","","","1955","","",""
"2331","Juan Cruz","22","CPX","SEA","CF","","1","","","","","","1956","","",""
"2332","Carter Howell","27","AA","SFG","CF","","1","","","","","","1959","","",""
"2333","Connor Burns","24","AA","CIN","C","","2","","","","","","2553","","",""
"2334","Steven Ondina","24","A","BAL","LF","","1","","","","","","1961","","",""
"2335","Pierce Bennett","25","A+","PHI","2B","","1","","","","","","1963","","",""
"2336","Jose Gonzalez","25","AA","HOU","SP","","1","","","","","","1965","","",""
"2337","Carlos De Sousa","20","CPX","TBR","C","","1","","","","","","1966","","",""
"2338","Daniel McElveny","23","A","COL","C","","1","","","","","","1969","","",""
"2339","Edwardo Espinal","20","A","LAA","CF","","1","","","","","","1971","","",""
"2340","Drake Osborn","27","AAA","ARI","C","","1","","","","","","1973","","",""
"2341","Jostin Ogando","18","CPX","BOS","1B","","1","","","","","","1974","","",""
"2342","Ryan Wrobleski","26","AAA","HOU","C","","1","","","","","","1975","","",""
"2343","Dilan Granadillo","25","A+","CHC","C","1977.0","4","Split","1812","","","","2662","","",""
"2344","Arlenn Manzanillo","18","CPX","ATL","C","","1","","","","","","1978","","",""
"2345","Israfell Bautista","19","CPX","TBR","CF","","1","","","","","","1982","","",""
"2346","Joyner Perez","18","CPX","MIN","LF","","1","","","","","","1983","","",""
"2347","Ismael Mena","23","A","CHC","CF","","1","","","","","","1987","","",""
"2348","Joe Naranjo","25","AA","WSN","1B","","1","","","","","","1989","","",""
"2349","Cade Bunnell","29","AAA","ATL","1B","","1","","","","","","1990","","",""
"2350","Ripken Reyes","29","AAA","SDP","2B","","1","","","","","","1994","","",""
"2351","Joaquin Arias Jr.","19","CPX","TEX","LF","","2","","","","","","2477","","",""
"2352","Juan Chacon","23","AA","BOS","LF","","1","","","","","","1997","","",""
"2353","Korey Holland","26","AAA","LAA","LF","","1","","","","","","1998","","",""
"2354","Ariel Castro","20","CPX","MIN","RF","","1","","","","","","2001","","",""
"2355","Eriandys Ramon","23","AA","CHC","SS","","1","","","","","","2002","","",""
"2356","Anderson Suriel","23","A","CHC","RF","","1","","","","","","2005","","",""
"2357","Jake Snider","28","AA","TEX","LF","","3","","1818","","","","2336","","",""
"2358","Andy Acevedo","20","CPX","WSN","CF","","1","","","","","","2009","","",""
"2359","Angelo Mora","21","CPX","CIN","C","","1","","","","","","2011","","",""
"2360","Kolby Johnson","26","A+","BOS","OF","","1","","","","","","2012","","",""
"2361","Juan Gonzalez","25","AAA","CHW","C","","2","","","","","","2128","","",""
"2362","Danny Gonzalez","21","CPX","MIA","LF","","1","","","","","","2020","","",""
"2363","Kody Hoese","28","AAA","LAD","3B","","1","","","","","","2021","","",""
"2364","Yanuel Casiano","19","CPX","CIN","C","","1","","","","","","2022","","",""
"2365","Iverson Espinoza","23","A+","CIN","2B","","1","","","","","","2027","","",""
"2366","Santiago Contreras","20","CPX","SDP","C","","1","","","","","","2029","","",""
"2367","Alejandro Rios","21","A+","ARI","C","","2","","","","","","2208","","",""
"2368","Dionmy Salon","24","AA","KCR","C","","1","","","","","","2034","","",""
"2369","Ben McCabe","26","AA","COL","C","","3","","","","","","2674","","",""
"2370","Adan Sanchez","21","CPX","CHC","C","","1","","","","","","2035","","",""
"2371","Alejandro Pereira","19","CPX","OAK","C","","1","","","","","","2036","","",""
"2372","Leandro Alsinois","21","A","CHW","RF","2036.0","4","Tight","1741","","","","2607","","",""
"2373","Jackson Feltner","24","A+","ARI","1B","","1","","","","","","2037","","",""
"2374","Dalton Davis","25","A","SEA","1B","","1","","","","","","2038","","",""
"2375","Hudson Head","25","AA","PIT","RF","","1","","","","","","2042","","",""
"2376","Thomas Takayoshi","25","AA","OAK","C","2043.8","4","Tight","1795","","","","2610","","",""
"2377","Mat Nelson","27","AA","CIN","C","","1","","","","","","2045","","",""
"2378","John Rhodes","25","AA","LAD","1B","","1","","","","","","2048","","",""
"2379","Gavin Dugas","26","A+","WSN","3B","","3","","1765","","","","2507","","",""
"2380","Yendry Rojas","21","A","SDP","SS","","1","","","","","","2056","","",""
"2381","Bryce Willits","26","AA","HOU","3B","","1","","","","","","2058","","",""
"2382","Edwin Brito","19","CPX","BOS","LF","","1","","","","","","2059","","",""
"2383","Darling Fernandez","20","CPX","ATH","RF","","1","","","","","","2060","","",""
"2384","Sean Barnett","23","A+","SDP","DH","","1","","","","","","2061","","",""
"2385","Wilton Lara","22","A+","HOU","3B","","1","","","","","","2063","","",""
"2386","Isaias Dipre","23","CPX","PIT","SS","","1","","","","","","2064","","",""
"2387","Kelvin Diaz","23","A+","BOS","2B","","1","","","","","","2066","","",""
"2388","Yu-Lin Liao","18","CPX","MIL","3B","","1","","","","","","2069","","",""
"2389","Austin Deming","26","AA","HOU","3B","","1","","","","","","2070","","",""
"2390","Brayan Cortesia","18","CPX","WSN","SS","","1","","","","","","2071","","",""
"2391","Spence Coffman","22","A","SDP","SS","","1","","","","","","2072","","",""
"2392","Jaxx Groshans","27","AA","LAA","C","","1","","","","","","2074","","",""
"2393","Stephen Paolini","25","AA","ATL","RF","","1","","","","","","2075","","",""
"2394","Roosbert Tapia","21","CPX","TBR","3B","","1","","","","","","2076","","",""
"2395","Jacob Buchberger","28","AA","STL","LF","","1","","","","","","2078","","",""
"2396","Gabriel Gomes","22","CPX","CIN","C","","1","","","","","","2079","","",""
"2397","Erick Lara","20","CPX","TBR","3B","","1","","","","","","2080","","",""
"2398","Peyton Carr","24","A+","MIN","1B","","1","","","","","","2083","","",""
"2399","Jordan Thompson","24","A+","LAD","SS","","2","","","","","","2381","","",""
"2400","Justin Capellan","19","CPX","NYY","C","","1","","","","","","2091","","",""
"2401","Carlos Tirado","21","CPX","PIT","1B","","1","","","","","","2092","","",""
"2402","Francesco Barbieri","26","A","WSN","CF","","1","","","","","","2094","","",""
"2403","Eyeksson Rojas","20","CPX","WSN","2B","","1","","","","","","2095","","",""
"2404","Daniel Montesino","22","A","SDP","LF","","1","","","","","","2096","","",""
"2405","Donta' Williams","27","AAA","WSN","CF","","1","","","","","","2098","","",""
"2406","Alexander Benua","22","A","ARI","LF","","1","","","","","","2104","","",""
"2407","Yeremi Villahermosa","23","AA","LAA","C","","1","","","","","","2105","","",""
"2408","Alfredo Benzan","19","CPX","ARI","CF","","1","","","","","","2106","","",""
"2409","Angel Garcia","19","CPX","BAL","RF","","1","","","","","","2108","","",""
"2410","Colby Smelley","26","AA","CHW","C","","1","","","","","","2113","","",""
"2411","Nicholas Torres","33","AA","NYY","1B","","2","","","","","","2524","","",""
"2412","Abel Bastidas","22","AAA","DET","2B","","1","","","","","","2119","","",""
"2413","Bairon Ledesma","21","CPX","COL","2B","","1","","","","","","2121","","",""
"2414","Walfrent Guzman","21","CPX","SDP","1B","","1","","","","","","2124","","",""
"2415","Jeffry Rosa","21","A","NYM","LF","","1","","","","","","2125","","",""
"2416","Kyle Hess","27","AA","MIN","RF","","1","","","","","","2127","","",""
"2417","Gabriel Silva","22","A","KCR","C","","3","","1796","","","","2597","","",""
"2418","Pedro Dalmagro","20","A","CLE","C","","2","","","","","","2487","","",""
"2419","Tyler Baca","26","A+","WSN","CF","","1","","","","","","2132","","",""
"2420","Cardell Thibodeaux","22","A","SDP","LF","","1","","","","","","2133","","",""
"2421","Kaden Hollow","25","A+","SDP","1B","","1","","","","","","2134","","",""
"2422","Cam Fisher","25","A+","HOU","RF","","1","","","","","","2135","","",""
"2423","Breyias Dean","20","CPX","MIA","3B","","1","","","","","","2137","","",""
"2424","Alejandro Loaiza","22","A","STL","1B","","1","","","","","","2142","","",""
"2425","Colin Summerhill","24","A+","LAA","1B","","2","","","","","","2391","","",""
"2426","Kevin Dume","21","CPX","OAK","1B","","1","","","","","","2145","","",""
"2427","Kade Kern","24","AA","ATL","RF","","1","","","","","","2146","","",""
"2428","Julio E. Rodriguez","29","AA","DET","C","","1","","","","","","2150","","",""
"2429","Milkar Perez","24","A+","SEA","1B","","1","","","","","","2152","","",""
"2430","Michael Turconi","27","AAA","TOR","2B","","1","","","","","","2153","","",""
"2431","Jhonayker Ugarte","19","CPX","KCR","SS","","1","","","","","","2155","","",""
"2432","Brayden Jobert","25","A+","STL","1B","","1","","","","","","2156","","",""
"2433","Manuel German","21","CPX","KCR","1B","","1","","","","","","2157","","",""
"2434","Diego Hernandez","25","AA","KCR","CF","","1","","","","","","2159","","",""
"2435","Kleimir Lemos","21","A","TEX","1B","","1","","","","","","2160","","",""
"2436","Lyle Lin","29","AAA","ATH","C","","1","","","","","","2166","","",""
"2437","Omar Urbina","20","CPX","BAL","1B","","1","","","","","","2167","","",""
"2438","Jefferson Valladares","24","A+","MIN","C","","1","","","","","","2168","","",""
"2439","Kalae Harrison","24","AA","PIT","2B","","1","","","","","","2169","","",""
"2440","Elvis Rijo","22","A+","OAK","2B","","1","","","","","","2172","","",""
"2441","Ismael Javier","20","CPX","SDP","SS","","1","","","","","","2179","","",""
"2442","Rayner Arias","20","A","SFG","LF","","1","","","","","","2180","","",""
"2443","Kevin Hacen","20","CPX","SDP","3B","","1","","","","","","2181","","",""
"2444","Carlos Rondon","20","CPX","NYY","C","","1","","","","","","2182","","",""
"2445","Kale Emshoff","28","AAA","TEX","C","","1","","","","","","2184","","",""
"2446","Juan Obispo","20","CPX","WSN","RF","","1","","","","","","2185","","",""
"2447","Osniel Castillo","20","CPX","CHW","OF","","1","","","","","","2187","","",""
"2448","Deuri Castillo","22","CPX","SEA","1B","","1","","","","","","2188","","",""
"2449","Cole Roberts","25","AA","PHI","SS","","1","","","","","","2190","","",""
"2450","Brenner Cox","22","A+","WSN","RF","","1","","","","","","2196","","",""
"2451","Jalen Battles","26","AAA","TBR","3B","","1","","","","","","2197","","",""
"2452","Jose Gonzalez","21","CPX","LAD","SP","","1","","","","","","2198","","",""
"2453","Landon Hodge","19","CPX","CHW","C","","1","","","","","","2200","","",""
"2454","Logan Dawson","20","A","PHI","SS","","1","","","","","","2203","","",""
"2455","Sam Praytor","27","AA","MIA","C","","1","","","","","","2206","","",""
"2456","Dylan Leach","23","CPX","TOR","C","","1","","","","","","2207","","",""
"2457","Almen Tolentino","19","CPX","MIA","C","","1","","","","","","2210","","",""
"2458","Brennon McNair","23","A","KCR","LF","","1","","","","","","2211","","",""
"2459","Jared Davis","22","CPX","OAK","2B","","1","","","","","","2214","","",""
"2460","Kotaro Tsunematsu","22","CPX","CHC","RF","","1","","","","","","2221","","",""
"2461","Carlos Arroyo","24","A+","ATL","2B","","1","","","","","","2222","","",""
"2462","Robert Brooks","27","AAA","TOR","C","","1","","","","","","2226","","",""
"2463","Alfredo Rodriguez","20","CPX","TBR","C","","1","","","","","","2228","","",""
"2464","Solomon Maguire","23","A","PIT","CF","","1","","","","","","2233","","",""
"2465","Edrick Felix","24","A","TOR","3B","","1","","","","","","2234","","",""
"2466","Harry Owen","24","A+","ATL","C","","1","","","","","","2235","","",""
"2467","Andry Batista","19","CPX","TEX","RF","","1","","","","","","2236","","",""
"2468","Giullianno Allende","22","A","KCR","LF","","1","","","","","","2237","","",""
"2469","Ryan Wilson","24","A","SDP","CF","","1","","","","","","2238","","",""
"2470","Justin Miknis","25","A+","PIT","C","","1","","","","","","2239","","",""
"2471","Reece Walling","22","A","MIL","RF","","1","","","","","","2240","","",""
"2472","Konner Piotto","28","AAA","TEX","C","","1","","","","","","2241","","",""
"2473","Jeral Toledo","23","A","PIT","2B","","1","","","","","","2242","","",""
"2474","Josh Hatcher","27","AAA","TEX","RF","","1","","","","","","2245","","",""
"2475","Yancel Guerrero","22","CPX","STL","1B","","1","","","","","","2246","","",""
"2476","Kevin Guerrero","22","A+","BAL","CF","","1","","","","","","2251","","",""
"2477","Jose De La Cruz","24","A","DET","RF","","1","","","","","","2252","","",""
"2478","Daniel Cope","29","AAA","COL","C","","1","","","","","","2253","","",""
"2479","Chris Lopez","21","CPX","STL","C","","1","","","","","","2257","","",""
"2480","Cherif Neymour","21","CPX","MIA","SS","","1","","","","","","2259","","",""
"2481","Starlin Mieses","18","CPX","BAL","RF","","1","","","","","","2260","","",""
"2482","Andrew Miller","28","AAA","SEA","C","","1","","","","","","2261","","",""
"2483","Eduardo Herrera","19","CPX","CHW","RP","","1","","","","","","2264","","",""
"2484","Estivel Morillo","18","CPX","CLE","CF","","1","","","","","","2266","","",""
"2485","Nathan Rose","25","CPX","SEA","3B","","1","","","","","","2267","","",""
"2486","Juan Espinal","19","CPX","ATL","RF","","1","","","","","","2269","","",""
"2487","Luis Meza","21","CPX","TOR","C","","1","","","","","","2270","","",""
"2488","Javier Acevedo","19","CPX","PIT","C","","1","","","","","","2273","","",""
"2489","Jared Wegner","26","AA","NYY","RF","","1","","","","","","2274","","",""
"2490","Moises Valdez","20","CPX","SDP","CF","","1","","","","","","2276","","",""
"2491","David Smith","25","A","DET","LF","","1","","","","","","2280","","",""
"2492","Joseph Tailor","20","CPX","MIA","2B","","1","","","","","","2282","","",""
"2493","Logan Cerny","26","AA","HOU","CF","","1","","","","","","2284","","",""
"2494","Freider Rojas","20","CPX","MIL","C","","1","","","","","","2289","","",""
"2495","Ronaiker Palma","26","AAA","COL","C","","1","","","","","","2290","","",""
"2496","Emil Turbi","21","AAA","SDP","SS","","1","","","","","","2295","","",""
"2497","Roiber Niazoa","21","A","ATL","1B","","1","","","","","","2298","","",""
"2498","Alen Pineda","21","A+","ATL","C","","1","","","","","","2299","","",""
"2499","Helder Rosario","21","CPX","WSN","C","","1","","","","","","2301","","",""
"2500","Maikol Orozco","20","CPX","DET","LF","","1","","","","","","2303","","",""
"2501","Randy Martinez","19","CPX","CLE","1B","","1","","","","","","2305","","",""
"2502","Yohander Martinez","24","A","MIN","SS","","1","","","","","","2306","","",""
"2503","Manuel Dos Passos","19","CPX","ATL","C","","1","","","","","","2307","","",""
"2504","Rafael Morel","24","AAA","CHC","RF","","1","","","","","","2308","","",""
"2505","Ian Farrow","23","A","PIT","RF","","1","","","","","","2309","","",""
"2506","Michael Curialle","25","A+","STL","RF","","1","","","","","","2310","","",""
"2507","Luis De Leon","20","CPX","SDP","2B","","1","","","","","","2311","","",""
"2508","Cristopher Acosta","18","CPX","MIL","SS","","1","","","","","","2313","","",""
"2509","Luis Quesada","21","CPX","HOU","RF","","1","","","","","","2314","","",""
"2510","Carter Aldrete","28","AA","OAK","2B","","1","","","","","","2316","","",""
"2511","Jesus Morales","18","CPX","KCR","C","","1","","","","","","2317","","",""
"2512","Cole McConnell","25","A+","CHW","LF","","1","","","","","","2324","","",""
"2513","Javier Pariguan","22","CPX","OAK","C","","1","","","","","","2325","","",""
"2514","Jace Grady","25","A+","ATL","CF","","1","","","","","","2330","","",""
"2515","Connor Pavolony","26","AAA","BAL","C","","1","","","","","","2331","","",""
"2516","Jhojan Downer","19","CPX","SDP","C","","1","","","","","","2340","","",""
"2517","Josh Crouch","27","AA","LAA","C","","1","","","","","","2341","","",""
"2518","Kevin Ereu","20","CPX","MIL","1B","","1","","","","","","2344","","",""
"2519","Karim Ayubi","22","A","BOS","CF","","1","","","","","","2345","","",""
"2520","Gabriel Rosado","20","CPX","DET","C","","1","","","","","","2346","","",""
"2521","Wade Stauss","27","AAA","STL","C","","1","","","","","","2348","","",""
"2522","Elian Rayo","23","A","SFG","3B","","1","","","","","","2350","","",""
"2523","Dalvy Rosario","25","AAA","MIA","LF","","1","","","","","","2351","","",""
"2524","Jackson Ross","26","A+","WSN","1B","","1","","","","","","2353","","",""
"2525","Brady Lindsly","28","AAA","WSN","C","","1","","","","","","2356","","",""
"2526","Leandro Romero","19","CPX","SEA","SS","","1","","","","","","2357","","",""
"2527","Alfonzo Martinez","20","CPX","TBR","RF","","1","","","","","","2359","","",""
"2528","Jose Sanabria","23","AAA","SDP","3B","","1","","","","","","2361","","",""
"2529","Darius Hill","28","AAA","CHC","LF","","1","","","","","","2365","","",""
"2530","Bubba Alleyne","27","AA","LAD","CF","","1","","","","","","2367","","",""
"2531","Luis Pineda","24","A+","CHW","C","","1","","","","","","2370","","",""
"2532","Willy Fanas","22","A","NYM","RF","","1","","","","","","2371","","",""
"2533","Estivenzon Montero","19","CPX","NYY","RF","","1","","","","","","2372","","",""
"2534","Gabriel Moncada","24","A+","SEA","1B","","1","","","","","","2373","","",""
"2535","Braylon Bishop","23","A","PIT","LF","","1","","","","","","2375","","",""
"2536","Naibel Mariano","19","CPX","CIN","SS","","1","","","","","","2376","","",""
"2537","Roger Lasso","22","A","LAD","CF","","1","","","","","","2380","","",""
"2538","Dariel Garcia","19","CPX","COL","2B","","1","","","","","","2382","","",""
"2539","Alejandro Cruz","19","CPX","CHW","3B","","1","","","","","","2384","","",""
"2540","Jancory De La Cruz","20","CPX","MIA","LF","","1","","","","","","2386","","",""
"2541","Dangelo Sarmiento","21","CPX","NYM","2B","","1","","","","","","2388","","",""
"2542","Daniel Campos","20","CPX","CHC","C","","1","","","","","","2390","","",""
"2543","Felix Tena","22","A","COL","RF","","1","","","","","","2396","","",""
"2544","Kennew Blanco","20","CPX","TOR","SS","","1","","","","","","2401","","",""
"2545","Jose Familia","18","CPX","PHI","SS","","1","","","","","","2402","","",""
"2546","Carlos Gonzalez","22","CPX","SEA","1B","","1","","","","","","2405","","",""
"2547","Jesus Castro","21","CPX","SDP","C","","1","","","","","","2407","","",""
"2548","Harrison Spohn","27","AAA","MIA","SS","","1","","","","","","2409","","",""
"2549","Luis Frias","21","CPX","SFG","RP","","1","","","","","","2410","","",""
"2550","Justin Boyd","25","AAA","CLE","RF","","1","","","","","","2411","","",""
"2551","Anthony Sherwin","24","AA","HOU","3B","","1","","","","","","2412","","",""
"2552","Omar Reyes","21","CPX","KCR","1B","","1","","","","","","2413","","",""
"2553","Yordys Valdes","24","AAA","CLE","SS","","1","","","","","","2414","","",""
"2554","Feldi Tavarez","19","CPX","WSN","C","","1","","","","","","2416","","",""
"2555","Jonathan Rivero","20","CPX","PIT","C","","1","","","","","","2417","","",""
"2556","Romtres Cabrera","22","A","STL","LF","","1","","","","","","2418","","",""
"2557","Wilber Sanchez","24","A+","CHW","2B","","1","","","","","","2419","","",""
"2558","Anthony Hall","25","A+","NYY","RF","","1","","","","","","2421","","",""
"2559","Yoander Rivero","24","A+","WSN","2B","","1","","","","","","2423","","",""
"2560","Kyle Hayes","28","AAA","WSN","C","","1","","","","","","2425","","",""
"2561","Diego Rosa","19","CPX","OAK","C","","1","","","","","","2427","","",""
"2562","Jacob Campbell","26","AA","SDP","RF","","1","","","","","","2429","","",""
"2563","Byron Castillo","20","CPX","LAA","CF","","1","","","","","","2432","","",""
"2564","Bryan Martinez","20","CPX","LAA","LF","","1","","","","","","2434","","",""
"2565","Manuel Almeida","18","CPX","SEA","C","","1","","","","","","2435","","",""
"2566","Caleb Pendleton","24","A+","LAA","1B","","1","","","","","","2437","","",""
"2567","Ryan Johnson","25","AAA","HOU","SP","","1","","","","","","2439","","",""
"2568","Malachai Halterman","19","CPX","MIL","LF","","1","","","","","","2441","","",""
"2569","Armando Cruz","22","A+","WSN","2B","","1","","","","","","2444","","",""
"2570","Paulo Asprilla","20","CPX","STL","C","","1","","","","","","2446","","",""
"2571","Cole Urman","24","AA","BAL","C","","1","","","","","","2447","","",""
"2572","Austin Callahan","25","AA","CIN","3B","","1","","","","","","2450","","",""
"2573","Yan Cruz","19","CPX","BOS","RF","","1","","","","","","2454","","",""
"2574","Andru Arthur","20","CPX","STL","CF","","1","","","","","","2456","","",""
"2575","Alexander Martinez","21","A","ATL","C","","1","","","","","","2457","","",""
"2576","Christopher Paciolla","22","A+","CHC","3B","","1","","","","","","2458","","",""
"2577","Jeison Lopez","20","CPX","OAK","CF","","1","","","","","","2459","","",""
"2578","Javier Roman","23","A","MIN","1B","","1","","","","","","2460","","",""
"2579","Hunter Stovall","29","AAA","TBR","SS","","1","","","","","","2461","","",""
"2580","Malvin Valdez","22","A","CIN","LF","","1","","","","","","2462","","",""
"2581","Carson Jones","25","A+","SEA","LF","","1","","","","","","2464","","",""
"2582","Adolfo Miranda","19","CPX","NYM","RF","","1","","","","","","2465","","",""
"2583","Santiago Pinto","20","CPX","DET","LF","","1","","","","","","2467","","",""
"2584","Kevin Sim","24","A+","ARI","1B","","1","","","","","","2468","","",""
"2585","Peyton Holt","25","A","CIN","3B","","1","","","","","","2469","","",""
"2586","Zach Arnold","25","AA","PHI","3B","","1","","","","","","2471","","",""
"2587","Balian Caraballo","20","CPX","LAA","RF","","1","","","","","","2472","","",""
"2588","Gustavo Marquez","21","CPX","SDP","CF","","1","","","","","","2473","","",""
"2589","Edgar Alfonso","22","A","LAA","2B","","1","","","","","","2474","","",""
"2590","Ethan Long","25","A+","SDP","1B","","1","","","","","","2476","","",""
"2591","Jose Serrano","22","A+","CIN","1B","","1","","","","","","2478","","",""
"2592","Caeden Trenkle","25","AA","OAK","CF","","1","","","","","","2481","","",""
"2593","Noelberth Romero","24","AAA","BAL","LF","","1","","","","","","2486","","",""
"2594","Nick Schwartz","25","AAA","OAK","C","","1","","","","","","2488","","",""
"2595","Ethan Lege","25","A","PIT","1B","","1","","","","","","2495","","",""
"2596","Kevin Graham","26","AAA","ARI","LF","","1","","","","","","2503","","",""
"2597","Cristian Gonzalez","24","A+","HOU","SS","","1","","","","","","2505","","",""
"2598","Gabriel Cesa","19","CPX","ATL","LF","","1","","","","","","2510","","",""
"2599","Jessada Brown","23","A","MIA","C","","1","","","","","","2512","","",""
"2600","Juan Corniel","23","AAA","ARI","SS","","1","","","","","","2514","","",""
"2601","Eduarlin Tejeda","21","CPX","SDP","2B","","1","","","","","","2515","","",""
"2602","Colton Bender","27","AA","SDP","C","","1","","","","","","2517","","",""
"2603","Joseph Rodriguez","23","A","OAK","OF","","1","","","","","","2525","","",""
"2604","Chase Valentine","24","AAA","SDP","CF","","1","","","","","","2527","","",""
"2605","Brandon Pimentel","26","A+","WSN","1B","","1","","","","","","2528","","",""
"2606","Haniel German","20","CPX","NYM","OF","","1","","","","","","2529","","",""
"2607","Francisco Vilorio","19","CPX","NYY","CF","","1","","","","","","2530","","",""
"2608","Jose Gerardo","21","CPX","MIA","RP","","1","","","","","","2531","","",""
"2609","T.J. Schofield-Sam","25","AA","OAK","1B","","1","","","","","","2532","","",""
"2610","Anderson Machado","22","CPX","OAK","SS","","1","","","","","","2535","","",""
"2611","Logan Tanner","25","A+","CIN","C","","1","","","","","","2536","","",""
"2612","Gavin Smith","20","CPX","TOR","SS","","1","","","","","","2537","","",""
"2613","Reynaldo De La Paz","20","CPX","OAK","RF","","1","","","","","","2538","","",""
"2614","Jhoan De La Cruz","18","CPX","SDP","SS","","1","","","","","","2539","","",""
"2615","Bryson Horne","27","AA","ATL","1B","","1","","","","","","2540","","",""
"2616","Jefferson Pena","22","A","ARI","LF","","1","","","","","","2541","","",""
"2617","Jared McKenzie","25","AA","WSN","RF","","1","","","","","","2546","","",""
"2618","EJ Andrews Jr.","25","A+","COL","RF","","1","","","","","","2550","","",""
"2619","Jesus Ordonez","26","A+","COL","C","","1","","","","","","2552","","",""
"2620","Jalvin Arias","19","CPX","PHI","LF","","1","","","","","","2554","","",""
"2621","Albert Feliz","24","A+","BOS","1B","","1","","","","","","2556","","",""
"2622","Jackson Nicklaus","23","A+","LAD","1B","","1","","","","","","2558","","",""
"2623","Albert Gutierrez","22","CPX","CHC","1B","","1","","","","","","2559","","",""
"2624","Arfeni Batista","21","CPX","STL","SS","","1","","","","","","2560","","",""
"2625","Peyton Powell","25","A+","TOR","1B","","1","","","","","","2562","","",""
"2626","Lewis German","18","CPX","KCR","CF","","1","","","","","","2563","","",""
"2627","Juan Perez","21","A","SFG","C","","1","","","","","","2567","","",""
"2628","Luis Valdez","26","AA","BAL","2B","","1","","","","","","2568","","",""
"2629","Mitchell Daly","25","AAA","LAA","3B","","1","","","","","","2570","","",""
"2630","Andruw Salcedo","23","A","SEA","C","","1","","","","","","2572","","",""
"2631","Jake Anchia","29","AAA","CLE","C","","1","","","","","","2573","","",""
"2632","B.Y. Choi","24","A","SDP","2B","","1","","","","","","2574","","",""
"2633","Daiber De Los Santos","19","CPX","MIN","SS","","1","","","","","","2575","","",""
"2634","Johan Contreras","21","CPX","NYY","1B","","1","","","","","","2577","","",""
"2635","Jean Perez","24","AAA","COL","2B","","1","","","","","","2579","","",""
"2636","Arnold Prado","21","A","CHW","RF","","1","","","","","","2581","","",""
"2637","Hunter Haas","24","A+","TBR","3B","","1","","","","","","2582","","",""
"2638","Moises Gallardo","23","A","WSN","RF","","1","","","","","","2587","","",""
"2639","Martin Tamara","22","CPX","DET","C","","1","","","","","","2588","","",""
"2640","Myles Emmerson","28","AAA","LAA","C","","1","","","","","","2589","","",""
"2641","Luis Arias","20","CPX","WSN","3B","","1","","","","","","2591","","",""
"2642","Bracewell Taveras","20","A","STL","2B","","1","","","","","","2593","","",""
"2643","Jesus Superlano","20","A","OAK","3B","","1","","","","","","2595","","",""
"2644","Carlos Batista","20","CPX","WSN","LF","","1","","","","","","2596","","",""
"2645","Cesar Franco","24","A+","OAK","RF","","1","","","","","","2599","","",""
"2646","Drew Vogel","24","A+","HOU","3B","","1","","","","","","2601","","",""
"2647","Kevin Maitan","26","AA","MIN","1B","","1","","","","","","2602","","",""
"2648","Martin Gonzalez","21","CPX","SEA","3B","","1","","","","","","2605","","",""
"2649","Cole Foster","24","A+","SFG","3B","","1","","","","","","2606","","",""
"2650","Nathaniel Ochoa Leyva","22","A","WSN","LF","","1","","","","","","2608","","",""
"2651","Bryant Mendez","22","CPX","SEA","2B","","1","","","","","","2612","","",""
"2652","Fabian Lopez","20","CPX","MIA","SS","","1","","","","","","2613","","",""
"2653","Tayler Aguilar","25","A","COL","LF","","1","","","","","","2614","","",""
"2654","German Ortiz","21","A","ATH","1B","","1","","","","","","2616","","",""
"2655","Jesus Bugarin","24","A+","COL","RF","","1","","","","","","2622","","",""
"2656","Justin Trimble","23","A+","HOU","1B","","1","","","","","","2623","","",""
"2657","Luis Freitez","23","A","OAK","RF","","1","","","","","","2626","","",""
"2658","Eduardo Oviedo","21","CPX","PIT","CF","","1","","","","","","2627","","",""
"2659","Andrew Patrick","23","A","PIT","CF","","1","","","","","","2633","","",""
"2660","Miguel Pabon","25","A+","CHC","C","","1","","","","","","2635","","",""
"2661","Luis Marinez","24","A","OAK","1B","","1","","","","","","2636","","",""
"2662","Ben Ramirez","27","AAA","SEA","SS","","1","","","","","","2639","","",""
"2663","Dylan Shockley","29","AAA","PIT","C","","1","","","","","","2643","","",""
"2664","Nelson Beltran","24","A","OAK","OF","","1","","","","","","2645","","",""
"2665","Francisco Garcia","23","A","COL","3B","","1","","","","","","2648","","",""
"2666","Fabian Alcantara","20","CPX","SDP","RF","","1","","","","","","2650","","",""
"2667","Darlyn Montero","24","A+","OAK","1B","","1","","","","","","2651","","",""
"2668","Luis Leones","23","A","CIN","CF","","1","","","","","","2653","","",""
"2669","Nik McClaughry","26","AAA","SDP","SS","","1","","","","","","2659","","",""
"2670","Carlos Concepcion","20","CPX","SFG","RF","","1","","","","","","2660","","",""
"2671","Hancel Almonte","20","CPX","STL","1B","","1","","","","","","2663","","",""
"2672","Grant Smith","25","A","CHW","SS","","1","","","","","","2665","","",""
"2673","Anthony Servideo","27","AAA","BAL","3B","","1","","","","","","2666","","",""
"2674","Yaisel Ramos","23","CPX","STL","CF","","1","","","","","","2669","","",""
"2675","David Avitia","27","AA","CHC","C","","1","","","","","","2671","","",""
"2676","Darius Perry","25","A+","COL","C","","1","","","","","","2672","","",""
"2677","Sahid Valenzuela","28","AAA","OAK","2B","","1","","","","","","2675","","",""
"2678","Noah Barber","21","CPX","KCR","LF","","1","","","","","","2676","","",""
"2679","Mason Dinesen","27","A","CHW","SS","","1","","","","","","2679","","",""