#,Name,Age,Level,Team,Pos,Avg Rank,Coverage,BaGS,FScore,PG+,PLFR,OOPSY Peak,PARS,P.Tilt
"1","Kade Anderson","21","AA","SEA","","1.0","6","1","","1","1","1","1","1"
"2","Travis Sykora","22","AA","WSN","","","2","","1","","","2","",""
"3","Seth Hernandez","20","A+","PIT","","4.3","6","6","","2","3","8","5","2"
"4","Jarlin Susana","22","AA","WSN","","","2","","3","","","9","",""
"5","Ramon Marquez","20","A+","PHI","","8.8","7","3","10","4","2","14","17","12"
"6","Anthony Eyanson","21","AA","BOS","","17.7","6","15","","6","9","5","16","55"
"7","Christian Zazueta","21","AA","LAD","","21.9","7","36","29","18","5","33","13","19"
"8","Joseph Dzierwa","22","AA","BAL","","25.3","6","17","","5","13","17","6","94"
"9","Mason Peters","22","A","SEA","","27.3","6","40","","40","31","25","25","3"
"10","Robby Snelling","22","MLB","MIA","","29.0","6","2","","71","6","6","4","85"
"11","Nicolo Pinazzi","26","AAA","LAA","","","2","","","","","56","","4"
"12","Yordanny Monegro","23","AA","BOS","","","2","","44","","","23","",""
"13","Ricky Tiedemann","23","AAA","TOR","","","1","","","","","35","",""
"14","Karson Milbrandt","22","AAA","MIA","","38.7","7","24","47","3","25","68","3","101"
"15","Ryan Sloan","20","AA","SEA","","38.9","7","45","77","19","4","4","2","122"
"16","Justin Lamkin","22","AA","KCR","","39.0","6","28","","65","11","34","34","62"
"17","Jefry Yan","29","AAA","COL","","40.3","3","","75","","","30","","16"
"18","Nolan Perry","22","AA","TOR","","42.9","7","32","50","49","7","104","52","6"
"19","Jackson Steensma","22","A","SEA","","45.8","4","61","","","14","64","44",""
"20","Caden Hunter","22","A+","BAL","","46.8","6","50","","74","24","37","67","29"
"21","Josh Ekness","24","MLB","MIA","","","2","","","","28","66","",""
"22","Brandon Clarke","23","A+","STL","","","1","","","","","49","",""
"23","Ryan Johnson","23","MLB","LAA","","53.4","7","11","8","87","8","167","70","23"
"24","Gage Wood","22","AA","PHI","","53.8","6","157","","59","23","53","11","20"
"25","Ty Johnson","24","AAA","TBR","","54.1","7","20","13","84","46","11","28","177"
"26","Joe Glassey","24","A+","BAL","","54.5","4","","6","","104","100","","8"
"27","Cristian Alvarado","31","AA","SFG","","","1","","","","","58","",""
"28","Braeden Sloan","22","A+","BAL","","58.3","3","","","","99","19","","57"
"29","Owen Proksch","22","A+","TEX","","59.0","3","","","","69","90","","18"
"30","Andrew Baker","26","AAA","COL","","62.5","3","","63","","","98","","27"
"31","Tony Rossi","26","AA","NYY","","62.8","3","","42","","","134","","13"
"32","Brandyn Garcia","26","MLB","ARI","","","2","","117","","","10","",""
"33","Miguel Sime Jr.","19","A+","WSN","","63.7","6","56","","15","49","28","7","227"
"34","Ruddy Gomez","26","AA","MIN","","","1","","","","","67","",""
"35","Yhoiker Fajardo","19","A+","BOS","","72.1","7","65","164","45","21","31","18","161"
"36","Riley Quick","22","A+","MIN","","72.7","6","153","","99","70","16","35","63"
"37","Yaqui Rivera","22","AAA","BAL","","76.3","6","62","92","8","114","92","","90"
"38","Nate Lavender","26","AAA","TBR","","78.7","3","","","","171","26","","39"
"39","Braylon Doughty","20","AA","CLE","","79.4","7","26","120","41","18","27","20","304"
"40","Javen Coleman","24","AA","TOR","","80.2","3","","17","","145","79","",""
"41","Franco Aleman","26","MLB","CLE","","","2","","","","123","38","",""
"42","Craig Yoho","26","MLB","MIL","","81.7","3","","4","","186","55","",""
"43","Dylan Brown","22","A+","BOS","","82.8","6","30","","128","33","36","9","261"
"44","Ben Grable","24","AA","NYY","","85.0","3","","","","102","95","","58"
"45","Anthony Nunez","24","MLB","BAL","","","1","","","","","88","",""
"46","Isaac Gallegos","23","AA","ATL","","88.5","4","","37","","77","205","","35"
"47","Zach Root","22","A+","LAD","","90.0","6","73","","189","71","29","55","123"
"48","Peyton Alford","28","AAA","SEA","","90.3","3","","26","","","224","","21"
"49","Mason Molina","22","AAA","STL","","90.8","7","37","177","28","58","139","71","126"
"50","Dylan Jordan","20","A","LAA","","91.5","7","13","123","14","90","147","46","208"
"51","Luke Dotson","22","A+","ARI","","92.7","3","","","","95","157","","26"
"52","Wei-En Lin","20","AAA","ATH","","92.9","7","22","156","13","67","52","26","315"
"53","Daviel Hurtado","21","A+","NYM","","93.9","7","83","245","83","19","152","33","42"
"54","Brady Smith","21","A","LAD","","94.0","6","71","","197","62","155","39","40"
"55","Ryjeteri Merite","20","CPX","CIN","","","2","","","","","137","","51"
"56","Iker Redona","18","CPX","CIN","","","2","","","","","179","","17"
"57","Jace Beck","26","AAA","CHC","","98.5","6","241","58","","96","115","57","24"
"58","Michael Forret","22","AAA","TBR","","98.9","7","89","156","11","63","77","69","228"
"59","Ben Jacobs","22","A+","DET","","99.5","6","144","","29","83","108","119","114"
"60","Bradgley Rodriguez","22","MLB","SDP","","","2","","117","","","84","",""
"61","Charlie Christensen","22","A+","DET","","101.0","6","116","","171","72","135","36","76"
"62","Juan Valera","20","A+","BOS","","102.0","3","","68","","","40","198",""
"63","Jonathan Santucci","23","AA","NYM","","103.4","7","74","87","67","55","42","40","359"
"64","Ben Joyce","25","MLB","LAA","","","2","","42","","","166","",""
"65","David Shields","19","A+","KCR","","104.1","7","27","192","82","36","39","24","329"
"66","Brian Metoyer","29","AA","NYM","","104.3","3","","72","","","97","","144"
"67","Colton Shaw","23","A+","SEA","","104.8","6","59","","113","68","126","91","172"
"68","Zach Franklin","27","AAA","CHW","","105.3","3","","25","","","149","","142"
"69","Jake Bennett","25","MLB","BOS","","105.8","6","109","","198","119","59","22","128"
"70","Kyle Hurt","28","MLB","LAD","","","2","","127","","","86","",""
"71","Jackson Kent","23","AAA","WSN","","108.2","7","85","330","9","44","73","12","205"
"72","Mason Marriott","23","A+","ARI","","","1","","","","","110","",""
"73","Cameron Wagoner","25","AA","MIL","","111.3","3","","","","164","165","","5"
"74","Eduardo Rivera","23","MLB","BOS","","111.6","5","","","52","181","65","141","119"
"75","Matt Wilkinson","23","AAA","SFG","","113.4","7","66","156","22","132","89","89","240"
"76","Jacob Kisting","23","A+","TBR","","114.9","7","110","87","88","106","288","47","79"
"77","Julian Garcia","31","MLB","CIN","","","2","","","","","162","","68"
"78","Brooks Kriske","32","MLB","MIN","","","2","","34","","","202","",""
"79","Patrick Forbes","21","A+","ARI","","","2","","","","","47","190",""
"80","Alexander Alberto","24","AAA","TBR","","119.8","4","","27","","312","91","","49"
"81","Yovanny Cruz","26","MLB","BOS","","","2","","","","","96","","145"
"82","Nate Payne","20","A+","MIA","","124.8","7","52","464","10","15","259","42","32"
"83","Andrew Walters","25","MLB","CLE","","","2","","74","","","178","",""
"84","Hagen Smith","22","AAA","CHW","","127.3","7","29","186","25","111","15","30","495"
"85","Colin Selby","28","MLB","BAL","","","2","","95","","","160","",""
"86","Riley Martin","28","MLB","CHC","","","1","","","","","131","",""
"87","Aidan Cremarosa","22","A","TBR","","132.8","6","48","","32","52","497","85","83"
"88","Brian Curley","23","A+","ARI","","134.8","6","237","","244","43","50","79","156"
"89","Harrison Bodendorf","22","A","CLE","","135.8","6","87","","157","82","302","27","160"
"90","L.P. Langevin","22","A+","KCR","","137.3","3","","","","225","69","","118"
"91","Jose Cabrera","24","MLB","ARI","","138.5","6","34","","20","48","420","105","204"
"92","Elier Morillo","20","A","MIA","","141.6","5","202","","206","93","45","","162"
"93","Forrest Whitley","28","MLB","TBR","","","2","","113","","","171","",""
"94","Kash Mayfield","21","A+","SDP","","142.9","7","251","140","31","167","146","90","175"
"95","Cody Ponce","32","MLB","TOR","","","1","","","","","144","",""
"96","Lucas Wepf","26","AA","LAD","","144.7","3","","89","","","248","","97"
"97","Micah Ashman","23","AA","BAL","","146.8","5","","5","666","41","12","","10"
"98","Johnny King","19","A+","TOR","","149.4","7","64","352","53","103","119","54","301"
"99","Thomas White","21","AAA","MIA","","149.9","6","96","19","646","74","20","45",""
"100","Cesar Perdomo","24","AAA","SFG","","150.0","7","127","293","37","26","372","93","102"
"101","Eric Loomis","24","AA","TEX","","150.4","4","","39","","310","82","","171"
"102","Garrett Stratton","22","AA","NYM","","150.7","3","","","","166","170","","116"
"103","Henry Lalane","22","A+","NYY","","152.0","7","84","286","183","22","409","37","43"
"104","Kendry Chourio","18","A+","KCR","","152.6","7","41","406","47","35","183","75","281"
"105","Luke Sinnard","23","A+","ATL","","152.9","6","132","134","238","57","194","163",""
"106","Drew Sommers","25","MLB","DET","","153.0","3","","32","","403","24","",""
"107","Brock Moore","26","AA","SEA","","153.3","3","","","","146","136","","178"
"108","Gabriel Hughes","24","MLB","COL","","153.4","5","12","","","87","44","183","441"
"109","Braxton Bragg","25","AA","BAL","","","2","","224","","","85","",""
"110","Dalton Pence","23","AA","TEX","","156.1","7","124","259","34","100","257","153","166"
"111","Reinold Navarro","19","A","PIT","","157.0","7","79","229","158","148","240","62","183"
"112","Eliazar Dishmey","21","AA","MIA","","157.6","7","46","63","7","51","290","84","563"
"113","Will Dion","26","MLB","CLE","","157.7","3","","","","193","198","","82"
"114","Franklin Gomez","20","A+","CLE","","158.2","7","38","393","39","32","312","48","246"
"115","Keyner Martinez","21","A","SFG","","162.5","7","55","123","161","156","251","166","226"
"116","Seth Johnson","27","MLB","PHI","","164.0","3","","220","","","222","","50"
"117","Mark Manfredi Sr.","26","AAA","MIL","","164.9","4","","66","","319","209","","66"
"118","Mitch Bratt","22","MLB","ARI","","165.8","5","23","","","192","48","157","409"
"119","Joe Whitman","24","AAA","SFG","","169.2","7","114","487","33","80","114","41","316"
"120","Tyson Hardin","24","AAA","MIL","","170.7","7","122","497","73","66","21","109","307"
"121","Kelvis Salcedo","20","A","DET","","","2","","","","","151","191",""
"122","Jojo Ingrassia","23","A+","BOS","","171.2","7","188","49","492","162","63","94","151"
"123","Tanner McDougal","23","AAA","CHW","","172.5","7","88","113","77","409","245","38","238"
"124","Jackson Cox","22","AA","COL","","172.7","7","77","272","44","38","233","138","407"
"125","Alex Hoppe","27","MLB","SEA","","","1","","","","","175","",""
"126","Owen Murphy","22","MLB","ATL","","175.8","5","142","","","108","60","65","504"
"127","Saul Garcia","23","AA","NYM","","178.1","4","","39","","178","452","","44"
"128","Jose Rodriguez","24","AAA","LAD","","","2","","143","","","215","",""
"129","Blake Morgan","23","A","TBR","","179.8","5","70","","94","17","665","","53"
"130","Yorman Gomez","23","AAA","CLE","","180.6","5","135","169","","42","360","197",""
"131","Drew Rom","26","MLB","STL","","181.2","3","","416","","","87","","41"
"132","Mavis Graves","22","A+","PHI","","181.6","7","134","253","55","133","289","74","334"
"133","JT Quinn","22","A+","BAL","","181.7","6","249","","81","137","192","111","320"
"134","Ben Shields","27","AAA","COL","","","2","","262","","","109","",""
"135","Charlie Beilenson","26","AA","SEA","","186.3","3","","281","","","230","","48"
"136","Lucas Kelly","22","A+","SEA","","186.7","3","","","","154","164","","242"
"137","Luis Velasquez","24","AA","NYY","","","1","","","","","188","",""
"138","Johnny Slawinski","19","CPX","LAA","","","2","","","","","282","","95"
"139","Austin Roberts","27","AAA","TEX","","188.7","3","","132","","","361","","73"
"140","Jacob Waguespack","32","MLB","FA","","","2","","123","","","256","",""
"141","AJ Russell","22","A+","TEX","","192.8","6","311","","277","131","221","58","159"
"142","Matt Jachec","24","AAA","CLE","","194.3","5","","400","124","303","117","","28"
"143","Kodi Whitley","31","MLB","TBR","","","1","","","","","195","",""
"144","Jedixson Paez","22","MLB","BOS","","197.8","5","138","","103","29","663","","56"
"145","Gage Jump","23","MLB","ATH","","199.5","6","10","","505","61","3","23","595"
"146","Sandro Santana","21","AA","ARI","","199.6","4","","464","","16","285","","34"
"147","Allen Facundo","23","A+","NYY","","200.4","7","98","81","141","190","182","321","390"
"148","Luke Murphy","26","AAA","LAA","","201.0","3","","229","","","337","","37"
"149","Justin Campbell","25","AA","CLE","","201.5","6","193","","115","241","103","263","294"
"150","Luke Fox","24","AA","LAD","","202.1","5","54","304","","34","489","130",""
"151","Ben Peterson","24","AA","SFG","","202.3","4","","266","","120","346","","77"
"152","Kendry Rojas","23","MLB","MIN","","204.0","4","274","","","344","102","96",""
"153","Kyle Carr","24","AAA","NYY","","204.1","7","163","338","165","64","242","113","344"
"154","Danny Thompson Jr.","23","AA","TOR","","204.7","6","209","","78","147","207","161","426"
"155","Tyler Bremner","22","A+","LAA","","206.7","6","319","","431","92","116","59","223"
"156","Xavier Rivas","23","AA","NYY","","207.7","7","160","346","194","89","250","61","354"
"157","Blake Money","24","AA","BAL","","","2","","164","","","252","",""
"158","Khristian Curtis","24","AAA","PIT","","209.1","7","203","220","23","136","427","95","360"
"159","Chris Kean","24","AAA","NYY","","210.6","4","","217","","117","494","","15"
"160","Argenis Cayama","19","A","SFG","","210.7","7","49","1021","58","40","184","32","91"
"161","Xavier Cruz","20","A","STL","","211.0","3","","","36","","81","516",""
"162","James Ellwanger","22","A","MIN","","","2","","","","","140","283",""
"163","Daniel Eagen","23","AA","ARI","","212.5","7","58","264","66","173","61","193","673"
"164","Daniel Robert","31","MLB","PHI","","","2","","104","","","326","",""
"165","Nate Snead","22","AA","LAA","","214.8","6","255","","35","86","351","8","554"
"166","Carlos Lagrange","23","AAA","NYY","","215.5","7","231","127","62","185","43","21","840"
"167","Riley Cornelio","26","MLB","WSN","","217.0","6","104","","242","124","492","53","287"
"168","Juan Fraide","20","A","HOU","","217.4","5","72","","365","81","504","","65"
"169","Sam Gardner","29","AAA","TOR","","","1","","","","","218","",""
"170","Leonard Garcia","22","AA","LAA","","218.1","4","","19","","203","466","","185"
"171","Jacob Bresnahan","21","A+","SFG","","221.6","7","162","150","95","144","486","152","362"
"172","Matt Krook","31","MLB","CLE","","221.7","3","","207","","","76","","382"
"173","Junior Sanchez","20","AA","ARI","","222.6","7","43","456","16","37","592","10","404"
"174","Kamden Edge","21","A+","KCR","","224.0","3","","","","288","204","","180"
"175","Alejandro Rivera","19","CPX","CLE","","","2","","","","","402","","47"
"176","Caden Scarborough","21","A+","TEX","","225.2","6","146","32","","209","236","167","561"
"177","Juaron Watts-Brown","24","AA","BAL","","227.5","7","200","192","76","126","286","229","484"
"178","Nick Robertson","27","MLB","HOU","","227.5","3","","77","","","599","","7"
"179","Boston Bateman","20","A+","BAL","","230.2","7","97","730","146","91","75","56","417"
"180","Brian Keller","32","AAA","PHI","","","2","","","","","208","","254"
"181","Walter Pennington","28","MLB","BAL","","","2","","102","","","362","",""
"182","Nestor German","24","AAA","BAL","","232.5","7","108","313","68","138","123","131","747"
"183","Owen Wild","23","AAA","TBR","","232.8","4","","425","","170","206","","130"
"184","Jose Marte","30","MLB","NYM","","","2","","241","","","225","",""
"185","Connor Foley","22","A","ARI","","233.8","4","129","","","183","400","223",""
"186","Cade Obermueller","22","A","PHI","","233.8","5","448","","","140","253","189","139"
"187","Kiefer Lord","24","A+","BAL","","235.2","6","182","","394","143","54","155","483"
"188","Jack Neely","26","MLB","CHC","","","2","","20","","","451","",""
"189","Cody Bowker","22","A+","PHI","","235.8","6","213","","38","161","269","206","528"
"190","Elmer Rodriguez","22","MLB","NYY","","237.7","6","126","","199","115","57","78","851"
"191","Rory Fox","22","A+","NYY","","239.0","6","293","","296","78","231","165","371"
"192","Noah Murdock","27","MLB","ATH","","239.5","3","","334","","","161","","224"
"193","Cedric De Grandpre","24","AA","ATL","","240.4","7","244","372","315","50","132","110","460"
"194","John Rooney","29","MLB","HOU","","","2","","161","","","324","",""
"195","Luis Serna","21","A+","NYY","","245.1","7","92","624","46","97","263","178","416"
"196","Nestor Lorant","24","AA","CIN","","245.6","7","80","585","43","47","649","162","154"
"197","Javier Perez","22","A","HOU","","245.9","7","156","446","60","39","837","108","75"
"198","Briggs McKenzie","19","A+","ATL","","246.3","4","","","274","","121","324","266"
"199","Hansel Rincon","23","AA","NYY","","246.7","3","","","","454","187","","99"
"200","Jack Ralston","28","AAA","MIA","","247.5","3","","304","","","359","","80"
"201","Cam Sanders","29","MLB","BAL","","","2","","36","","","471","",""
"202","Cam Leiter","22","A","LAD","","254.7","6","224","","446","459","122","76","201"
"203","Jordan Woods","22","A+","KCR","","254.9","7","21","352","61","125","991","50","184"
"204","Jagger Beck","19","A","HOU","","256.7","6","155","","337","128","465","92","363"
"205","Tekoah Roby","24","AAA","STL","","","2","","452","","","62","",""
"206","Gage Stanifer","22","AA","TOR","","257.2","7","206","276","112","122","320","145","620"
"207","Anderson Severino","31","MLB","NYM","","","1","","","","","258","",""
"208","Jacob Odle","22","A+","STL","","258.5","7","285","464","156","221","515","29","140"
"209","Jaden Woods","24","AAA","CHW","","258.5","4","","452","","153","234","","195"
"210","Brett Sears","26","AAA","ATL","","258.6","7","238","601","164","75","443","174","115"
"211","Luis De Leon","23","AA","BAL","","258.6","7","118","146","338","135","111","120","842"
"212","Kaleb Wing","19","A","CHC","","260.3","6","252","","178","342","333","365","92"
"213","Joey Dixon","24","A","HOU","","","2","","","","","83","438",""
"214","Tyson Neighbors","23","AA","BAL","","260.8","3","","117","","518","148","",""
"215","Jack Cebert","24","AA","NYY","","261.5","6","354","","187","85","210","158","575"
"216","Kohl Franklin","26","AAA","CHC","","","1","","","","","262","",""
"217","Nick Sando","25","AAA","CIN","","262.1","7","139","108","381","187","642","149","229"
"218","Moises Chace","23","AA","PHI","","","2","","203","","","323","",""
"219","Brendan Beck","27","MLB","NYY","","263.8","4","257","","89","","314","","395"
"220","Cole Hertzler","23","AA","HOU","","263.8","6","112","","64","275","241","103","788"
"221","Blake Wehunt","25","AA","BOS","","264.8","7","120","685","610","101","112","99","127"
"222","Andrew Sears","23","AA","DET","","266.7","7","216","130","163","169","490","329","370"
"223","Hunter Cranton","25","AA","ARI","","","1","","","","","268","",""
"224","Nick Burdi","33","MLB","NYY","","","2","","286","","","254","",""
"225","Izack Tiger","25","A+","TEX","","","1","","","","","271","",""
"226","Enmanuel De Jesus","29","MLB","MIA","","","1","","","","","272","",""
"227","Luis Gastelum","24","MLB","STL","","273.0","3","","","","473","128","","218"
"228","Adam Seminaris","27","AAA","MIL","","273.5","5","180","703","258","","106","","121"
"229","Aidan Foeller","24","A+","LAD","","274.4","7","316","213","188","331","473","242","158"
"230","Jaxon Wiggins","24","AAA","CHC","","274.8","4","","100","","419","227","353",""
"231","Nolan Hughes","24","A","WSN","","","1","","","","","276","",""
"232","Reid Easterly","24","A+","SEA","","277.3","3","","","","357","389","","86"
"233","Kyle Backhus","28","MLB","PHI","","","2","","376","","","180","",""
"234","Robert Cranz","23","AAA","WSN","","278.1","4","","56","","290","367","","400"
"235","Brody Brecht","23","A+","COL","","278.2","6","105","23","698","396","71","376",""
"236","Joey Volini","23","A+","MIA","","279.4","5","321","","","227","382","73","394"
"237","Logan Tabeling","24","A+","LAD","","281.7","6","196","411","448","229","220","186",""
"238","Liam Doyle","22","AA","STL","","282.3","6","111","","302","139","186","134","822"
"239","Braylon Owens","23","AA","MIL","","282.5","6","185","","319","159","196","235","601"
"240","Liam Paddack","22","AA","CHW","","283.7","7","179","95","210","199","518","114","671"
"241","Pico Kohn","23","A+","NYY","","","2","","","","","120","448",""
"242","Bryce Mayer","24","AA","HOU","","285.4","7","190","477","420","254","138","147","372"
"243","Mason Olson","24","AA","TOR","","285.8","6","425","431","269","195","174","","221"
"244","Bradley Hanner","27","AAA","NYY","","285.8","3","","161","","","442","","255"
"245","Ethan Pecko","23","AAA","HOU","","286.1","7","282","313","180","220","101","261","646"
"246","Trent Turzenski","25","A+","BAL","","","1","","","","","287","",""
"247","River Ryan","27","MLB","LAD","","287.8","5","106","512","556","","7","","258"
"248","Quinn Mathews","25","AAA","STL","","288.0","7","192","273","96","285","51","298","821"
"249","Santiago Suarez","21","AAA","TBR","","288.1","7","320","593","100","54","357","118","475"
"250","Todd Kniebbe","22","A+","BAL","","288.7","3","","","","332","428","","106"
"251","David Hagaman","23","A+","ARI","","290.4","7","405","317","481","188","153","116","373"
"252","Isaiah Coupet","23","A+","COL","","","2","","200","","","381","",""
"253","Wen-Hui Pan","23","AA","PHI","","291.8","4","","82","","629","313","","143"
"254","Jeremy Wu-Yelland","27","AA","BOS","","","2","","150","","","437","",""
"255","Jackson Nove","23","A","ATH","","293.8","4","261","","","435","338","","141"
"256","Denis Samudio","21","A","TOR","","294.2","6","148","","151","113","908","230","215"
"257","Daniel Guerra","22","A+","TOR","","294.4","7","91","245","54","45","1433","43","150"
"258","Chen-Wei Lin","24","AA","STL","","295.4","7","191","270","176","354","159","160","758"
"259","Allan Winans","30","MLB","NYY","","","2","","342","","","249","",""
"260","Peyton Gray","31","MLB","TEX","","","1","","","","","296","",""
"261","Josh Grosz","23","AA","COL","","296.6","7","19","576","554","107","300","66","454"
"262","McCade Brown","25","MLB","COL","","","2","","200","","","395","",""
"263","Aidan Curry","23","AA","TEX","","299.6","7","101","654","286","79","413","19","545"
"264","Cam Caminiti","19","A+","ATL","","300.1","7","247","357","152","204","93","125","923"
"265","Stevie Emanuels","27","AAA","ATH","","300.7","3","","249","","","371","","282"
"266","Emilio Obispo","19","A","NYM","","302.5","6","177","","129","214","688","140","467"
"267","Luke Taggart","28","AAA","DET","","302.7","3","","321","","","455","","132"
"268","Hayden Mullins","25","AAA","BOS","","303.0","7","167","234","233","302","191","226","768"
"269","Herick Hernandez","22","AAA","ATL","","303.5","7","168","730","104","150","436","216","321"
"270","Malachi Witherspoon","21","A","DET","","303.5","6","499","","429","160","266","82","385"
"271","Cristian Mena","23","MLB","ARI","","","2","","576","","","32","",""
"272","Cade Winquest","26","AAA","STL","","305.0","3","","321","","348","246","",""
"273","Joel Peguero","29","MLB","SFG","","","2","","110","","","503","",""
"274","Josh Knoth","20","A+","MIL","","310.0","7","136","1121","407","73","176","60","197"
"275","RJ Petit","26","AAA","COL","","","2","","58","","","563","",""
"276","Jack Kartsonas","25","AA","TBR","","311.2","6","529","","329","177","243","234","355"
"277","Zach Thornton","24","MLB","NYM","","311.5","6","340","","167","286","201","215","660"
"278","John Holobetz","23","AA","BOS","","311.6","7","178","753","264","118","154","180","534"
"279","Ethan Bagwell","20","A+","ATL","","313.9","7","94","637","70","65","590","196","546"
"280","Manuel Rodriguez","20","AA","MIL","","314.0","7","169","719","26","53","593","122","516"
"281","Dameivi Tineo","22","A+","MIA","","315.4","7","95","330","122","232","619","151","659"
"282","Nicolas Carreno","20","A+","NYM","","316.1","7","305","177","12","236","789","49","645"
"283","Wellington Aracena","21","A+","BAL","","317.1","7","360","108","132","279","343","124","874"
"284","Wilian Bormie","25","AAA","TEX","","318.5","4","","79","","610","416","","169"
"285","Daniel Keaney","21","A","TEX","","318.7","6","705","","21","234","547","346","59"
"286","Jackson Baumeister","23","AA","TBR","","319.8","7","230","585","159","127","308","259","571"
"287","Tucker Musgrove","24","AA","SDP","","","2","","","","444","197","",""
"288","Miguel Yajure","28","MLB","HOU","","","1","","","","","321","",""
"289","Mike Paredes","25","MLB","MIN","","322.0","6","414","","214","142","717","257","188"
"290","Alex Cook","25","AAA","TBR","","322.8","4","","196","","580","223","","292"
"291","Brandon White","26","AAA","MIA","","322.9","6","265","518","263","","715","72","105"
"292","Grant Holman","26","MLB","PHI","","","2","","56","","","591","",""
"293","Michael Lombardi","22","A","KCR","","323.5","6","119","","255","308","538","337","384"
"294","Sean Linan","21","AAA","WSN","","323.6","6","275","464","117","278","588","220",""
"295","Marty Gair","22","A","PHI","","324.8","4","","93","","200","945","","61"
"296","Gage Ziehl","23","AA","CHW","","325.9","7","226","778","278","59","376","159","405"
"297","Angel Jimenez","22","A","COL","","327.8","7","207","383","126","333","740","446","60"
"298","Jamie Arnold","22","AA","ATH","","327.8","6","242","","341","149","78","148","1009"
"299","Winston Santos","24","MLB","TEX","","329.4","5","555","","","168","133","244","547"
"300","Eduarniel Nunez","27","MLB","ATH","","","2","","234","","","426","",""
"301","Giacomo Taschin","19","A","TOR","","330.0","4","","","24","","589","643","64"
"302","Victor Duarte","18","CPX","ATL","","","1","","","","","330","",""
"303","Kervin Castro","27","MLB","DET","","330.2","3","","477","","","284","","230"
"304","Carson Messina","20","A","TOR","","332.3","3","","","288","","509","","200"
"305","Jason Gilman","23","A","BOS","","332.5","6","164","","346","255","840","194","196"
"306","Royber Salinas","25","AAA","ATL","","","1","","","","","334","",""
"307","Eli Jones","23","AA","MIN","","334.3","7","253","552","136","105","629","98","567"
"308","Blake Holub","27","AAA","MIL","","334.3","3","","576","","","190","","237"
"309","Jesus A. Castro","19","A","SDP","","337.0","7","100","825","97","257","425","169","486"
"310","Talon Haley","20","A","LAA","","337.2","6","93","","335","272","502","182","639"
"311","Fraser Ellard","28","MLB","CHW","","","2","","313","","","365","",""
"312","Alfredo Zarraga","25","AAA","TBR","","","2","","241","","","438","",""
"313","Geoff Hartlieb","32","MLB","NYY","","339.5","4","","203","576","","444","","135"
"314","Nicolas Cruz","22","A+","LAD","","341.1","4","","256","","311","355","","443"
"315","Blayne Enlow","27","AAA","SFG","","","1","","","","","342","",""
"316","Isaac Lyon","22","AA","WSN","","342.5","6","317","","149","224","548","156","661"
"317","Colin Fields","26","AAA","DET","","","2","","54","","","632","",""
"318","Patrick Murphy","31","MLB","TEX","","","1","","","","","344","",""
"319","Nick Dean","25","AA","CHC","","344.2","7","314","747","485","247","291","104","222"
"320","José Castillo","30","MLB","BAL","","","2","","531","","","158","",""
"321","Michael Perez","23","AA","MIA","","346.4","5","478","435","","129","644","","46"
"322","Cole Wilcox","26","MLB","SEA","","346.5","3","","270","","559","211","",""
"323","Mason Adams","26","AAA","CHW","","348.0","7","205","440","559","326","143","248","515"
"324","Sawyer Hawks","23","A+","ARI","","349.3","3","","","","327","556","","165"
"325","Justin Mitrovich","22","A","MIN","","350.0","6","225","","392","219","802","200","262"
"326","Adam Serwinowski","22","AA","LAD","","351.8","7","327","304","172","205","238","217","1000"
"327","Tyler Gough","22","A+","LAD","","352.1","7","121","547","371","239","763","314","110"
"328","Calvin Ziegler","23","A+","NYM","","","1","","","","","353","",""
"329","Bailey Horn","28","MLB","DET","","","2","","317","","","392","",""
"330","Sebastian Gongora","24","AA","BAL","","356.4","7","165","673","162","243","545","210","497"
"331","Evan Taylor","26","AA","CHC","","356.5","3","","330","","","307","","433"
"332","Connor Wietgrefe","24","AAA","PIT","","356.7","7","367","563","106","130","570","201","560"
"333","Drake George","24","A","SFG","","","2","","183","","","531","",""
"334","Paul Bonzagni","24","A+","TEX","","","2","","393","","","327","",""
"335","William Kempner","25","MLB","MIA","","361.7","3","","","","490","105","","490"
"336","Hunter Hodges","23","A+","NYM","","363.1","4","","87","","532","558","","276"
"337","German Ramirez","19","A","HOU","","","1","","","","","364","",""
"338","Seth Clausen","23","A","COL","","364.3","3","","","","607","352","","134"
"339","Lucas Braun","24","AAA","ATL","","365.1","7","446","487","400","212","319","175","517"
"340","Gabe Klobosits","31","MLB","CHC","","","1","","","","","366","",""
"341","Ixan Henderson","24","AA","STL","","","2","","317","","","415","",""
"342","Yaramil Hiraldo","30","MLB","BAL","","","2","","14","","","726","",""
"343","Julio Mendez","21","A","MIA","","370.7","7","198","323","203","109","1215","219","328"
"344","Pierson Ohl","26","MLB","COL","","","2","","503","","","239","",""
"345","Jurrangelo Cijntje","23","AA","STL","","371.8","7","150","713","175","158","169","299","939"
"346","Eric Reyzelman","25","AAA","NYY","","371.9","4","","334","","270","584","","300"
"347","Tanner Franklin","22","A+","STL","","372.7","6","350","","254","411","141","305","775"
"348","Aaron Watson","19","CPX","CIN","","","1","","","","","373","",""
"349","Ryan Harbin","24","AAA","PIT","","","2","","380","","","368","",""
"350","Jean Walters","24","AAA","ARI","","","1","","","","","374","",""
"351","Casey Hintz","22","A+","SEA","","375.3","3","","","","382","513","","231"
"352","David Sandlin","25","MLB","BOS","","375.3","6","215","","619","524","301","266","327"
"353","Brooks Auger","24","A+","LAD","","376.9","7","219","946","504","198","487","146","138"
"354","Tyler Boudreau","23","A","NYY","","377.2","6","309","","116","231","1163","252","192"
"355","Prelander Berroa","26","MLB","CHW","","","1","","","","","378","",""
"356","Max Rajcic","24","MLB","STL","","378.3","3","","","","450","383","","302"
"357","Ryan Magdic","26","AA","ATH","","378.4","7","339","256","465","374","580","461","174"
"358","Rolddy Munoz","26","MLB","ATL","","379.0","4","","150","","554","507","","305"
"359","Anderson Cardenas","20","A","ARI","","380.0","3","","","","","671","397","72"
"360","Tyler Uberstine","27","MLB","BOS","","380.3","4","483","","681","","125","","232"
"361","Kolten Smith","22","A+","MIN","","383.5","6","440","","247","258","950","142","264"
"362","Brad Pacheco","21","A","PHI","","383.6","7","295","1004","120","84","1004","81","98"
"363","Marino Santy","24","AA","CHC","","385.6","4","","211","","251","978","","103"
"364","Zach Maxwell","25","MLB","CIN","","386.2","3","","70","","814","275","",""
"365","Brooks Caple","23","AA","CHC","","386.3","7","130","955","75","134","920","129","361"
"366","Mathias LaCombe","24","A+","CHW","","386.3","3","","","","538","457","","164"
"367","Jacob Frost","23","A+","LAD","","388.5","6","484","","135","592","399","303","418"
"368","Augusto Mendieta","21","AA","KCR","","389.9","4","","256","","289","255","","760"
"369","Brady Parker","22","A","COL","","390.5","6","201","","648","321","292","372","509"
"370","Pierce Coppola","23","A+","CHC","","391.3","6","260","","380","223","562","179","744"
"371","Robby Ahlstrom","27","MLB","TEX","","","2","","","","","551","","234"
"372","Andrew Morris","24","MLB","MIN","","","2","","","","","22","766",""
"373","Pat Gallagher","26","AAA","TOR","","394.4","5","","266","628","355","279","","444"
"374","Luis De La Torre","22","A+","SFG","","395.2","7","392","299","91","484","280","418","803"
"375","Julio Rodriguez","26","AAA","HOU","","395.9","4","","63","","681","232","","608"
"376","Riley Maddox","23","AA","WSN","","396.3","6","402","","109","211","377","250","1029"
"377","Liomar Martinez","21","A+","MIA","","396.9","7","233","361","108","182","842","218","835"
"378","Cole Tolbert","23","A","BOS","","398.8","5","332","","","463","749","199","251"
"379","Andrew Moore","26","AAA","SDP","","399.3","4","","60","","829","627","","81"
"380","Jackson Brockett","23","A+","CHC","","399.4","5","407","","216","402","579","","393"
"381","Aiven Cabral","22","A+","ATL","","400.5","6","382","","85","157","1092","275","412"
"382","Jose Chirinos","21","A+","NYM","","400.5","7","262","608","51","155","1077","214","437"
"383","Alex McFarlane","25","AA","PHI","","403.4","4","","357","","545","549","","163"
"384","Alimber Santa","23","MLB","HOU","","","2","","","","504","303","",""
"385","Garrett Wright","24","A+","CHW","","404.0","3","","","","530","439","","243"
"386","Josh Bostick","24","A+","SFG","","","2","","140","","","668","",""
"387","Danis Correa","26","AAA","ATH","","404.5","3","","860","","","316","","38"
"388","Welinton Herrera","22","MLB","COL","","404.7","3","","","896","244","74","",""
"389","Josh Walker","31","MLB","BAL","","404.8","3","","161","","","639","","415"
"390","Luke Russo","25","AA","PHI","","405.0","7","396","914","220","207","565","188","345"
"391","Jackson Nezuh","24","AA","HOU","","405.7","7","239","804","327","216","419","439","396"
"392","Keyner Benitez","20","A","MIA","","405.8","5","195","563","","76","1045","150",""
"393","Twine Palmer","21","A+","BAL","","406.1","7","181","860","93","320","615","143","631"
"394","Jonah Tong","23","MLB","NYM","","406.6","7","352","17","605","226","18","304","1325"
"395","Manuel Genao","20","AAA","MIA","","407.4","7","359","891","133","121","737","132","479"
"396","Carson Whisenhunt","25","MLB","SFG","","407.6","6","272","531","72","380","72","","1119"
"397","Gabe Davis","22","AA","CHW","","409.5","6","427","","311","259","448","77","935"
"398","Louis Marinaro","21","A","TEX","","409.7","3","","","","378","539","","312"
"399","Braden Davis","23","AA","STL","","409.8","7","171","192","312","305","566","383","940"
"400","Will Sanders","24","AAA","CHC","","410.9","7","133","689","553","213","666","101","521"
"401","Brandon Neely","22","A+","BOS","","","2","","","","430","394","",""
"402","Conrad Cason","19","CPX","BOS","","","1","","","","","412","",""
"403","Ethan Flanagan","24","A+","CHC","","413.1","7","349","968","561","208","564","133","109"
"404","Mitch Mueller","24","AA","MIN","","414.7","3","","","","301","865","","78"
"405","Chris Veach","24","AA","NYY","","415.3","3","","172","","297","777","",""
"406","Dugan Darnell","29","MLB","DET","","","2","","238","","","594","",""
"407","Julian Tonghini","24","A+","WSN","","","2","","","","385","447","",""
"408","Kyle McCoy","22","A+","CIN","","417.7","6","277","","230","325","700","128","846"
"409","Felipe De La Cruz","25","AAA","NYM","","417.9","4","","81","","558","514","","519"
"410","Cade Crossland","22","A","STL","","418.2","6","369","","102","373","795","306","564"
"411","Zach McCambley","27","MLB","CIN","","419.5","4","515","","265","","348","","550"
"412","Alec Gamboa","29","MLB","BOS","","420.0","4","713","","326","","219","","422"
"413","Tyler Switalski","23","AA","SFG","","420.4","7","304","307","168","98","1124","202","740"
"414","Griff McGarry","27","AAA","LAD","","","2","","342","","","499","",""
"415","Andrew Walling","26","AAA","PHI","","","2","","213","","","631","",""
"416","Jacob Roberts","24","A+","WSN","","423.0","3","","","","628","450","","191"
"417","Anderson Brito","21","A+","TBR","","423.3","7","208","810","479","363","127","369","607"
"418","Yoel Tejeda Jr.","22","A+","WSN","","423.4","7","176","1202","212","233","408","208","525"
"419","Reiss Knehr","29","MLB","MIL","","","2","","","","","311","","536"
"420","Kyson Witherspoon","21","A+","BOS","","425.3","6","325","","127","307","335","352","1106"
"421","Mason Burns","24","AA","STL","","427.0","3","","136","","619","526","",""
"422","Ryan Lobus","25","AAA","TEX","","427.4","4","","87","","709","212","","702"
"423","Keone Kela","33","MLB","CHW","","","1","","","","","429","",""
"424","Yereny Teus","22","A","TBR","","429.0","3","","","","256","931","","100"
"425","Charlee Soto","20","A+","MIN","","","2","","646","","","214","",""
"426","Owen Hackman","24","AA","ATL","","430.1","6","","487","503","284","711","420","176"
"427","Pierce George","23","AA","CHW","","430.6","4","","134","","268","870","","451"
"428","Cristofer Gomez","23","A+","NYM","","430.9","4","","113","","517","850","","244"
"429","Devin Futrell","23","A+","BOS","","431.2","7","469","531","209","165","1099","294","252"
"430","Jaron DeBerry","23","AA","MIL","","432.1","7","154","1202","110","245","336","349","629"
"431","Davis Polo","21","A","ATL","","434.6","7","228","986","57","196","862","209","505"
"432","Rafe Schlesinger","23","AA","CLE","","434.9","7","302","613","385","248","340","184","972"
"433","Jack Sellinger","26","AA","MIA","","435.3","4","","40","","697","431","","573"
"434","Jose Acuna","23","AAA","CIN","","438.0","7","107","955","30","141","762","332","739"
"435","Mason McGwire","22","A+","CHC","","438.3","7","288","569","63","228","1583","63","274"
"436","Brian Fitzpatrick","26","MLB","MIL","","","2","","","","367","510","",""
"437","Dasan Hill","20","A+","MIN","","439.0","7","140","601","827","329","145","51","980"
"438","Samy Natera Jr.","26","MLB","LAA","","","2","","","","","294","","584"
"439","Tyler Stuart","26","AAA","WSN","","","2","","618","","","260","",""
"440","Trey Gregory-Alford","20","A","LAA","","439.5","7","221","925","101","250","657","154","769"
"441","Zach Royse","22","A+","ATL","","439.7","6","423","","98","94","1029","127","867"
"442","Ubaldo Soto","19","A","LAA","","440.6","7","76","689","663","172","491","264","729"
"443","Trevin Michael","28","AAA","DET","","441.3","3","","207","","","707","","410"
"444","Trey Gibson","24","MLB","BAL","","442.7","6","294","","781","309","80","185","1007"
"445","Joe Ariola","22","A","ARI","","","1","","","","","445","",""
"446","Phil Fox","23","AA","CHW","","445.9","5","","106","552","652","672","","248"
"447","Blade Tidwell","25","MLB","SFG","","446.7","6","310","456","695","341","46","","832"
"448","Evan Reifert","27","AAA","TBR","","446.7","3","","169","","","380","","791"
"449","Lucas Elissalt","21","A+","DET","","447.6","7","337","841","438","262","293","232","730"
"450","Daniel Espino","25","MLB","CLE","","","2","","","","769","129","",""
"451","Sadbiel Delzine","18","CPX","BOS","","","2","","","","","560","","340"
"452","Brandon Beckel","24","AA","PHI","","450.2","6","435","290","241","346","1293","","96"
"453","Junior Ciprian","21","A","ARI","","451.2","7","141","400","27","265","1685","233","408"
"454","Kendeglys Virguez","22","A+","CLE","","","2","","","","502","401","",""
"455","Josh Randall","23","AA","WSN","","452.1","7","609","868","119","151","422","222","774"
"456","Blake Gillespie","22","A","NYY","","452.3","6","506","","123","314","1016","582","173"
"457","Jack Anker","22","A+","PIT","","452.5","6","527","","227","197","1221","271","272"
"458","Jared Lyons","25","AAA","CIN","","453.5","7","390","738","130","370","816","281","450"
"459","Ismael Agreda","22","A+","TEX","","453.6","7","264","569","153","323","636","338","892"
"460","Andrew Magno","28","AAA","BAL","","453.7","3","","249","","","520","","592"
"461","Bryson Dudley","22","A","KCR","","","1","","","","","454","",""
"462","Johnathan Lavallee","26","AAA","CIN","","454.2","3","","380","","","876","","107"
"463","Miguel Mendez","23","AA","SDP","","454.7","7","487","366","229","531","468","192","910"
"464","Max Banks","23","A+","CHW","","455.3","6","362","","125","210","1487","181","367"
"465","Wyatt Olds","26","AAA","BOS","","456.5","3","","393","","","543","","434"
"466","Juan Benjamin","23","AAA","CLE","","","1","","","","","458","",""
"467","Adrian Ardines","19","CPX","HOU","","","2","","","","","750","","168"
"468","Diustin Mayorquin","18","A","MIL","","","2","","","","","654","","267"
"469","Simon Miller","25","AA","CIN","","","2","","177","","","746","",""
"470","Winyer Chourio","22","A+","SDP","","461.8","7","69","531","105","318","1578","112","520"
"471","JR Ritchie","23","MLB","ATL","","463.2","5","308","","401","249","168","","1190"
"472","Cade Fergus","25","AAA","PHI","","","1","","","","","464","",""
"473","Chayce McDermott","27","MLB","LAD","","464.0","3","","558","","","421","","413"
"474","Nick Altermatt","26","AA","CHW","","465.8","3","","334","","","716","","348"
"475","Wilber Dotel","23","MLB","PIT","","466.3","6","464","","811","414","345","227","537"
"476","Tayler Montiel","23","A+","ARI","","468.7","3","","","","579","403","","424"
"477","Chase Shores","22","A+","LAA","","468.8","5","416","","","343","181","212","1192"
"478","Luis Gutierrez","22","AAA","SDP","","469.3","3","","342","","","733","333",""
"479","Najer Victor","24","AAA","LAA","","470.5","3","","192","","943","277","",""
"480","Parker Mushinski","30","MLB","CLE","","470.7","3","","290","","","433","","689"
"481","Cooper Hjerpe","25","AA","STL","","471.2","3","","349","","","261","804",""
"482","Max Carlson","24","AA","BOS","","471.9","5","488","518","","356","630","","368"
"483","Christian Little","22","A+","SEA","","472.8","4","","224","","565","982","","120"
"484","Omar Cruz","27","MLB","SDP","","473.0","3","","508","","","662","","249"
"485","Tanner Kohlhepp","27","AA","DET","","473.3","3","","229","","","764","","427"
"486","Cody Delvecchio","22","A","SFG","","473.5","6","240","","637","383","860","462","259"
"487","Jesus Travieso","19","A","PIT","","","1","","","","","474","",""
"488","Jack Wenninger","24","AAA","NYM","","474.3","7","568","435","234","392","200","428","1063"
"489","Tyler LaPorte","29","AA","ATL","","475.0","3","","552","","","583","","290"
"490","Luke Jackson","22","A","TBR","","","1","","","","","476","",""
"491","Joe Jacques","31","MLB","SEA","","","2","","563","","","390","",""
"492","Fernando Peguero","21","AA","BAL","","","1","","","","","477","",""
"493","Ryan Hendrix","31","MLB","ARI","","","1","","","","","478","",""
"494","Sauryn Lao","26","MLB","WSN","","","2","","416","","","541","",""
"495","Eiberson Castellano","25","MLB","COL","","478.5","6","421","","185","436","341","625","863"
"496","Dean Livingston","19","A","ARI","","479.8","6","465","","289","509","655","356","605"
"497","Bryan Mata","27","AAA","BOS","","","2","","654","","","306","",""
"498","Jose Franco","25","MLB","CIN","","480.7","6","271","","170","447","824","203","969"
"499","Josh Hartle","23","AA","CLE","","481.1","7","466","446","226","315","298","272","1345"
"500","Logan VanWey","27","MLB","HOU","","482.0","3","","778","","","391","","277"
"501","Gabel Pentecost","22","A","HOU","","483.3","4","415","","","271","836","411",""
"502","Easton Lucas","29","MLB","TOR","","","2","","569","","","398","",""
"503","Levi Wells","24","AAA","BAL","","484.1","7","323","725","738","282","322","285","714"
"504","Nic Enright","29","MLB","MIA","","","2","","172","","","798","",""
"505","Teo Banks","22","A+","WSN","","","1","","","","","485","",""
"506","Ryan Dollar","22","A+","NYM","","485.3","3","","","","489","897","","70"
"507","Carlos Guzman","28","AAA","CHC","","485.7","3","","290","","","879","","288"
"508","Gerardo Carrillo","27","AAA","TEX","","486.5","3","","518","","","163","","779"
"509","Drue Hackenberg","24","AAA","ATL","","486.9","7","243","1280","450","206","281","255","694"
"510","Lucas Mahlstedt","23","AA","LAA","","487.0","3","","","","488","318","","655"
"511","Juan Carela","24","AA","FA","","487.8","4","","452","","264","706","529",""
"512","Brody Hopkins","24","AAA","TBR","","489.1","7","232","256","179","775","199","318","1465"
"513","Dylan Smith","26","MLB","SFG","","489.2","3","","253","","911","304","",""
"514","Ashton Izzi","22","AA","ARI","","489.4","7","60","1145","207","189","664","267","894"
"515","R.J. Sales","22","A","WSN","","","2","","241","","","742","",""
"516","Jesse Bergin","26","AA","MIN","","","2","","117","","","867","",""
"517","Coleman Crow","25","MLB","MIL","","492.3","6","520","","625","351","99","479","880"
"518","Jonathan Pintaro","28","MLB","NYM","","495.7","3","","681","","","118","","688"
"519","Luis R. Rodriguez","23","A","NYM","","","1","","","","","496","",""
"520","Luis Perales","23","AAA","WSN","","498.0","7","250","1161","192","526","70","269","1018"
"521","Nick Raquet","30","MLB","BAL","","498.5","3","","503","","","635","","358"
"522","Sam Carlson","27","AAA","LAD","","498.8","3","","304","","","328","","865"
"523","Wande Torres","21","A+","MIL","","499.2","7","324","1113","275","222","625","221","715"
"524","Zack Qin","20","A","SDP","","499.7","3","","","","","641","836","22"
"525","Braydon Risley","21","A","SFG","","500.2","6","258","","270","379","1025","310","759"
"526","Ryan McDonagh","20","A","KCR","","501.0","6","166","","160","295","1831","364","190"
"527","Miguel Ullola","24","MLB","HOU","","502.5","4","356","","","659","94","","901"
"528","Hans Crouse","27","MLB","FA","","505.2","3","","673","","","247","","596"
"529","Alex Clemmey","20","AA","WSN","","505.3","7","345","946","80","266","404","172","1324"
"530","Jayden Dubanewicz","20","A+","MIL","","505.9","7","174","914","196","218","1402","268","369"
"531","David Davalillo","25","AAA","TEX","","505.9","7","638","183","774","546","150","164","1087"
"532","Cristian Santana","22","A+","DET","","","1","","","","","506","",""
"533","Nolan Hoffman","28","MLB","PHI","","506.8","3","","383","","","299","","839"
"534","Philip Abner","24","MLB","ARI","","507.3","4","","23","","589","903","","514"
"535","George Klassen","24","MLB","LAA","","508.2","6","149","","496","611","142","384","1267"
"536","Luis Gamez","19","CPX","LAD","","","2","","","","","900","","117"
"537","Jackson Finley","25","AA","ATH","","508.6","7","290","1113","614","281","501","213","549"
"538","Rio Britton","23","A+","ARI","","510.4","7","503","654","222","389","993","231","581"
"539","Will Brian","27","AAA","NYY","","511.7","3","","613","","","350","","572"
"540","Juan Nunez","25","AA","BAL","","","1","","","","","512","",""
"541","Niko Mazza","24","A+","SFG","","512.7","7","389","558","138","466","988","485","565"
"542","Hunter Barco","25","MLB","PIT","","512.8","7","535","376","667","441","124","228","1219"
"543","Christian Rodriguez","24","A","BAL","","513.2","6","516","","343","277","1345","273","325"
"544","Antonio Knowles","26","AAA","LAD","","","2","","200","","","827","",""
"545","Ryan Prager","23","A","CLE","","514.0","4","602","","","269","1038","","147"
"546","Carlos Rey","24","AA","ARI","","514.3","4","","352","","742","683","","280"
"547","Thatcher Hurd","23","A","NYY","","514.5","6","590","","684","377","794","377","265"
"548","Luke Schafer","25","A+","LAA","","515.6","5","900","","486","437","536","","219"
"549","Isaac Ayon","24","A+","LAD","","515.9","7","433","738","294","340","1208","87","512"
"550","Landon Harmon","19","A","WSN","","","2","","","","","612","421",""
"551","Cody Morissette","26","AAA","MIN","","","1","","","","","517","",""
"552","Ricky Vanasco","27","MLB","DET","","517.0","3","","186","","","788","","577"
"553","Jesus Gamez","23","A+","TEX","","517.6","4","","217","","792","586","","476"
"554","Anderson Pilar","28","AAA","ATL","","518.3","3","","366","","","417","","772"
"555","C.J. Culpepper","24","AAA","MIN","","518.5","6","159","804","","694","370","374","710"
"556","Kade Morris","24","MLB","ATH","","519.2","6","248","","204","421","217","489","1536"
"557","Brandt Thompson","23","AAA","STL","","519.4","7","151","1034","190","280","732","296","953"
"558","CD Pelham","31","AAA","ATH","","520.0","3","","508","","","574","","478"
"559","Jacob Mayers","22","A","BOS","","521.3","6","297","","223","585","1169","177","677"
"560","Shinnosuke Ogasawara","28","MLB","WSN","","521.8","5","401","1218","231","","524","","235"
"561","Nelson Keljo","22","A","CLE","","521.8","6","517","","306","296","1222","292","498"
"562","Kevin Kilpatrick Jr.","25","AA","ATL","","","1","","","","","522","",""
"563","Nathan Blasick","25","A+","COL","","522.5","4","","196","","662","943","","289"
"564","Gary Gill Hill","21","AA","TBR","","523.3","7","452","1076","48","152","569","251","1115"
"565","Ryan Lambert","23","AAA","NYM","","523.7","3","","35","","1292","244","",""
"566","Peyton Niksch","22","A+","MIL","","524.7","3","","","","398","995","","181"
"567","Grant Kipp","26","AAA","CHC","","525.8","6","328","1248","252","","773","176","378"
"568","Yeiber Cartaya","23","A+","BAL","","528.6","7","408","234","111","529","1551","237","630"
"569","Spencer Giesting","24","AAA","ARI","","528.8","4","","968","","470","467","","210"
"570","Kellan Oakes","22","A+","HOU","","529.5","6","357","","418","292","1165","107","838"
"571","Alan Rangel","28","MLB","LAA","","529.8","5","623","816","215","","309","","686"
"572","Matt Turner","26","AAA","NYM","","530.0","3","","759","","","385","","446"
"573","Carlos Pena","27","AAA","DET","","531.0","5","650","618","389","","728","","270"
"574","Garrett Baumann","21","AAA","ATL","","531.1","7","621","846","377","163","265","280","1166"
"575","Beck Way","26","MLB","KCR","","","2","","","","","910","","153"
"576","Colten Brewer","33","MLB","NYY","","","2","","366","","","697","",""
"577","Yunior Marte","22","AA","SFG","","532.3","6","347","804","69","","822","139","1013"
"578","Alejandro Hidalgo","23","AAA","MIN","","532.6","4","","1014","","263","601","","253"
"579","Pete Hansen","25","AAA","STL","","533.5","7","459","543","405","387","297","524","1120"
"580","Dedniel Núñez","30","MLB","NYM","","","2","","753","","","315","",""
"581","Chung-Hsiang Huang","20","A","ARI","","534.9","7","501","276","536","506","776","278","872"
"582","Jayden Murray","29","MLB","CHC","","","2","","346","","","725","",""
"583","Wikelman Gonzalez","24","MLB","CHW","","536.5","3","","299","","557","754","",""
"584","Wandisson Charles","29","AAA","BAL","","538.0","3","","825","","","658","","131"
"585","Derek Vartanian","22","A","ATL","","538.8","6","456","","259","202","1375","344","597"
"586","Jose Urbina","20","A+","TBR","","539.6","7","292","1297","217","240","831","236","665"
"587","Jose Pena Jr.","22","A+","PHI","","539.8","3","","63","","438","1119","",""
"588","Brody McCullough","26","AA","CHC","","","2","","","","","585","495",""
"589","Mason Moore","24","A","CHW","","","1","","","","","540","",""
"590","Manuel Castro","24","AAA","SDP","","","2","","552","","","529","",""
"591","Brady Miller","26","A+","NYM","","","2","","","","","475","607",""
"592","Khal Stephen","23","AA","CLE","","541.0","7","376","979","366","424","470","431","741"
"593","Manuel Medina","24","A+","BOS","","","2","","281","","","801","",""
"594","Leonel Sequera","20","A+","STL","","541.8","7","455","997","347","179","604","253","958"
"595","Barrett Morgan","21","A","BOS","","544.7","6","184","","90","407","1626","320","641"
"596","Wilmy Sanchez","22","AA","NYY","","545.6","4","","637","","328","347","","871"
"597","Kyle Robinson","22","AA","PIT","","547.5","7","220","1181","184","215","1146","395","492"
"598","Caedmon Parker","23","A","CHW","","547.8","6","281","","339","334","1394","265","674"
"599","Anfernny Reyes","22","A","MIL","","548.0","4","197","146","","116","1733","",""
"600","Taylor Rashi","30","MLB","MIN","","548.3","3","","425","","","676","","544"
"601","Noah Millikan","23","CPX","WSN","","","2","","","","","1031","","71"
"602","TJ Nichols","24","AA","TBR","","551.9","7","616","601","841","468","331","350","656"
"603","Freddy Tarnok","27","MLB","MIA","","","2","","431","","","679","",""
"604","Braden Nett","24","AAA","ATH","","556.0","3","","825","","","339","504",""
"605","Riley Eikhoff","24","A+","CHW","","556.2","6","334","","131","252","1438","544","638"
"606","Channing Austin","24","AA","NYM","","557.3","7","223","537","121","375","1764","326","555"
"607","Ryan Jennings","27","AAA","TOR","","","2","","152","","","963","",""
"608","Jostin Florentino","21","A+","CHC","","558.7","7","417","281","736","498","602","335","1042"
"609","Christian Montes De Oca","26","MLB","ARI","","","2","","637","","","482","",""
"610","Hayden Merda","26","AA","NYY","","559.8","3","","884","","","766","","30"
"611","Blake Burkhalter","25","AAA","ATL","","560.0","3","","678","","110","892","",""
"612","Anyer Laureano","23","AA","CIN","","560.8","6","472","431","683","491","934","354",""
"613","Luichi Casilla","21","CPX","COL","","","1","","","","","561","",""
"614","Austin Peterson","26","AAA","CLE","","561.7","7","473","689","537","395","434","379","1025"
"615","Paulshawn Pasqualotto","25","AAA","MIN","","563.1","4","","464","","274","1328","","187"
"616","Jack Martinez","23","A","STL","","563.2","6","534","","181","428","1472","287","477"
"617","Nick Potter","22","A","HOU","","566.7","6","497","","142","527","1313","380","541"
"618","Aneurys Zabala","29","MLB","LAA","","","1","","","","","567","",""
"619","Chad Dallas","26","MLB","TOR","","567.7","6","595","","578","608","278","385","962"
"620","Mac Heuer","21","A","NYY","","568.0","5","579","","701","350","839","371",""
"621","Ty Van Dyke","22","A+","STL","","568.7","6","430","","173","475","1482","238","614"
"622","Everett Catlett","23","A+","COL","","568.9","7","199","876","200","316","1070","555","767"
"623","Ben Peoples","25","MLB","CHW","","570.0","3","","","","684","670","","356"
"624","Garrett Schoenle","28","AAA","CHW","","570.2","3","","487","","","772","","452"
"625","Jack Crowder","23","A+","BAL","","","2","","140","","","1003","",""
"626","Alex Amalfi","25","AA","TOR","","571.9","7","628","452","357","388","873","490","815"
"627","Wyatt Mills","31","MLB","FA","","572.3","3","","411","","","909","","397"
"628","Hunter Allen","22","A","BAL","","","2","","","","","418","729",""
"629","Julio Robaina","25","AAA","ATL","","573.9","7","604","1131","660","283","535","427","377"
"630","Carson Fischer","23","A+","WSN","","574.5","6","312","","323","317","1521","308","666"
"631","Bishop Letson","21","AA","MIL","","574.7","7","212","1009","205","366","530","282","1419"
"632","CJ Gray","19","CPX","LAA","","","1","","","","","575","",""
"633","Leandro Lopez","24","AA","TEX","","575.4","7","718","464","826","238","273","240","1269"
"634","Colin Daniel","22","A+","ATL","","576.5","6","760","","260","358","847","382","852"
"635","Carlos Espinosa","24","AA","LAA","","576.9","4","","464","","634","829","","381"
"636","Mathieu Curtis","21","A+","ATL","","577.0","3","","","","595","598","","538"
"637","Williams Montero","18","CPX","BOS","","","1","","","","","577","",""
"638","Ryan Gallagher","23","AAA","MIN","","577.4","7","509","1312","301","336","332","302","950"
"639","Blake Aita","23","AA","STL","","577.9","7","463","1106","360","253","751","357","755"
"640","Michael Trausch","22","A","TEX","","578.8","4","","136","","520","1461","","198"
"641","Kelena Sauer","23","AA","TOR","","580.3","3","","","","439","834","","468"
"642","Trevor Harrison","20","A+","TBR","","581.4","7","375","730","722","294","660","313","976"
"643","Moises Morales","22","A","TEX","","581.4","7","445","804","245","194","1714","322","346"
"644","Jose Atencio","24","A+","LAA","","581.5","7","591","846","266","300","1598","401","69"
"645","Davis Chastain","22","A+","LAD","","581.7","3","","","","640","730","","375"
"646","Preston Johnson","26","AAA","MIN","","582.6","7","246","1014","723","432","808","300","556"
"647","Sterling Patick","21","A+","LAD","","583.4","7","554","897","515","352","310","277","1179"
"648","Gavin Collyer","25","MLB","TEX","","","2","","","","753","414","",""
"649","Bryan Magdaleno","25","AA","TEX","","584.4","4","","387","","912","550","","489"
"650","Riley Frey","24","AA","ATL","","584.4","4","","217","","661","1182","","278"
"651","Jack Bowery","22","A","SEA","","585.2","6","524","","656","452","1189","348","342"
"652","Jack Mahoney","24","AA","COL","","585.4","7","227","1848","442","175","638","429","339"
"653","Josh Stephan","24","AAA","TEX","","585.9","7","322","1131","239","291","432","491","1195"
"654","Dawson Netz","25","AA","CHC","","585.9","7","377","696","291","564","1527","325","322"
"655","Domingo Gonzalez","26","MLB","SEA","","","2","","","","","704","","469"
"656","Lucas Gordon","24","AA","CHW","","587.6","7","480","487","42","287","1766","343","709"
"657","Ethan Walker","22","A","BOS","","588.0","6","234","","616","401","1211","330","736"
"658","Sean Matson","24","AAA","CLE","","588.1","4","","494","","567","918","","374"
"659","Dominic Fritton","23","A","TBR","","588.3","6","385","","409","330","1183","378","845"
"660","Christian Suarez","25","AA","LAD","","589.4","4","","264","","606","1023","","465"
"661","Jack Choate","25","AA","SFG","","590.1","4","","400","","862","597","","502"
"662","Caden Dana","22","MLB","LAA","","591.9","6","103","624","490","550","216","","1569"
"663","Nate Garkow","28","AAA","TOR","","","2","","304","","","881","",""
"664","Jordan Morales","26","A","CHW","","","2","","","","613","572","",""
"665","Jake Brooks","24","AAA","COL","","593.7","7","640","820","154","273","967","402","900"
"666","Luis Mey","25","MLB","CIN","","594.9","4","","181","","811","270","","1118"
"667","Luis F. Castillo","31","MLB","BAL","","","1","","","","","595","",""
"668","Izeah Muniz","22","A","COL","","","2","","","","","481","710",""
"669","Jose Gonzalez","24","AA","LAA","","596.4","7","548","1017","248","510","622","405","825"
"670","Keegan Batka","24","A+","PHI","","597.0","3","","","","590","1170","","31"
"671","Joshua Quezada","22","AAA","MIL","","597.3","3","","","","112","1098","","582"
"672","Carson Seymour","27","MLB","SFG","","597.8","5","703","569","403","","107","","1207"
"673","Ryan Slater","24","A+","SFG","","597.8","3","","113","","376","1305","",""
"674","Luis Vargas","24","AA","ATL","","598.0","4","","613","","469","692","","618"
"675","Xavier Kolhosser","22","A+","MIN","","599.0","4","533","","","547","817","","499"
"676","Duncan Davitt","26","MLB","CHW","","599.2","5","351","","713","","228","499","1205"
"677","Jacob Miller","22","AA","MIA","","599.9","7","490","846","267","448","480","469","1200"
"678","Will Schomberg","25","AA","MIA","","600.2","3","","262","","","895","644",""
"679","Robert Stock","36","MLB","BOS","","","2","","1161","","","41","",""
"680","Jonathan Brand","26","AAA","TEX","","602.3","3","","346","","","893","","568"
"681","Justin Hagenman","29","MLB","NYM","","","2","","1004","","","203","",""
"682","Connor Schultz","27","AA","CHC","","604.1","5","699","725","459","","843","","295"
"683","Yeiner Fernandez","23","AA","LAD","","","1","","","","","605","",""
"684","Ty Langenberg","24","AAA","MIN","","605.1","7","436","868","451","513","650","331","987"
"685","Kenyon Yovan","28","AAA","LAA","","605.8","3","","836","","","779","","203"
"686","Andrew Saalfrank","28","MLB","ARI","","","2","","130","","","1083","",""
"687","Luke Gabrysh","23","A+","PHI","","606.5","7","410","608","373","434","1178","360","883"
"688","Jack Mathey","22","AAA","SDP","","","1","","","","","607","",""
"689","Angel Bastardo","24","AAA","TOR","","608.0","4","","508","","621","130","","1173"
"690","Jose Cordova","26","AAA","COL","","","1","","","","","608","",""
"691","Yujanyer Herrera","22","A+","COL","","608.3","7","284","1161","483","422","396","686","826"
"692","Michel Otanez","28","MLB","ATH","","609.5","3","","428","","","226","","1175"
"693","Jorge Corona","25","AA","CHW","","","1","","","","","610","",""
"694","Reid VanScoter","27","AA","SEA","","610.0","3","","1161","","","533","","136"
"695","Carter Young","25","AA","BAL","","","1","","","","","611","",""
"696","Jackson Humphries","21","A+","CLE","","611.5","7","128","1255","92","534","1325","246","701"
"697","Melvin Hernandez","19","A","MIL","","","2","","317","","","906","",""
"698","Hyun-Seok Jang","22","A","LAD","","611.7","7","394","790","308","487","1229","480","594"
"699","Cale Wetwiska","21","A","DET","","611.8","4","653","","","306","1148","340",""
"700","Marco Jimenez","26","A+","DET","","","2","","52","","","1172","",""
"701","Chase Centala","24","AA","MIA","","611.8","7","344","738","533","486","1380","315","487"
"702","Aidan Haugh","23","A","TBR","","612.0","6","561","","363","176","1745","301","526"
"703","Matt McShane","23","A+","BOS","","612.5","4","","266","","824","640","","720"
"704","Michael Walsh","25","AAA","PIT","","612.7","3","","286","","556","996","",""
"705","Rorik Maltrud","26","AAA","CLE","","613.0","6","564","946","243","","568","444","913"
"706","Danny Watson","25","AAA","NYY","","613.5","4","","295","","760","633","","766"
"707","Franyer Herrera","21","A+","NYY","","614.2","7","365","1175","107","246","1571","270","566"
"708","Marco Raya","23","MLB","MIN","","614.3","3","","","","461","534","","848"
"709","Jake Miller","25","AA","DET","","614.4","4","","421","","631","759","647",""
"710","Adam Macko","25","MLB","TOR","","","2","","","","842","387","",""
"711","Daison Acosta","27","AAA","SDP","","","2","","12","","","1219","",""
"712","Nicolas Herold","27","A+","SFG","","","1","","","","","616","",""
"713","Jon Olsen","29","AAA","NYY","","","1","","","","","617","",""
"714","Magnus Ellerts","25","AAA","CLE","","618.7","3","","411","","982","463","",""
"715","Brycen Mautz","24","MLB","STL","","620.7","6","391","","137","774","356","613","1453"
"716","Eybersson Polanco","22","AA","LAA","","621.7","5","307","738","","390","1126","","548"
"717","Brett Wichrowski","23","AAA","MIL","","622.1","7","451","1322","284","180","516","355","1247"
"718","Alexander Martinez","23","A","CHW","","622.3","6","458","","714","493","1353","245","471"
"719","Thomas Szapucki","30","MLB","DET","","","1","","","","","623","",""
"720","Dylan Tebrake","26","AA","WSN","","","1","","","","","624","",""
"721","Ben Hess","23","AA","NYY","","624.9","7","668","161","847","818","185","400","1296"
"722","Justin West","22","A","NYY","","625.0","6","536","","588","261","1196","393","776"
"723","Antonio Jimenez","25","AAA","SFG","","","2","","380","","","871","",""
"724","Nigel Belgrave","24","AAA","MIA","","625.8","4","","95","","844","363","","1201"
"725","Caden Favors","24","AA","CLE","","625.9","7","468","897","148","416","752","562","1138"
"726","Tayron Guerrero","35","MLB","BOS","","","2","","1240","","","13","",""
"727","Jacob Kmatz","23","AA","TBR","","626.4","4","","884","","56","1557","","9"
"728","Chase Petty","23","MLB","CIN","","628.1","7","283","1240","692","324","354","241","1263"
"729","Joel Hurtado","25","AAA","LAA","","628.4","7","742","868","186","412","756","598","837"
"730","Trent Harris","27","AAA","SFG","","629.2","3","","361","","","500","","1027"
"731","Troy Guthrie","20","A","TOR","","630.4","7","229","1113","118","184","1728","341","700"
"732","Brayan Castillo","25","AAA","COL","","","2","","593","","","669","",""
"733","Trenton Denholm","26","AAA","CLE","","632.2","6","462","1058","441","","555","492","785"
"734","J.D. Thompson","22","A+","MIL","","633.3","4","559","","","849","571","554",""
"735","Sem Robberse","24","AAA","STL","","633.8","3","","891","","","484","527",""
"736","Fidel Ulloa","23","AA","COL","","634.3","4","","138","","822","1018","","559"
"737","Matthew Fisher","20","A","PHI","","634.6","5","457","","","293","1491","575","357"
"738","Hancel Rincon","24","AAA","STL","","634.6","4","","925","","425","411","","778"
"739","Eiver Mosquera","19","A","MIA","","635.7","6","688","","720","549","792","407","658"
"740","Brandon Birdsell","26","AAA","CHC","","","2","","897","","","375","",""
"741","Brendan Parks","23","A","BAL","","","2","","","","651","621","",""
"742","Tyler Schweitzer","25","MLB","CHW","","636.0","4","331","","","762","553","","898"
"743","Zane Barnhart","24","AA","BAL","","636.1","4","","91","","638","1465","","351"
"744","Oscar Rayo","24","AAA","KCR","","636.9","5","543","387","","536","924","","795"
"745","Yimi Presinal","21","A+","KCR","","637.5","4","","372","","670","826","","682"
"746","Chris Clark","24","AAA","TBR","","638.5","7","479","624","56","483","1715","297","816"
"747","Connor Thomas","28","MLB","MIL","","639.2","5","932","955","364","","677","","268"
"748","Nathan Dettmer","24","A+","ATH","","639.7","7","172","1312","147","353","1649","224","621"
"749","Trace Baker","22","A+","TOR","","640.7","3","","","","632","705","","585"
"750","Josh White","25","MLB","MIA","","641.3","3","","","","692","714","","518"
"751","Dylan Ross","25","AAA","NYM","","641.8","3","","211","","1232","483","",""
"752","Hayden Durke","24","AAA","ARI","","","2","","241","","","1043","",""
"753","Sean Sullivan","23","MLB","COL","","642.5","6","137","","582","381","681","844","1230"
"754","Kevin Stevens","28","AA","NYY","","","1","","","","","643","",""
"755","Connor McCullough","26","AA","CHW","","643.2","6","570","1106","508","","544","498","633"
"756","Dakota Hawkins","26","AAA","NYM","","643.6","5","953","207","290","","1548","","220"
"757","Sam Tookoian","23","A+","LAA","","643.7","3","","","","872","718","","341"
"758","Ryan Costeiu","25","AA","LAA","","644.5","7","614","836","398","337","1279","368","680"
"759","Tyler Samaniego","27","MLB","BOS","","","1","","","","","645","",""
"760","Tate Kuehner","25","AAA","MIL","","645.4","7","709","585","654","485","393","370","1322"
"761","Dominic Niman","25","AAA","TBR","","645.6","7","884","416","86","410","1535","602","587"
"762","Josh Mallitz","24","AA","SDP","","646.0","4","","366","","778","744","","696"
"763","John Klein","24","MLB","MIN","","646.5","6","526","","411","542","479","394","1527"
"764","Peyton Olejnik","23","A+","LAA","","646.6","7","532","884","292","322","1663","307","527"
"765","Sammy Hernandez","22","A+","STL","","","1","","","","","647","",""
"766","Richie Cortese","23","A","PHI","","","1","","","","","648","",""
"767","Dylan Phillips","27","AAA","LAA","","648.3","3","","411","","","1085","","449"
"768","Aldrin Batista","23","A+","CHW","","","2","","576","","","721","",""
"769","Jonatan Bernal","24","AAA","ARI","","648.9","5","82","1181","","359","1244","","379"
"770","Jacob Steinmetz","22","A+","ARI","","","2","","","","","695","604",""
"771","Gleiner Diaz","22","A+","SEA","","650.1","4","","338","","429","1780","","54"
"772","Corey Avant","24","AAA","ATH","","650.8","7","471","738","526","313","1059","437","1012"
"773","Scott Rouse","24","A","SEA","","651.2","6","582","","271","687","1654","403","310"
"774","Brandon McPherson","26","AAA","HOU","","651.9","6","643","1175","568","","384","284","858"
"775","Dominick Reid","22","A","CHC","","652.5","6","729","","303","399","1303","317","864"
"776","Kyle Keller","33","MLB","BOS","","","2","","","","","430","","876"
"777","Reed Moring","21","A","MIN","","653.3","6","475","","349","420","1924","289","463"
"778","Matt Keating","25","AA","NYY","","654.7","3","","84","","746","1134","",""
"779","Tristan Garnett","28","AAA","PHI","","657.7","3","","370","","","984","","619"
"780","Carter Holton","23","A","ATL","","658.8","5","759","","","347","942","660","586"
"781","Frederick Hiciano","18","CPX","MIN","","","1","","","","","659","",""
"782","Cameron Cotter","27","AAA","CIN","","","2","","487","","","833","",""
"783","Kyle Amendt","26","AAA","ARI","","","2","","46","","","1275","",""
"784","Evan Yates","23","AAA","BAL","","661.0","7","287","841","139","467","1188","572","1133"
"785","Ryan Och","27","AA","SDP","","","2","","440","","","884","",""
"786","Camden Minacci","24","AA","LAA","","662.3","3","","576","","865","546","",""
"787","Robinson Piña","27","MLB","TOR","","","2","","940","","","386","",""
"788","Carlos Duran","24","MLB","ATH","","664.6","4","","666","","777","519","","697"
"789","Robinson Ortiz","26","AAA","SEA","","665.7","3","","295","","","358","","1344"
"790","Griffin Herring","23","AA","COL","","667.2","6","740","45","350","695","734","","1439"
"791","Ethan Dorchies","19","A+","MIL","","667.5","7","409","1743","676","217","453","137","1038"
"792","Fulton Lockhart","22","A","LAA","","667.5","4","","593","","745","1228","","104"
"793","Will McCausland","22","A+","CLE","","668.2","6","549","","305","267","1539","390","959"
"794","Gunnar Hoglund","26","MLB","ATH","","","2","","1042","","","295","",""
"795","Tegan Cain","23","A","PHI","","","2","","","","368","969","",""
"796","Michael Kennedy","21","A+","CLE","","670.2","7","299","1232","236","581","712","583","1049"
"797","Derek Clark","24","A","LAA","","671.0","6","467","","300","386","1897","659","317"
"798","Oddanier Mosqueda","27","AAA","STL","","","2","","281","","","1061","",""
"799","Riley Gowens","26","AAA","CHW","","671.2","3","","518","","","498","","998"
"800","Jackson Ferris","22","AAA","LAD","","671.4","7","279","810","890","544","113","254","1810"
"801","Christian Roa","27","MLB","MIA","","","2","","380","","","968","",""
"802","Mason Barnett","25","MLB","ATH","","673.9","7","189","629","754","696","189","867","1393"
"803","Aaron Munson","24","AA","TOR","","674.5","4","","295","","573","1082","","748"
"804","Dylan Driessen","21","A","STL","","675.0","3","","","","653","1088","","284"
"805","Nick Frasso","27","AAA","LAD","","","2","","778","","","573","",""
"806","Ben Hansen","24","A+","ATH","","678.2","7","593","1405","513","393","1413","135","296"
"807","Konner Eaton","23","AA","COL","","678.4","7","702","1050","251","426","424","770","1126"
"808","Brandan Bidois","25","MLB","PIT","","","2","","","","748","609","",""
"809","Austin Love","27","AAA","STL","","679.3","3","","224","","","804","","1010"
"810","Garrett McDaniels","26","MLB","LAA","","","2","","852","","","511","",""
"811","Tyler Owens","25","MLB","FA","","682.8","4","","797","","548","1139","","247"
"812","Julian Fernandez","30","MLB","WSN","","","2","","503","","","864","",""
"813","Victor Duarte","25","AAA","SDP","","","1","","","","","684","",""
"814","Darien Smith","26","AA","SFG","","684.4","6","632","646","353","","1193","472","811"
"815","Jacob Denner","25","A+","SEA","","","2","","","","","921","450",""
"816","Jordan Gottesman","23","A","SFG","","686.0","6","493","","219","528","1983","464","429"
"817","Ovis Portes","21","A+","CIN","","686.1","7","235","1084","509","369","1638","106","862"
"818","Alex Pham","26","AAA","BAL","","686.7","3","","955","","","505","","600"
"819","Josh Simpson","28","MLB","SEA","","687.7","3","","406","","","735","","922"
"820","Jacob Gomez","24","A+","ATL","","","2","","70","","","1307","",""
"821","Mauricio Estrella","22","A+","SFG","","688.3","4","393","","","298","1837","","225"
"822","R.J. Dabovich","27","AAA","SFG","","","1","","","","","689","",""
"823","Chandler Marsh","23","A+","BAL","","689.6","4","","120","","972","1132","","535"
"824","Caleb Bolden","27","AAA","BOS","","690.8","5","669","914","467","","461","","943"
"825","Richard Gallardo","24","AAA","TOR","","691.0","7","661","1505","134","540","459","316","1222"
"826","Levi Sterling","19","A","PIT","","691.1","7","386","1351","50","201","1874","260","716"
"827","J.T. Etheridge","24","A","NYY","","691.4","7","715","955","643","572","1034","204","717"
"828","Grif Hughes","24","A","COL","","691.8","5","829","","307","593","1694","","36"
"829","Aiden May","23","A+","MIA","","692.9","7","807","1121","414","479","698","406","925"
"830","Patrick Halligan","26","AAA","ATL","","692.9","4","571","421","","","1450","","330"
"831","Brady Feigl","35","MLB","PIT","","","2","","766","","","620","",""
"832","Carson Myers","23","A+","TOR","","694.5","4","721","","","458","1358","","241"
"833","Josh Owens","19","A","TEX","","","1","","","","","696","",""
"834","Riley Kelly","22","A","COL","","696.3","6","387","","224","481","1674","611","801"
"835","Alex Carrillo","29","MLB","NYM","","","2","","738","","","656","",""
"836","Diego Castillo","28","MLB","MIN","","","1","","","","","699","",""
"837","D.J. McCarty","23","A+","TEX","","699.7","7","613","618","370","501","1096","759","941"
"838","Noah Edders","23","A","CHC","","700.2","6","831","","320","500","1821","342","387"
"839","Joander Suarez","26","AAA","NYM","","700.3","5","913","393","825","","557","814",""
"840","Paul Gervase","26","MLB","LAD","","701.3","4","","207","","992","863","","743"
"841","Yerry Rodriguez","28","MLB","PIT","","","2","","508","","","896","",""
"842","Garrett Langrell","25","A","SFG","","702.3","3","","","","944","1014","","149"
"843","James Hicks","25","AA","HOU","","702.4","7","649","1677","354","335","397","530","975"
"844","Bryson Hammer","24","A+","COL","","703.0","7","270","914","547","492","1080","690","928"
"845","Gunner Mayer","25","AAA","SEA","","704.6","4","","361","","835","806","","817"
"846","Garrett Horn","23","A+","MIN","","","2","","","","","693","720",""
"847","Cameron Keshock","22","A+","PIT","","707.0","6","353","","355","650","1008","458","1418"
"848","Trent Buchanan","24","A+","ATL","","707.7","3","","203","","1013","907","",""
"849","Chris Campos","25","AAA","LAD","","","2","","925","","","493","",""
"850","Dylan Covey","34","MLB","ATL","","","1","","","","","709","",""
"851","Izaak Martinez","24","AAA","CLE","","709.3","4","","1027","","400","1262","","148"
"852","Henry Baez","23","AA","ATH","","709.4","7","606","766","868","555","237","518","1416"
"853","Adrian Bohorquez","21","A+","MIN","","709.8","3","","487","","","1121","522",""
"854","Joe Corbett","29","AAA","MIL","","","1","","","","","710","",""
"855","Logan Mercado","24","AAA","ARI","","710.1","4","","421","","569","1106","","745"
"856","Antwone Kelly","22","MLB","PIT","","710.2","6","735","","478","627","235","540","1646"
"857","Brandon Decker","23","A+","NYY","","710.2","5","","569","463","781","1339","","399"
"858","Julian Aguiar","25","MLB","CIN","","710.8","7","507","986","449","635","469","561","1369"
"859","Alexis Torres","23","A+","PIT","","714.0","3","","224","","482","1436","",""
"860","Charlie McDaniel","24","AA","SFG","","714.3","7","619","1050","535","260","1233","361","942"
"861","Alexander Cornielle","24","AAA","NYY","","716.1","6","371","906","","480","1281","560","699"
"862","Francis Pena","25","AAA","SDP","","716.6","4","","270","","969","904","","724"
"863","Bryan Balzer","21","A+","SDP","","717.5","7","342","1586","166","299","932","531","1167"
"864","Jose Meneses","21","A+","MIL","","717.7","3","","","","242","1718","","193"
"865","A.J. Causey","23","AAA","ATH","","718.5","4","","186","","956","423","","1309"
"866","Reese Dutton","25","A+","PHI","","720.4","7","563","1181","211","445","1664","509","470"
"867","Yosver Zulueta","28","MLB","CIN","","721.5","3","","104","","","267","","1794"
"868","Tanner Smith","23","A+","BAL","","","1","","","","","722","",""
"869","Camron Hill","23","A+","PHI","","722.3","3","","","","571","1285","","311"
"870","Christian Romero","23","AAA","LAD","","722.6","7","346","1050","298","563","898","466","1437"
"871","Coleman Picard","24","A+","KCR","","723.0","4","","","","796","1177","460","459"
"872","Charlie Weber","22","A","HOU","","724.5","6","672","","596","630","1506","327","616"
"873","Jake Knapp","25","AA","CHC","","725.2","6","626","","522","937","495","578","1193"
"874","Zach Vennaro","30","AAA","MIN","","","1","","","","","727","",""
"875","Troy Taylor","24","MLB","SEA","","727.1","4","","181","","1064","407","","1257"
"876","Hayden Harris","27","MLB","ATL","","728.5","3","","127","","","628","","1431"
"877","Sam Stuhr","23","A","ATH","","729.1","7","374","1342","246","462","1691","550","439"
"878","Alonzo Tredwell","24","AA","HOU","","","2","","440","","","1019","",""
"879","Fernando Sanchez","25","AAA","SDP","","729.8","7","551","400","718","959","719","475","1287"
"880","Chase Lee","27","MLB","DET","","729.8","3","","477","","","951","","762"
"881","Jack Jasiak","25","AAA","CLE","","730.4","4","","487","","477","1492","","466"
"882","Yordanis Guerra","19","CPX","PHI","","","2","","","","","878","","583"
"883","Logan Martin","24","AA","SFG","","730.6","7","583","766","524","671","1705","656","209"
"884","Emiliano Teodo","25","AAA","TEX","","731.5","4","","613","","1189","213","","911"
"885","Jayvien Sandridge","27","MLB","NYY","","","2","","940","","","523","",""
"886","Jakob Wright","23","A+","LAD","","731.9","7","574","1447","494","683","264","413","1248"
"887","Jay Dill","23","AA","ATH","","732.0","3","","","","708","793","","695"
"888","Austin Emener","24","A+","COL","","732.5","5","594","387","","728","1619","","335"
"889","Peyton Fosher","23","A+","MIA","","735.2","6","855","","632","645","786","463","1030"
"890","Carter Lovasz","23","A","ATL","","736.0","3","","","","714","1129","","365"
"891","Stephen Still","24","A","BAL","","738.5","6","793","","679","600","1110","459","790"
"892","Steven Echavarria","20","A+","ATH","","739.6","7","161","1492","143","505","1022","556","1299"
"893","Connor Van Scoyoc","26","AAA","COL","","740.4","6","865","876","356","","1101","392","853"
"894","J.B. Bukauskas","29","MLB","MIL","","","1","","","","","741","",""
"895","Hayden Minton","25","AA","DET","","741.1","7","867","646","378","562","1257","605","873"
"896","Jorger Petri","21","A","DET","","","2","","393","","","1090","",""
"897","Trace Bright","25","AAA","BAL","","742.3","7","485","955","528","633","882","510","1203"
"898","Eddy Yean","25","MLB","WSN","","742.3","3","","","","605","880","","742"
"899","Reidis Sena","25","AAA","BOS","","742.4","4","","464","","977","729","","800"
"900","Brian Holiday","23","A","STL","","742.7","6","914","","191","512","1706","705","428"
"901","Garrett Hodges","23","A+","MIL","","743.8","5","301","309","","850","1399","","860"
"902","Vinny Nittoli","35","MLB","MIL","","","2","","637","","","852","",""
"903","Clay Edmondson","23","AAA","SDP","","744.3","3","","","","886","576","","771"
"904","Evan Shawver","26","AAA","COL","","744.5","6","147","1768","577","699","821","","455"
"905","Dylan Crooks","23","A","COL","","745.3","3","","","","691","1500","","45"
"906","Jose Corniell","23","MLB","TEX","","745.5","7","439","747","885","741","521","293","1593"
"907","Gustavo Rodriguez","25","AAA","ATH","","","2","","477","","","1015","",""
"908","Dylan MacLean","23","AA","TEX","","745.8","7","696","891","208","418","1620","434","954"
"909","Ben Simon","24","AAA","NYM","","746.8","4","","169","","1073","1292","","453"
"910","Blake Weiman","30","AAA","HOU","","","2","","1034","","","460","",""
"911","Clay Dungan","30","AAA","SDP","","","1","","","","","747","",""
"912","Osvaldo Berrios","26","AAA","BOS","","748.2","6","633","1034","466","813","1011","","532"
"913","Yoendris Gonzalez","23","A","CHC","","749.0","3","269","","","30","1948","",""
"914","Juan Arnaud","23","A+","NYM","","749.4","4","","177","","649","1603","","569"
"915","Dax Fulton","24","MLB","MIA","","750.3","6","712","","579","857","156","551","1647"
"916","Gabe Craig","24","A+","PHI","","752.0","3","","","","906","1041","","309"
"917","Tink Hence","23","AAA","STL","","752.7","3","","576","","1303","379","",""
"918","Andry Lara","23","MLB","WSN","","755.6","7","333","1515","213","384","1214","311","1319"
"919","Harry Gustin","24","AA","SDP","","755.8","4","","524","","730","915","","854"
"920","Jonas Uzcategui","21","A","MIA","","757.0","3","","","","","1173","882","216"
"921","Carson Dorsey","23","A+","BAL","","757.1","7","691","1071","621","442","941","481","1053"
"922","Trent Sellers","26","AAA","NYY","","757.1","6","689","1084","611","","682","620","857"
"923","Grant Richardson","22","A","ATH","","","2","","","","","848","667",""
"924","Drew Beam","23","AA","KCR","","758.1","7","655","1429","475","415","462","545","1326"
"925","Joel Valdez","26","AAA","CIN","","","2","","446","","","1072","",""
"926","Peter Van Loon","27","AAA","BAL","","","2","","552","","","966","",""
"927","Ricky Castro","26","AAA","MIN","","759.1","4","577","1280","","","872","","308"
"928","Landry Jurecka","23","AA","SDP","","759.3","4","","","519","","1360","700","458"
"929","Zane Taylor","24","AAA","ATH","","759.8","6","378","","177","716","1504","817","967"
"930","Jonathan Clark","26","AA","CHW","","760.0","4","","136","","801","1646","","457"
"931","Garrett Acton","28","MLB","MIN","","","2","","537","","","985","",""
"932","Tanner Gillis","25","AA","MIL","","762.7","7","627","1218","250","603","1483","569","589"
"933","Jeisson Cabrera","27","AAA","BAL","","763.0","3","","563","","","1241","","485"
"934","Vince Reilly","25","AAA","CHC","","763.8","4","","186","","758","1400","","711"
"935","Daniel Missaki","30","AAA","TEX","","","2","","400","","","1130","",""
"936","Diego Mosquera","22","A+","NYM","","","1","","","","","765","",""
"937","Ofreidy Gomez","30","AAA","BAL","","","2","","","","","369","","1161"
"938","Wilkin Ramos","25","MLB","SFG","","765.7","3","","","","1029","349","","919"
"939","Albert Almora Jr.","32","MLB","MIA","","","1","","","","","767","",""
"940","Rainer Nunez","25","AAA","TOR","","","1","","","","","769","",""
"941","Cameron Foster","27","MLB","BAL","","","1","","","","","770","",""
"942","Marcus Phillips","21","A+","BOS","","770.3","6","558","","790","739","456","442","1637"
"943","Nestor Rios","21","A+","MIA","","","1","","","","","771","",""
"944","Sheng-En Lin","20","A","CIN","","771.9","7","268","1099","457","514","1362","523","1180"
"945","Landen Payne","23","A","CHW","","772.0","3","","","","623","1568","","125"
"946","Marlon Nieves","21","A","LAD","","773.1","5","523","673","","1143","887","640",""
"947","Adam Smith","26","AA","SEA","","773.9","4","","703","","494","1810","","89"
"948","Jagger Haynes","23","AA","SDP","","774.1","7","774","1161","114","423","1042","548","1357"
"949","Edgar Portes","23","AA","BAL","","","2","","552","","","998","",""
"950","Eric Lin","23","A","TBR","","","1","","","","","775","",""
"951","Callan Fang","22","A","MIN","","776.0","3","474","","","674","1180","",""
"952","Jake Higginbotham","30","AAA","SDP","","","2","","778","","","774","",""
"953","Ethan Young","22","A","STL","","776.5","6","830","","739","523","1247","415","905"
"954","Mason Dinesen","27","A","BAL","","","1","","","","","778","",""
"955","Josh Trentadue","24","AA","TEX","","779.0","6","681","797","769","648","691","","1088"
"956","Will Gagnon","22","A","LAD","","779.7","3","","","","868","1033","","438"
"957","Carson Jacobs","24","AA","CHW","","780.3","3","","164","","1084","1093","",""
"958","Logan Workman","27","AAA","TBR","","780.4","5","599","654","600","","738","","1311"
"959","Eddy Felix","22","CPX","DET","","","1","","","","","781","",""
"960","Tyler Schlaffer","25","AA","CHC","","781.1","7","528","1334","719","507","825","274","1281"
"961","Calvin Schapira","26","A+","SEA","","781.3","3","","654","","","1478","","212"
"962","Derek Diamond","25","AAA","PIT","","781.6","4","","876","","560","1536","","155"
"963","Grayson Grinsell","22","A","DET","","781.8","6","600","","408","457","2069","542","615"
"964","Brad Deppermann","30","AA","SFG","","","2","","512","","","1053","",""
"965","Sabier Marte","22","A","NYY","","784.3","3","","","","","1220","796","337"
"966","Jake Curtis","24","AAA","CHW","","785.6","6","630","1417","433","497","1317","","420"
"967","Bradley Brehmer","26","AA","BAL","","787.3","3","","1161","","693","508","",""
"968","Thomas Balboni Jr.","25","A+","NYY","","788.3","3","","452","","1106","807","",""
"969","Richard Guasch","28","AA","BAL","","","2","","666","","","912","",""
"970","Myles Patton","22","A","BOS","","789.8","5","492","","710","578","1547","622",""
"971","Jeffrey Mercedes","21","A+","CLE","","","1","","","","","790","",""
"972","Luis Quinones","28","AAA","MIN","","","2","","979","","","603","",""
"973","Chazz Martinez","26","AAA","KCR","","","2","","778","","","805","",""
"974","Austin Gordon","23","AA","LAA","","791.9","7","584","1797","202","440","855","508","1157"
"975","Felix Arronde","23","AA","KCR","","793.6","7","663","646","598","575","1091","691","1292"
"976","Cameron Weston","25","MLB","BAL","","794.4","5","","","842","711","537","520","1362"
"977","J.D. McReynolds","23","A","TEX","","794.7","3","","","","732","1349","","303"
"978","Brian Van Belle","29","MLB","TBR","","","2","","1009","","","581","",""
"979","Yunior Tur","26","AAA","ATH","","795.7","3","","593","","","1030","","764"
"980","Tyler Schmitt","21","A","SDP","","795.8","6","326","","261","617","2290","477","804"
"981","Tanner Gresham","24","A+","PHI","","796.2","6","751","","225","677","2143","347","634"
"982","Donovan Zsak","22","A+","CLE","","796.3","4","","563","","752","1435","","435"
"983","Brady Basso","28","MLB","ATH","","797.8","4","","1322","755","","193","","921"
"984","Max Martin","22","A+","KCR","","798.3","3","","","","717","971","","707"
"985","Thomas Ireland","24","AAA","TEX","","798.8","4","","497","","707","911","","1080"
"986","Xavier Mitchell","19","CPX","LAA","","","1","","","","","799","",""
"987","Lucas Knowles","28","AAA","LAA","","799.9","5","1034","1264","342","","1087","","273"
"988","Jacob Zibin","21","A+","CLE","","800.5","7","556","1264","627","191","1737","373","856"
"989","Austin Ehrlicher","23","A+","BOS","","","2","","177","","","1425","",""
"990","Houston Roth","28","AAA","SEA","","801.0","3","","901","","","713","","789"
"991","Douglas Orellana","24","AAA","NYM","","801.1","4","","464","","712","1316","","713"
"992","Braylon Myers","23","A","CHC","","801.4","5","838","","368","726","1777","","298"
"993","Payton Graham","22","A","STL","","801.5","6","871","","280","765","2011","680","202"
"994","Jordy Vargas","22","A+","COL","","802.1","7","211","1454","145","516","1393","719","1177"
"995","Brayan Mendoza","22","A+","MIA","","802.3","7","770","820","421","807","1164","595","1039"
"996","Jarrette Bonet","20","A","MIL","","805.7","6","273","","362","391","2087","543","1178"
"997","Isaac Coffey","26","AAA","BOS","","805.8","6","384","1515","819","904","542","671",""
"998","Myles Caba","24","AA","LAD","","805.9","4","","177","","1035","1207","","805"
"999","Johan Simon","24","AA","DET","","806.4","4","","531","","1014","559","","1122"
"1000","Carter Loewen","27","AAA","SDP","","","2","","326","","","1288","",""
"1001","Brock Selvidge","23","AA","NYY","","","2","","1442","","","172","",""
"1002","Win Scott","23","A","DET","","807.0","3","635","","","345","1441","",""
"1003","Kruz Schoolcraft","19","A","SDP","","807.5","6","315","","748","676","1186","309","1611"
"1004","Jonathan Vastine","23","A+","SDP","","","1","","","","","809","",""
"1005","Luis Gonzalez","34","AAA","FA","","","2","","629","","","990","",""
"1006","Mario Camilletti","27","AAA","CHW","","","1","","","","","810","",""
"1007","Kenya Huggins","23","AA","ATH","","810.1","7","514","876","686","471","1484","358","1282"
"1008","Stephen Jones","28","AAA","MIA","","810.2","3","","925","","","844","","662"
"1009","Jack Dallas","27","AA","PHI","","810.7","3","","446","","","1588","","398"
"1010","Irving Cota","22","AA","NYM","","811.0","7","676","914","379","602","1760","419","927"
"1011","Erick Mejia","31","AAA","WSN","","811.5","3","","543","","","1840","","52"
"1012","Jake Bloss","25","MLB","TOR","","811.6","7","1076","1572","406","465","861","762","539"
"1013","Will Watson","23","AA","NYM","","811.6","6","901","487","892","1038","686","866",""
"1014","Steven Zobac","25","AA","KCR","","811.8","6","615","1636","","668","923","626","403"
"1015","Zach Peek","28","AAA","NYM","","813.2","3","","725","","","1089","","626"
"1016","Brian Hendry","26","A+","NYY","","","1","","","","","814","",""
"1017","Alex Santos II","24","AA","HOU","","815.4","4","","1492","","657","488","","625"
"1018","Janser Lara","29","AA","TEX","","815.8","3","","1342","","","687","","419"
"1019","Angel Rivero","19","CPX","TOR","","","2","","","","","1212","","421"
"1020","Matt Seelinger","31","MLB","NYM","","","2","","","","","877","","757"
"1021","Blas Castano","27","MLB","COL","","","2","","1196","","","440","",""
"1022","Caleb Farmer","26","AA","WSN","","","1","","","","","818","",""
"1023","Steven Brooks","23","A+","BOS","","818.8","4","","759","","655","1469","","392"
"1024","Kevin Valdez","24","A+","CHC","","819.7","7","553","1370","447","537","1856","323","652"
"1025","Guy Lipscomb","25","AA","CLE","","","1","","","","","820","",""
"1026","Jose Montero","22","AA","CIN","","820.3","7","449","766","201","642","1526","553","1605"
"1027","Marcus Johnson","25","AAA","TBR","","821.5","3","","868","","","787","810",""
"1028","Garrett Stallings","28","MLB","MIL","","822.0","3","813","","","","854","","799"
"1029","Wyatt Crowell","24","AA","LAD","","822.0","7","781","759","650","914","552","570","1528"
"1030","Merit Jones","22","A","MIN","","822.7","6","724","","232","576","2272","457","675"
"1031","Darick Hall","30","MLB","PIT","","","1","","","","","823","",""
"1032","Darwin Rodriguez","22","A","KCR","","823.8","6","276","1505","501","464","1757","440",""
"1033","Esmerlin Vinicio","23","A+","SFG","","823.8","6","617","689","330","679","1979","","649"
"1034","Parker Carlson","23","AAA","NYM","","824.0","3","","","","596","1123","","753"
"1035","Austin Cates","23","AA","TOR","","826.0","7","624","759","249","496","1801","549","1304"
"1036","Po-Chun Lin","19","CPX","SEA","","","2","","","","","1335","","318"
"1037","Easton McGee","28","MLB","MIL","","826.7","3","","797","","","441","","1242"
"1038","Adam Kloffenstein","25","MLB","TOR","","826.9","7","881","1218","240","685","708","698","1358"
"1039","Nick Merkel","27","AA","MIL","","","2","","797","","","858","",""
"1040","Gregory Bozzo","24","A","NYY","","","1","","","","","828","",""
"1041","Cade Smith","24","AA","NYY","","828.8","7","816","1084","502","372","1409","653","966"
"1042","Payton Martin","22","AA","LAD","","830.9","7","659","1752","256","408","961","366","1415"
"1043","Patrick Copen","24","AA","LAD","","831.1","7","874","1297","268","722","435","612","1610"
"1044","Shane Murphy","25","AAA","CHW","","831.1","7","845","1185","295","431","1336","627","1099"
"1045","Tim Naughton","30","AAA","DET","","","2","","352","","","1311","",""
"1046","Erik Rivera","25","AAA","BOS","","831.7","5","","747","","620","1200","815","777"
"1047","Patrick Reilly","24","AA","PIT","","831.8","3","","416","","","1114","966",""
"1048","Jervis Alfaro","22","A+","CLE","","831.9","7","580","1422","314","433","1937","136","1001"
"1049","Antoine Jean","24","A+","COL","","","1","","","","","832","",""
"1050","Darlin Saladin","23","AA","STL","","832.4","4","","428","","802","720","","1380"
"1051","Hunter Parks","25","AAA","CIN","","832.9","4","","1461","","515","1150","","206"
"1052","Chase Solesky","28","MLB","TBR","","833.0","4","728","","809","","446","","1349"
"1053","Brandon Neeck","26","AAA","PIT","","833.2","3","","703","","","1175","","622"
"1054","Deivi Villafana","23","A","CIN","","833.2","7","597","673","293","503","2862","363","542"
"1055","Matthew Dalquist","23","A","MIN","","834.5","6","572","","592","476","2038","591","738"
"1056","Brendan Cellucci","28","AAA","TOR","","834.7","3","","1099","","","472","","933"
"1057","Jairo Iriarte","24","MLB","CHW","","835.0","4","","810","","791","1107","","632"
"1058","Kenyi Perez","24","AA","CHC","","835.5","4","","186","","853","1950","","353"
"1059","Evan Siary","22","A","TEX","","835.8","6","844","","272","361","2587","587","364"
"1060","Joe Rock","25","MLB","TBR","","836.7","5","","836","689","1131","173","","1355"
"1061","Geoffrey Gilbert","25","AA","NYY","","838.0","3","","148","","1222","1144","",""
"1062","Matthew Pushard","28","MLB","MIA","","","1","","","","","838","",""
"1063","Hunter Dryden","24","A+","SFG","","840.0","7","839","613","281","656","1314","879","1298"
"1064","Eric Cerantola","26","MLB","SFG","","842.7","3","","","","785","1010","","733"
"1065","Bobby Olsen","24","A+","STL","","844.3","3","","","","933","803","","797"
"1066","Trey Cooper","23","A+","CHW","","844.5","4","398","","","797","1456","","727"
"1067","Victor Mederos","25","MLB","ATL","","844.8","6","296","1557","808","908","177","","1323"
"1068","Brenden Dixon","25","AAA","PIT","","","1","","","","","845","",""
"1069","Will Bednar","26","AAA","SFG","","845.3","4","","654","","841","1282","","604"
"1070","Ryan Vanderhei","25","AA","SFG","","845.6","4","","326","","599","1951","","507"
"1071","Chuck King","28","AAA","PHI","","846.0","5","704","1515","334","","753","","924"
"1072","Teddy McGraw","24","AA","SEA","","","1","","","","","846","",""
"1073","Hayden Snelsire","25","AAA","TBR","","847.5","4","","601","","641","1772","","376"
"1074","Luke Little","25","MLB","CHC","","847.5","4","","207","","1312","305","","1566"
"1075","Drew Dowd","24","AA","TBR","","","2","","66","","","1631","",""
"1076","Michael Darrell-Hicks","28","MLB","PIT","","","2","","1071","","","626","",""
"1077","Rocco Reid","23","A+","ARI","","849.0","3","","1027","","561","959","",""
"1078","Tyler Baum","28","AAA","WSN","","","2","","1034","","","667","",""
"1079","Joel Lara","19","A","NYM","","852.3","7","381","1131","228","680","1913","195","1438"
"1080","Jimmy Kingsbury","27","AA","SEA","","852.7","3","","259","","","1422","","877"
"1081","Ryan Dromboski","23","AA","PHI","","852.7","7","388","1131","282","499","1516","471","1682"
"1082","Kade Bragg","24","AA","MIA","","852.9","4","","464","","1044","830","","1074"
"1083","Jeremy Pilon","20","A","TBR","","","2","","","","","1020","","687"
"1084","Cory Wall","26","AA","ATL","","","2","","259","","","1449","",""
"1085","Yermain Ruiz","20","A","BOS","","854.2","6","404","","897","594","1437","658","1135"
"1086","Luis Martinez-Gomez","23","AA","CHC","","854.7","6","605","933","","472","1841","697","580"
"1087","Tyler Vogel","25","AAA","SFG","","854.8","4","","435","","1074","1160","","750"
"1088","Michael Watson","24","AA","STL","","855.4","4","","270","","1086","913","","1153"
"1089","Kyle Bischoff","26","AAA","MIN","","856.0","4","","700","","856","1122","","746"
"1090","Justin King","28","AAA","MIA","","856.3","3","","797","","","1069","","703"
"1091","Evan Fitterer","26","AAA","SDP","","858.2","7","370","997","572","1200","780","513","1576"
"1092","Landon Harper","25","AA","ATL","","","2","","747","","","970","",""
"1093","Cole Stasio","24","AAA","TEX","","859.3","3","","","","851","1064","","663"
"1094","Johan Moreno","23","AAA","SDP","","859.8","4","","281","","535","2049","","574"
"1095","Edgar Colon","20","A","CIN","","860.5","7","280","1719","416","235","2464","262","648"
"1096","Jan Cabrera","21","CPX","STL","","","2","","","","","1509","","213"
"1097","Ryan Ramsey","25","AAA","KCR","","861.1","7","494","1145","344","718","851","856","1620"
"1098","Jamie Hitt","23","AA","SDP","","861.3","6","988","","369","577","1021","675","1538"
"1099","Aaron Combs","24","AA","PHI","","861.5","4","","753","","665","1013","","1015"
"1100","Marco Barrios","20","A","CHW","","862.0","3","","","","364","2114","","108"
"1101","Efrain Contreras","26","AA","LAA","","862.3","3","","1447","","349","791","",""
"1102","Fisher Jameson","23","AAA","COL","","862.8","6","664","357","","417","1829","827","1083"
"1103","Wyatt Hudepohl","24","A+","NYM","","","2","","","","","1151","576",""
"1104","Joe Vogatsky","24","AA","BOS","","863.6","6","566","1357","","495","1813","258","693"
"1105","Tyler Jay","32","MLB","SEA","","","2","","1071","","","661","",""
"1106","Jackson Wolf","27","MLB","SDP","","865.8","5","338","1185","606","","690","","1510"
"1107","Bailey Dees","27","AAA","NYY","","","2","","747","","","987","",""
"1108","Colby Martin","25","AAA","MIA","","867.0","4","","83","","963","1224","","1198"
"1109","Grayson Boles","19","CPX","KCR","","","1","","","","","869","",""
"1110","Eriq Swan","24","AA","WSN","","869.1","4","","1141","","994","856","486",""
"1111","Blake Adams","25","AAA","COL","","869.3","7","586","1302","325","810","886","900","1276"
"1112","Jared Southard","25","AAA","LAA","","869.9","4","","376","","1170","614","","1320"
"1113","Dylan Watts","21","A+","TOR","","870.2","6","666","","262","615","2358","256","1064"
"1114","Connor Oliver","25","AA","PIT","","870.7","7","441","1208","273","612","2269","399","893"
"1115","Bridger Holmes","23","AAA","LAA","","","2","","585","","","1158","",""
"1116","Joe Miller","26","AAA","DET","","871.4","6","557","1042","518","","1444","568","1100"
"1117","Fernando Perez","22","AA","TOR","","873.5","3","","997","","","901","723",""
"1118","Bryce Jenkins","25","A+","NYM","","873.7","3","","","","815","1423","","383"
"1119","Sam Mettert","22","A","CHC","","","1","","","","","874","",""
"1120","JT Benson","24","A","NYM","","","1","","","","","875","",""
"1121","Ben Bowden","31","MLB","ATH","","875.7","3","","629","","","1137","","861"
"1122","Aaron Rozek","30","AAA","MIN","","876.3","4","","1549","404","","796","","756"
"1123","Jose Guzman","21","A","DET","","877.3","3","","","","521","1762","","349"
"1124","Thomas Pannone","32","MLB","MIL","","879.6","4","","1712","477","","274","","1056"
"1125","Jose Gutierrez","23","A","KCR","","880.4","7","379","1565","390","365","2519","484","461"
"1126","Chandler Champlain","26","AAA","WSN","","880.6","6","540","1461","287","","1044","793","1159"
"1127","Zachary Cawyer","23","AA","KCR","","881.0","4","","968","","773","724","","1059"
"1128","Jesus Liranzo","31","AAA","MIL","","","2","","387","","","1376","",""
"1129","Karson Ligon","23","A","TOR","","","2","","","","","1149","614",""
"1130","Trevor Martin","25","MLB","TBR","","882.7","3","","","804","995","849","",""
"1131","Anders Tolhurst","26","AAA","TOR","","","2","","772","","","994","",""
"1132","Bryce Cunningham","23","A+","NYY","","884.8","7","741","1351","393","689","1239","713","1068"
"1133","Onix Vega","27","AAA","NYM","","","1","","","","","885","",""
"1134","Yordin Chalas","22","AA","ARI","","","2","","1034","","","736","",""
"1135","Kai Peterson","23","AA","TOR","","886.5","3","","376","","1179","1105","",""
"1136","Estibenzon Jimenez","24","AA","PHI","","887.0","4","","1034","","566","1769","","179"
"1137","Alejandro Chiquillo","23","A","TEX","","887.8","6","758","","387","591","2368","517","706"
"1138","Ryan Watson","28","MLB","BOS","","","1","","","","","888","",""
"1139","Eric Yost","23","AAA","SDP","","888.1","7","779","1461","345","720","1066","586","1260"
"1140","Aidan Deakins","22","A+","TEX","","888.9","7","683","1515","155","304","2104","547","914"
"1141","Jean Henriquez","32","AA","BAL","","","1","","","","","890","",""
"1142","Tyler Davis","24","AA","BOS","","","2","","464","","","1319","",""
"1143","Cody Adcock","24","AA","CIN","","891.8","4","","569","","893","1291","","814"
"1144","Jacob Edwards","25","A+","CIN","","892.4","7","631","1150","551","980","1566","771","598"
"1145","Bryce Archie","22","A","CIN","","892.8","5","542","","","751","2024","410","737"
"1146","Stu Flesland III","25","AAA","COL","","893.6","7","546","537","647","891","1861","780","993"
"1147","Aiden Taggart","19","A","TOR","","","1","","","","","894","",""
"1148","Zac Lampton","26","A+","BAL","","","2","","","","522","1267","",""
"1149","David Rodriguez","24","A+","ATL","","894.6","4","","772","","583","1961","","263"
"1150","Alix Hernandez","21","A","SFG","","894.7","3","","","","729","1756","","199"
"1151","Brayden Spears","25","A+","CHC","","894.9","5","682","738","","845","1570","","640"
"1152","Leighton Finley","22","A","BOS","","895.8","6","411","","395","664","2410","422","1073"
"1153","Cooper Adams","26","AA","BOS","","896.1","5","678","661","","737","1503","","902"
"1154","Brett Kerry","27","MLB","LAA","","896.8","4","657","","673","","940","","1317"
"1155","Ivran Romero","24","A+","MIN","","896.8","7","802","1093","837","700","1198","652","996"
"1156","Carlos Carra","19","A","MIL","","898.6","7","267","1719","140","360","1866","497","1442"
"1157","Jack Anderson","26","MLB","MIN","","898.8","5","656","","540","","1274","741","1283"
"1158","Wilking Rodriguez","36","AAA","NYY","","","1","","","","","899","",""
"1159","Brody Fowler","22","A+","ATL","","899.7","3","","","","","1443","657","599"
"1160","Adam Shoemaker","23","A+","HOU","","900.2","5","491","933","","449","2342","286",""
"1161","Chay Yeager","23","AA","TOR","","","2","","361","","","1440","",""
"1162","Connor Wilford","25","A","SEA","","900.3","3","","","","","1687","452","562"
"1163","Blake Rambusch","26","AA","SEA","","","1","","","","","902","",""
"1164","Sean Boyle","29","AAA","SDP","","904.8","4","531","1478","","","325","","1285"
"1165","Ben Kudrna","23","AAA","KCR","","904.8","3","","925","","","1037","753",""
"1166","Peter Heubeck","23","AA","LAD","","904.9","5","926","997","","1050","618","934",""
"1167","Austin St. Laurent","23","A+","SEA","","","1","","","","","905","",""
"1168","Luimy Munoz","23","A","TEX","","905.0","3","","","","759","1642","","314"
"1169","Grant Manning","25","A","WSN","","906.0","4","752","","","786","1695","","391"
"1170","Noah Beal","24","A+","TBR","","906.8","4","","825","","830","1727","","245"
"1171","Braian Salazar","21","A+","SDP","","907.9","4","","608","","832","1390","","802"
"1172","Gabriel Barbosa","24","AAA","PHI","","908.4","7","984","673","768","443","1816","842","833"
"1173","Joey Danielson","25","AA","TEX","","908.9","4","","387","","986","1621","","642"
"1174","Justin Storm","24","AA","MIA","","909.0","4","","249","","1116","1713","","558"
"1175","Andrew Herbert","25","A","BAL","","909.3","6","951","","626","601","2209","478","591"
"1176","Simon Gregersen","23","A","ARI","","909.8","4","803","","","770","1572","","494"
"1177","Jacob Wallace","27","AAA","KCR","","","2","","585","","","1236","",""
"1178","TJ Shook","28","MLB","NYM","","","2","","","","","1357","","464"
"1179","Jaren Warwick","24","A","LAA","","910.8","4","","245","","1045","1911","","442"
"1180","Frank Camarillo","22","A+","NYM","","913.0","6","851","","316","413","2601","515","782"
"1181","Matt Sauer","27","MLB","FA","","","2","","1499","","","329","",""
"1182","Austin Breedlove","22","A","NYY","","","1","","","","","914","",""
"1183","Edwin Jimenez","24","AA","MIL","","914.3","4","","1289","","788","952","","628"
"1184","Andrew Lindsey","26","AAA","TBR","","914.5","3","","1642","","","819","","283"
"1185","Justin Chambers","20","A+","LAD","","915.0","3","","","","902","652","","1191"
"1186","Braxton Roxby","27","AAA","SFG","","915.7","3","","366","","","768","","1613"
"1187","Cameron Millar","19","CPX","KCR","","","1","","","","","916","",""
"1188","Jhancarlos Lara","23","AAA","WSN","","916.8","3","","477","","1514","760","",""
"1189","Randal Diaz","23","A+","BAL","","","1","","","","","917","",""
"1190","Juan Reyes","21","CPX","WSN","","","2","","","","","1538","","299"
"1191","Tucker Biven","22","A+","WSN","","","2","","","","907","930","",""
"1192","Guillo Zuniga","27","MLB","PHI","","","2","","906","","","938","",""
"1193","Trent Youngblood","24","A+","ARI","","","1","","","","","922","",""
"1194","Thomas Harrington","24","MLB","PIT","","923.1","7","750","1436","455","880","703","726","1512"
"1195","Jerming Rosario","24","AAA","LAD","","923.9","4","","696","","1070","761","","1169"
"1196","Jose Davila","23","A+","STL","","924.3","3","","797","","864","1112","",""
"1197","Kamdyn Perry","20","A+","TEX","","924.4","7","418","1748","321","339","2101","121","1423"
"1198","Carson Coleman","28","AAA","TEX","","","2","","","","","410","","1440"
"1199","Efrailin Ramos","20","A","TBR","","","2","","","","","1498","","352"
"1200","Junior Fernandez","29","MLB","KCR","","925.2","3","","1436","","","283","","1057"
"1201","Garrett Hawkins","26","AAA","SDP","","925.3","3","","552","","","606","","1618"
"1202","Jhonathan Diaz","29","MLB","SEA","","925.6","5","996","1027","641","","229","","1735"
"1203","Lazaro Estrada","27","MLB","TOR","","926.3","3","799","968","","","1012","",""
"1204","Jimmy Joyce","27","AA","SEA","","","2","","897","","","956","",""
"1205","Gerson Garabito","30","MLB","FA","","","2","","1042","","","812","",""
"1206","David Hernandez","19","CPX","PHI","","","2","","","","","1297","","557"
"1207","Merritt Beeker","24","A","WSN","","","2","","67","","","1788","",""
"1208","Adrian Gil","20","A","CHW","","","1","","","","","928","",""
"1209","Parker Smith","23","A+","HOU","","928.9","7","512","1618","543","586","1467","501","1275"
"1210","Deiry Gonzalez","18","CPX","PHI","","","2","","","","","1039","","819"
"1211","Jayden Kim","19","A","PIT","","","1","","","","","929","",""
"1212","Ryan Bourassa","26","AA","ATL","","","2","","281","","","1580","",""
"1213","Matt Cronin","28","AAA","SEA","","","2","","503","","","1361","",""
"1214","Kelly Austin","25","AA","NYY","","933.8","4","","825","","755","1849","","306"
"1215","Caden Rose","24","AA","BOS","","","1","","","","","935","",""
"1216","Wyatt Parliament","22","A","NYY","","935.7","6","693","","823","478","2536","416","668"
"1217","Anhuar Garcia","22","A","CHC","","","1","","","","","936","",""
"1218","Brett Banks","24","A+","NYM","","","2","","172","","","1700","",""
"1219","Garrett Davila","29","AAA","WSN","","","2","","637","","","1237","",""
"1220","Chen Zhong-Ao Zhuang","25","AAA","ATH","","937.0","7","607","1138","604","879","947","789","1595"
"1221","Alex Williams","26","AAA","MIA","","937.4","6","805","1580","422","","986","628","1204"
"1222","Lebarron Johnson Jr.","24","A+","COL","","937.6","7","545","1370","599","626","1791","852","780"
"1223","Adisyn Coffey","27","AAA","CHW","","937.8","3","","747","","","637","","1430"
"1224","JeanPierre Ortiz","22","A+","CIN","","938.2","7","489","906","664","637","2283","537","1052"
"1225","Drew Pestka","22","A+","CIN","","","2","","229","","","1648","",""
"1226","Alex Makarewich","24","A+","LAD","","941.0","4","","309","","1226","1261","","968"
"1227","Liam Sullivan","24","A+","WSN","","941.9","7","698","968","358","686","2189","617","1077"
"1228","Mikey Tepper","24","A+","WSN","","944.1","7","861","906","510","763","2043","386","1140"
"1229","Carson Laws","23","A+","MIA","","945.3","6","878","","607","654","1613","665","1255"
"1230","Carlos Medina","21","A","SDP","","945.7","6","476","","674","816","2551","546","611"
"1231","Carson Hobbs","24","AA","LAD","","946.1","4","","421","","1026","1348","","990"
"1232","Alex Cornwell","27","AAA","STL","","","2","","955","","","939","",""
"1233","Connor O'Hara","25","CPX","TEX","","","2","","","","","1463","","431"
"1234","Kohl Drake","25","AAA","ARI","","947.3","7","500","1394","749","930","528","812","1718"
"1235","Adler Cecil","21","CPX","SDP","","","2","","","","","1812","","84"
"1236","Steffon Moore","29","AA","CIN","","","1","","","","","949","",""
"1237","Peyton Pallette","25","MLB","CHW","","","2","","","","871","1028","",""
"1238","Juan Bello","22","A+","HOU","","","2","","406","","","1495","",""
"1239","Brady Tygart","23","A+","BOS","","","2","","","","","1181","721",""
"1240","Garrett Gainey","26","AAA","TBR","","952.3","7","925","940","538","1000","1863","630","770"
"1241","Trenton Wallace","27","AAA","TOR","","","2","","1121","","","784","",""
"1242","Victor Diaz","23","A+","CIN","","953.1","4","","925","","941","1466","","481"
"1243","Gerinton Mendez","19","A","MIA","","953.7","3","","","563","","1671","","627"
"1244","Joseph King","25","A+","STL","","","1","","","","","954","",""
"1245","Cameron Nohos","23","A","SDP","","","2","","","","","1531","","380"
"1246","Curtis Taylor","30","AAA","STL","","","2","","1099","","","813","",""
"1247","Bryson Van Sickle","25","AAA","COL","","956.2","5","708","","","673","1941","362","1097"
"1248","Ryan Loutos","27","MLB","WSN","","","2","","531","","","1382","",""
"1249","Alex Breckheimer","22","A","STL","","957.2","6","827","","659","704","1954","528","1071"
"1250","Holt Jones","27","AA","MIA","","957.8","3","","608","","","1836","","430"
"1251","Jake Clemente","22","A","MIA","","958.7","6","806","","575","892","1670","494","1315"
"1252","Miguel Flores","21","A","CLE","","958.8","6","714","","253","805","2460","445","1076"
"1253","Sandy Ozuna","20","CPX","COL","","","1","","","","","960","",""
"1254","Jacob Morrison","22","A","MIL","","960.3","4","330","","","945","1889","677",""
"1255","Randel Clemente","24","AA","STL","","960.8","4","","446","","881","1420","","1096"
"1256","Nazier Mule","21","A+","CHC","","963.1","7","380","1557","762","643","1758","525","1117"
"1257","Andre Lipcius","28","AAA","CHW","","","1","","","","","964","",""
"1258","Abraham Parra","20","A+","SDP","","964.8","7","694","1580","221","582","1898","389","1390"
"1259","Hayden Seig","27","AAA","LAA","","","1","","","","","965","",""
"1260","Jack Eshleman","22","A+","TOR","","965.3","5","870","747","","597","2427","","186"
"1261","Nolan DeVos","25","A+","HOU","","965.6","7","585","1686","639","719","1355","784","991"
"1262","Christian Rodriguez","21","A","NYM","","965.9","5","521","1084","","397","2340","","488"
"1263","Emmanuel Reyes","22","A+","KCR","","967.3","7","569","1737","169","405","2380","487","1024"
"1264","Cam Tilly","22","A","NYM","","967.3","6","679","","473","511","2563","538","1040"
"1265","Brayan Vergara","20","A","LAA","","968.3","4","329","","","574","2323","","647"
"1266","Lael Lockhart","28","AAA","DET","","969.8","5","942","1411","482","","600","","1414"
"1267","Garrett Edwards","24","AA","TBR","","969.9","7","915","1192","299","604","1792","623","1365"
"1268","Brett Gillis","26","AA","HOU","","970.2","6","771","1383","500","","1252","776","1139"
"1269","Daniel Federman","27","A+","BAL","","","1","","","","","972","",""
"1270","Billy Oldham","25","A","MIN","","","1","","","","","973","",""
"1271","Nick Hull","26","AAA","SEA","","974.0","5","695","968","","860","1255","","1092"
"1272","Diomedes Hernandez","21","AA","NYY","","","1","","","","","975","",""
"1273","Sam Bower","25","A","SFG","","975.8","5","820","","590","1046","1880","","543"
"1274","Hendry Chivilli","20","A","MIN","","975.8","6","873","","461","690","2389","552","890"
"1275","Johnathan Harmon","25","AA","CIN","","975.9","7","833","1557","150","451","1956","567","1318"
"1276","Zeke Wood","26","A+","STL","","","1","","","","","976","",""
"1277","Blake Townsend","25","AAA","TEX","","976.1","7","976","1153","423","710","1709","769","1093"
"1278","Zane Mills","25","AAA","CHC","","976.3","3","","629","","","1396","904",""
"1279","Tyson Guerrero","27","AAA","KCR","","","2","","997","","","957","",""
"1280","Juan Rosas","20","A","TOR","","","1","","","","","977","",""
"1281","Jesus Tillero","20","A","LAD","","977.4","7","505","1515","297","533","2115","423","1454"
"1282","Jackson Wentworth","23","AA","TOR","","977.5","7","769","1525","417","543","1738","637","1214"
"1283","Darlin Pinales","23","A+","ATH","","977.7","3","","512","","1005","1416","",""
"1284","Dominic Fletcher","28","AAA","CHW","","","1","","","","","979","",""
"1285","Eli Jerzembeck","23","A+","CHC","","979.0","5","","","484","978","1659","435","1339"
"1286","Kevin Gowdy","28","AAA","TOR","","","2","","1202","","","757","",""
"1287","Adilson Peralta","23","A+","PHI","","980.6","4","","477","","622","2245","","579"
"1288","Cole Miller","21","A","ATH","","980.7","7","576","1121","439","875","2078","502","1274"
"1289","Alex Speas","28","MLB","MIN","","","1","","","","","981","",""
"1290","Yilber Diaz","25","MLB","DET","","982.6","4","","1405","","889","596","","1041"
"1291","Jose Paulino","19","CPX","MIA","","","1","","","","","983","",""
"1292","Michael Morales","23","AA","SEA","","983.4","7","923","1362","310","780","1063","884","1562"
"1293","Tyler Bryant","27","AA","MIL","","","2","","503","","","1468","",""
"1294","Truman Pauley","22","A","CHW","","985.7","6","444","","193","698","2771","676","1132"
"1295","Yoniel Curet","23","AAA","DET","","985.7","3","","1050","","1458","449","",""
"1296","Braydon Tucker","26","AA","PHI","","985.8","6","777","1264","367","","2048","783","676"
"1297","Max Alba","26","AA","DET","","986.2","6","798","1208","517","669","1795","","930"
"1298","Carter Rustad","25","AA","CLE","","988.5","4","","681","","931","1678","","664"
"1299","Adonys Perez","22","AAA","ARI","","989.1","7","495","1630","375","446","2154","589","1235"
"1300","Trey Pooser","24","A+","TBR","","989.2","7","794","1317","237","734","2397","868","578"
"1301","Amilcar Chirinos","24","AA","HOU","","989.8","4","","618","","996","1464","","881"
"1302","Blaine Wynk","22","A","CHW","","990.2","6","461","","613","861","2678","381","947"
"1303","Jonathan Russell","21","A+","TBR","","990.8","3","","585","","1191","1197","",""
"1304","Carlson Reed","23","A+","PIT","","991.6","7","403","1113","332","863","2100","695","1436"
"1305","Anderson Guevara","21","A","SEA","","","1","","","","","992","",""
"1306","Marques Johnson","25","AAA","SFG","","992.3","4","","352","","1436","406","","1775"
"1307","Wil Jensen","28","AAA","CHC","","","2","","933","","","1052","",""
"1308","Joe Adametz","26","AAA","TEX","","992.7","6","850","1009","751","","1650","447","1249"
"1309","David Lorduy","22","A+","CIN","","992.8","7","700","1342","585","776","1970","702","875"
"1310","Thomas Schultz","26","AAA","WSN","","993.2","3","","624","","","2033","","323"
"1311","Luis  Fonseca","24","A","TOR","","","2","","","","","1585","","402"
"1312","Michael Fowler","23","AAA","MIL","","","2","","","","1146","841","",""
"1313","Nate Williams","24","A+","CHC","","993.7","3","","","","990","1027","","964"
"1314","Garrett McMillan","25","AA","PIT","","","2","","487","","","1502","",""
"1315","Michael Sansone","26","AAA","BOS","","995.1","6","800","1181","428","","1867","792","903"
"1316","Ben Vespi","25","AA","BAL","","995.1","4","","937","","723","1075","","1246"
"1317","Travis MacGregor","28","AAA","LAA","","","2","","738","","","1253","",""
"1318","Jay Driver","24","AAA","CLE","","995.4","4","","713","","867","1458","","944"
"1319","Emmett Olson","24","A+","MIA","","","2","","933","","","1058","",""
"1320","Micah Dallas","26","AAA","ATH","","995.5","4","","816","","1008","1735","","423"
"1321","Stiven Cruz","24","AA","MIL","","995.8","4","","1161","","455","2054","","313"
"1322","Chase Hampton","24","AA","NYY","","996.5","6","987","","397","1006","1447","624","1518"
"1323","Francisco Morao","20","CPX","BAL","","","2","","","","","1754","","239"
"1324","Angel Acosta","23","A+","KCR","","","1","","","","","997","",""
"1325","Antoine Kelly","26","AAA","COL","","998.5","3","","1192","","","578","","1226"
"1326","Nic Swanson","26","AA","HOU","","998.6","5","725","1505","489","","1366","","908"
"1327","Nick Davila","27","MLB","SEA","","","1","","","","","1000","",""
"1328","Tanner Andrews","30","MLB","TOR","","","2","","","","","1470","","531"
"1329","Joey Mancini","26","AAA","HOU","","1000.6","5","911","1208","715","","1009","","1160"
"1330","Luke Craig","24","A+","ARI","","","1","","","","","1001","",""
"1331","Jake Shelagowski","22","A","STL","","1001.8","6","842","","778","883","1912","455","1141"
"1332","Anthony Hoopii-Tuionetoa","25","AAA","CHW","","","2","","601","","","1405","",""
"1333","Cristhian Tortosa","27","AA","PIT","","","2","","666","","","1343","",""
"1334","Trey Dombroski","25","AAA","HOU","","1004.6","7","747","1084","382","727","2055","708","1330"
"1335","Eliezer Rivero","21","A","LAA","","","1","","","","","1005","",""
"1336","Michael Hilker","21","A","MIN","","1005.0","3","","","","874","1640","","501"
"1337","Jack Little","28","MLB","PIT","","1005.3","3","","707","","","1523","","786"
"1338","Jake Shirk","24","AA","PIT","","1005.6","4","","836","","747","1368","","1072"
"1339","Jesse Hahn","36","MLB","LAD","","","2","","1626","","","388","",""
"1340","Joshua Cornielly","25","AAA","NYM","","","2","","440","","","1574","",""
"1341","Samuel Escudero","22","AA","PIT","","","1","","","","","1007","",""
"1342","Christian Herberholz","25","AAA","BAL","","1007.3","7","641","1618","651","882","1192","829","1238"
"1343","Jack Findlay","23","AA","STL","","1007.4","4","","696","","787","1533","","1014"
"1344","Jackson Kelley","26","AAA","CHW","","1007.4","4","","1084","","1039","1226","","681"
"1345","Gerelmi Maldonado","22","A+","SFG","","1007.7","3","","524","","1366","1133","",""
"1346","Brock Porter","23","A+","TEX","","1008.6","7","647","925","480","854","2677","563","915"
"1347","Colin Peluse","28","AAA","PHI","","1008.7","3","","1138","","","1395","","493"
"1348","Jeff Criswell","27","MLB","COL","","","2","","1289","","","731","",""
"1349","Logan Samuels","24","A+","ATL","","1011.1","4","","1042","","636","2070","","297"
"1350","Nolan Kingham","29","AAA","TEX","","1011.8","4","1054","","796","","532","","1665"
"1351","Caden Grice","24","A+","ARI","","1012.4","7","920","1400","527","825","1576","577","1262"
"1352","Grant Umberger","24","A+","CHW","","1013.2","7","975","831","454","840","2013","751","1229"
"1353","Yu-Min Lin","22","AAA","ARI","","1013.9","7","412","1892","807","821","685","601","1880"
"1354","Andrew Healy","22","A","MIL","","1014.7","6","477","","756","897","2316","488","1154"
"1355","Matt Ager","23","AA","PIT","","1015.2","7","372","1926","443","362","2631","339","1034"
"1356","Nate Dohm","23","A+","STL","","1015.2","7","684","1330","798","1030","1476","581","1208"
"1357","Kelvin Ramirez","25","AA","LAD","","1015.3","4","","785","","919","1875","","482"
"1358","Melkis Hernandez","21","A+","CLE","","1015.6","7","560","1322","702","884","1629","408","1604"
"1359","Jesus Lafalaise","21","A","TEX","","1015.9","7","634","1884","493","406","2081","433","1181"
"1360","Jarod Bayless","29","AAA","PIT","","1016.8","5","821","1131","593","","1708","","831"
"1361","Yolmer Sanchez","34","MLB","LAA","","","1","","","","","1017","",""
"1362","Nelson L. Alvarez","28","AAA","PHI","","","2","","338","","","1699","",""
"1363","Yeraldo Salcedo","19","A","PIT","","1018.4","5","646","","","789","2002","541","1114"
"1364","Josh Hendrickson","28","AAA","HOU","","1018.5","5","804","2019","560","","405","","1305"
"1365","Blake Wolters","21","A+","KCR","","1020.5","7","538","1693","391","551","1902","496","1573"
"1366","Roman Angelo","26","AAA","ARI","","1020.6","7","298","1121","521","1104","1876","874","1350"
"1367","Nathan Wiles","27","MLB","ATL","","","2","","1370","","","673","",""
"1368","Eric Pardinho","25","AAA","TOR","","","2","","707","","","1338","",""
"1369","Dylan Ray","25","AAA","ARI","","1022.6","7","482","1667","770","743","1249","774","1473"
"1370","Avery Short","25","AAA","ARI","","1023.0","7","420","1618","333","761","2046","918","1065"
"1371","R.J. Gordon","24","AA","NYM","","1023.4","7","902","997","828","918","1350","798","1371"
"1372","Kolton Curtis","22","A+","TEX","","","2","","471","","","1582","",""
"1373","Chandler Murphy","25","A+","TBR","","","2","","543","","","1511","",""
"1374","Jose M. Rodriguez","22","A","NYY","","1027.0","4","","766","","766","2326","","250"
"1375","Greg Farone","24","AA","SFG","","1028.8","7","837","1719","520","647","1497","593","1389"
"1376","Conner Ware","22","A","NYM","","1028.8","6","697","","372","625","2803","740","936"
"1377","Gabe Mosser","30","AAA","SEA","","1029.0","4","","1541","324","","702","","1549"
"1378","Kyle Luckham","26","AAA","WSN","","1030.7","6","992","1595","567","","1397","645","988"
"1379","Jordan Balazovic","27","MLB","DET","","","2","","1042","","","1024","",""
"1380","Jeter Martinez","20","A","PIT","","1033.7","7","654","1273","498","703","2195","451","1462"
"1381","Lane Ramsey","29","MLB","MIA","","","1","","","","","1036","",""
"1382","Gabriel Yanez","26","AAA","MIN","","","2","","393","","","1681","",""
"1383","JB Middleton","22","A","COL","","1037.8","5","980","","802","1113","1329","965",""
"1384","Adam Leverett","27","AAA","TBR","","1038.8","5","1001","1442","383","","1561","","807"
"1385","Dariel Fregio","26","AA","DET","","1039.3","4","","968","","1003","1377","","809"
"1386","Miqueas Mercedes","19","A","MIL","","1039.4","7","170","1994","817","616","2141","367","1171"
"1387","Zack Lee","25","AAA","DET","","1039.7","5","","1248","","646","2128","834","343"
"1388","Hunter Dobbins","23","A+","DET","","","2","","","","","883","","1197"
"1389","Titan Kennedy-Hayes","24","A+","PHI","","1040.9","4","","713","","1138","1232","","1081"
"1390","K.C. Hunt","25","AAA","TBR","","1040.9","6","859","730","877","1356","653","","1771"
"1391","Austin Krob","26","AAA","SDP","","","2","","1027","","","1055","",""
"1392","Ben Bybee","22","A","SFG","","1041.3","6","601","","711","833","2642","655","806"
"1393","Dawson Brown","25","AA","ARI","","1041.9","4","","1565","","672","1035","","896"
"1394","Grant Rogers","25","AAA","TOR","","1041.9","7","994","1525","565","782","1102","636","1690"
"1395","Nelfy Ynfante","21","AA","STL","","1042.9","5","789","868","","553","2505","","500"
"1396","Jaiker Garcia","21","A","PIT","","1043.5","6","815","","773","519","2546","465","1143"
"1397","Moises Rodriguez","24","AA","DET","","1043.6","4","","127","","1105","1508","","1435"
"1398","Brandon Barriera","22","A","TOR","","1044.3","4","812","","","1194","1490","681",""
"1399","Aiden Jimenez","22","A+","KCR","","1044.5","6","787","","573","947","1955","573","1432"
"1400","Jason Reitz","21","A","MIN","","1044.8","4","685","","","735","2044","715",""
"1401","Trace Phillips","21","A","TBR","","","1","","","","","1046","",""
"1402","Sam Highfill","25","A+","PHI","","1046.4","7","775","1595","318","794","2557","564","722"
"1403","Carter Baumler","24","MLB","TEX","","","1","","","","","1047","",""
"1404","Connor Staine","25","AA","COL","","1047.1","7","658","1693","144","508","2379","931","1017"
"1405","Erick Leal","31","AAA","NYY","","","2","","1778","","","317","",""
"1406","Gerald Ogando","25","AAA","BAL","","1047.3","4","","678","","1330","651","","1530"
"1407","Luis Escudero","20","A","NYY","","","1","","","","","1048","",""
"1408","Alex Wallace","22","A","TBR","","1049.7","6","744","","435","701","2760","600","1058"
"1409","CJ Van Eyk","27","AAA","TOR","","1050.4","5","895","1442","452","","1374","","1089"
"1410","Aidan Major","23","A","CLE","","1050.7","6","890","","697","925","1869","818","1105"
"1411","Dalton Rogers","25","AA","BOS","","1051.3","7","882","897","622","1270","919","966","1803"
"1412","Javier Chacon","23","A+","SDP","","1051.6","5","438","224","","1010","2531","","1055"
"1413","Raul Brito","29","AAA","MIN","","1056.0","3","","1138","","","694","","1336"
"1414","Jean Cabrera","24","AAA","PHI","","1057.1","7","989","1302","816","1012","783","736","1762"
"1415","Kyle Ayers","23","A+","ARI","","1057.6","7","892","1871","488","453","1915","534","1251"
"1416","Leandro Rodriguez","20","CPX","SFG","","","2","","","","","1906","","211"
"1417","Griffin Kilander","23","A+","BOS","","1058.7","5","313","1084","","584","2339","","974"
"1418","Joseph Montalvo","24","AA","DET","","","2","","846","","","1273","",""
"1419","Kyle Jones","26","AA","MIN","","","1","","","","","1060","",""
"1420","Adrian Rodriguez","25","A+","TEX","","","2","","372","","","1750","",""
"1421","Logan Whitaker","26","AA","MIA","","1061.7","3","","1131","","898","1156","",""
"1422","Billy Corcoran","26","AAA","ARI","","1061.8","6","413","1908","797","910","1109","","1234"
"1423","Dylan Cumming","27","AA","CHW","","1061.9","5","959","1405","544","","1251","","1151"
"1424","Jesus Carrera","21","A","HOU","","1061.9","7","854","1436","548","772","2010","693","1121"
"1425","Carson Montgomery","23","A+","SDP","","1062.0","6","974","","195","949","1992","889","1373"
"1426","Juan Sanchez","25","AAA","SFG","","","1","","","","","1062","",""
"1427","Jack White","26","A+","SEA","","","2","","719","","","1406","",""
"1428","Brennan Stuprich","24","A","NYY","","1064.8","6","931","","514","644","2606","808","886"
"1429","Yirer Garcia","20","A","TBR","","","1","","","","","1065","",""
"1430","Abdiel Mendoza","27","AAA","SEA","","1065.2","5","1066","524","668","","1610","","1458"
"1431","Joey Oakie","20","A","CLE","","1065.5","7","675","1762","775","764","1605","473","1405"
"1432","Julien Hernandez","24","A","ARI","","","1","","","","","1067","",""
"1433","Jackson Kirkpatrick","23","AA","CHC","","1067.5","4","","841","","1360","811","","1258"
"1434","Cesar Aquino","21","AA","PIT","","1067.8","4","738","","","404","2633","","496"
"1435","Blake Brown","27","AA","WSN","","","1","","","","","1068","",""
"1436","Roque Gutierrez","23","AA","LAD","","1069.3","7","843","1478","612","890","1682","920","1060"
"1437","Robby Porco","22","A+","LAD","","1069.3","3","","","","917","1286","","1005"
"1438","Sammy Peralta","28","MLB","CHW","","1070.2","3","","852","","","948","","1411"
"1439","Ryan Weiss","29","MLB","HOU","","1071.3","4","1079","","875","","525","","1806"
"1440","Hoss Brewer","25","A+","NYM","","1071.5","4","","446","","1181","1680","","979"
"1441","Nico Tellache","28","AAA","SEA","","1073.4","5","1073","1667","361","","1108","","1158"
"1442","Ryan DeSanto","22","A","CLE","","1073.4","5","818","","386","1041","2373","","749"
"1443","Tyler Pettorini","23","A","PHI","","","1","","","","","1074","",""
"1444","Gabriel Chinchilla","19","CPX","STL","","","2","","","","","1514","","635"
"1445","Michael Mercado","27","MLB","PHI","","1074.5","3","","925","","","1367","","932"
"1446","Reese Lumpkin","24","A","SEA","","1075.3","3","","","","1058","1688","","480"
"1447","Bryant Olson","23","A","WSN","","","1","","","","","1076","",""
"1448","Evan Gates","28","AAA","PHI","","1077.3","3","","968","","","1243","","1021"
"1449","Harrison Cohen","27","AAA","NYY","","1077.5","3","","518","","","1479","","1236"
"1450","Noble Meyer","21","A+","MIA","","1077.5","3","","1225","","","1145","863",""
"1451","Hayden Robinson","20","A","MIL","","1077.6","5","217","","","660","2462","404","1645"
"1452","Trey Supak","30","AAA","TEX","","1077.6","4","","1492","542","","554","","1723"
"1453","Owen Cobb","25","AA","NYY","","","1","","","","","1078","",""
"1454","Gabriel Rodriguez","27","AA","NYM","","","2","","","","","1651","","506"
"1455","Alberto Toribio","19","CPX","KCR","","","1","","","","","1079","",""
"1456","Michael Arias","24","AAA","NYY","","1079.8","4","","707","","929","1677","","1006"
"1457","Holden Wilkerson","23","A+","TOR","","1080.0","7","746","1896","331","639","2488","417","1043"
"1458","Yohanfer Santana","20","CPX","MIA","","","2","","","","","1218","","946"
"1459","Josiah Romeo","20","A","OAK","","1084.0","6","589","","531","713","2886","615","1170"
"1460","Jesus Garcia","20","A","STL","","1084.7","3","","","","950","1971","","333"
"1461","Collin Baumgartner","27","AAA","COL","","","2","","1099","","","1071","",""
"1462","Joey Broughton","20","A","MIL","","1085.7","6","454","","805","1205","2198","806","1046"
"1463","Zach Messinger","26","AAA","NYY","","1086.6","4","826","891","","","1167","","1463"
"1464","Mike McKenna","25","A","MIN","","1086.7","3","","","","1062","2004","","194"
"1465","Chase Watkins","26","AAA","CHW","","","2","","707","","","1473","",""
"1466","Jack Weisenburger","28","AAA","NYM","","1091.0","4","952","","771","","853","","1788"
"1467","Luke Hayden","23","A+","CIN","","1091.8","6","481","1765","","675","1894","785","951"
"1468","Ubert Mejias","25","A+","SFG","","1092.4","5","706","753","","618","3049","","336"
"1469","Bryce Shaffer","24","A","TBR","","1093.0","4","","654","","1284","1960","","474"
"1470","Frank Elissalt","24","A+","STL","","","2","","518","","","1669","",""
"1471","Bryce Montes de Oca","30","MLB","WSN","","","1","","","","","1094","",""
"1472","Sean Hermann","23","A+","SEA","","1094.0","7","673","1208","456","733","2571","772","1245"
"1473","Isaiah Campbell","28","MLB","BOS","","1094.8","3","","1225","","","613","","1447"
"1474","Shohei Tomioka","30","AAA","ATH","","1094.8","3","","1240","","","1195","","850"
"1475","Jaxon Dalena","24","A","SDP","","","1","","","","","1095","",""
"1476","Peyton Stumbo","24","AA","PIT","","1095.9","7","730","1605","351","539","2406","694","1347"
"1477","Carlos Rodriguez","24","MLB","MIL","","1097.0","7","908","1334","898","1021","782","847","1889"
"1478","Zack Morris","25","A","COL","","","1","","","","","1097","",""
"1479","Dale Stanavich","27","AAA","SFG","","","2","","689","","","1507","",""
"1480","Thomas Conrad","20","A","MIL","","1101.5","4","336","","","800","2158","","1112"
"1481","Anthony Veneziano","28","MLB","STL","","","2","","1370","","","835","",""
"1482","Connor Pavolony","26","AAA","BAL","","","1","","","","","1103","",""
"1483","Kade Strowd","28","MLB","ARI","","1103.0","3","","914","","","587","","1808"
"1484","A.J. Block","28","AA","LAA","","","2","","876","","","1331","",""
"1485","Ryan Anderson","27","AAA","NYY","","","2","","464","","","1744","",""
"1486","Grant Knipp","24","A","SEA","","","1","","","","","1104","",""
"1487","Jared Simpson","26","AA","WSN","","1104.1","4","","852","","1125","1930","","510"
"1488","Austin Marozas","27","AA","TOR","","1105.3","4","972","","789","","2147","","513"
"1489","Jason Blanchard","29","AAA","SDP","","","2","","955","","","1256","",""
"1490","Miguel Mejias","21","A","NYM","","1106.3","3","","","","817","1719","","783"
"1491","Adam Maier","24","AAA","SEA","","1106.6","7","397","1797","570","587","2844","683","868"
"1492","Hiro Wyatt","21","A","KCR","","1107.0","7","400","1834","862","927","1496","744","1486"
"1493","Ronan Kopp","23","AAA","LAD","","1107.9","4","","531","","1450","527","","1924"
"1494","Aleiman Cruz","20","CPX","DET","","","2","","","","","2092","","124"
"1495","Austin Kitchen","29","MLB","SEA","","","2","","785","","","1434","",""
"1496","Eston Stull","27","AA","MIN","","1110.0","4","","1289","584","","1541","","1026"
"1497","Spencer Bengard","24","AA","MIN","","1110.3","4","","778","","965","1201","","1497"
"1498","Dash Albus","23","A+","KCR","","1110.8","4","","601","","663","2445","","734"
"1499","Jack Hostetler","22","A","MIL","","","1","","","","","1111","",""
"1500","Gabriel Silva","22","A","KCR","","","1","","","","","1113","",""
"1501","Luis Peralta","25","MLB","COL","","1113.1","4","","543","","1245","1289","","1376"
"1502","Cody Laweryson","28","MLB","MIN","","","2","","1099","","","1128","",""
"1503","Rayner Castillo","22","A+","DET","","1113.9","7","917","1334","624","721","2007","619","1575"
"1504","Dominic Pipkin","26","AA","PIT","","","1","","","","","1115","",""
"1505","Edgar Moreta","22","A","NYM","","","2","","1021","","","1210","",""
"1506","Hueston Morrill","26","AA","NYY","","","2","","249","","","1985","",""
"1507","Trevor Kuncl","27","AAA","CIN","","1117.2","3","","661","","","1032","","1659"
"1508","Blair Calvo","30","MLB","DET","","","1","","","","","1118","",""
"1509","Shane Van Dam","22","A","KCR","","1119.3","6","652","","665","666","2996","514","1223"
"1510","Starlin Savinon","21","CPX","TBR","","","2","","","","","1908","","331"
"1511","Cristofer Melendez","28","AAA","PIT","","","1","","","","","1120","",""
"1512","Dalvinson Reyes","19","A","BOS","","1120.0","4","366","","","799","2861","454",""
"1513","Cory Lewis","25","AAA","MIN","","1120.1","7","460","1834","511","873","2637","648","878"
"1514","Sam Armstrong","25","AA","MIN","","1120.1","7","810","1218","285","1096","1872","966","1594"
"1515","J'Briell Easley","24","A+","TEX","","1120.5","6","717","1153","304","1177","2139","","1233"
"1516","Jordi Infante","21","CPX","TBR","","","1","","","","","1125","",""
"1517","Ryan Jensen","28","AAA","MIN","","","2","","1383","","","868","",""
"1518","Grayson Moore","24","A+","CHC","","1126.1","4","","666","","1173","2133","","533"
"1519","Mason Morris","22","A","CIN","","1126.7","6","761","","523","905","2461","727","1383"
"1520","Maddox Long","25","CPX","DET","","","1","","","","","1127","",""
"1521","Keagan Gillies","28","AAA","BAL","","","2","","543","","","1712","",""
"1522","Tyler Renz","19","A","MIL","","1127.5","7","343","1843","174","750","2786","584","1413"
"1523","Luis Carias","21","A","LAD","","1127.9","7","544","1330","458","1061","2564","685","1254"
"1524","Tanner Jones","23","A+","KCR","","1128.7","7","726","1983","569","702","2213","574","1134"
"1525","Mason Nichols","23","A+","TBR","","1129.5","4","","","","706","2152","942","718"
"1526","Carlos Rodriguez","20","A","DET","","1130.0","3","","","845","","1563","","982"
"1527","Evan Truitt","23","A+","SEA","","1130.1","7","504","1892","426","541","2820","767","961"
"1528","Colin Barber","25","AAA","HOU","","","1","","","","","1131","",""
"1529","Matthew Becker","23","A","MIN","","","2","","","","","1559","703",""
"1530","Luke Johnson","24","A","WSN","","1132.1","7","753","1860","685","715","2582","507","823"
"1531","Victor Garcia","22","A","LAA","","","2","","91","","","2174","",""
"1532","Junior William","26","A+","TBR","","1132.4","4","","860","","1166","1952","","552"
"1533","Victor Juarez","23","AAA","COL","","1132.9","4","","1071","","953","1049","","1459"
"1534","Inohan Paniagua","26","A+","DET","","","2","","968","","","1300","",""
"1535","Erik Tolman","27","AAA","WSN","","","2","","891","","","1378","",""
"1536","Xavier Cardenas III","23","A+","MIA","","","1","","","","","1135","",""
"1537","Diego Guzman","22","A+","KCR","","","1","","","","","1136","",""
"1538","Leonardo Pestana","27","AAA","NYY","","","2","","772","","","1501","",""
"1539","Devin Kirby","26","A+","OAK","","1137.0","5","849","1706","","1148","1800","","182"
"1540","Mike Brosseau","32","MLB","SDP","","","1","","","","","1138","",""
"1541","Brian Walters","23","A","PHI","","1139.2","5","941","","735","1040","1886","","1094"
"1542","Cole Peschl","23","A+","MIN","","1139.4","4","","646","","932","2062","","918"
"1543","Rayven Antonio","20","A","ATL","","","2","","1009","","","1272","",""
"1544","Jayson Bass","20","A","MIN","","","1","","","","","1141","",""
"1545","Geury Rodriguez","21","A","TEX","","1141.3","3","","","","827","1893","","704"
"1546","Jose Bello","21","A","BOS","","1141.9","7","573","1896","471","915","2056","618","1464"
"1547","Spencer Bramwell","27","AAA","MIA","","","1","","","","","1142","",""
"1548","Troy Watson","29","AAA","DET","","1142.3","5","1032","1175","545","","1775","","1185"
"1549","Jorel Ortega","25","AA","MIN","","","1","","","","","1143","",""
"1550","Trey McGough","28","AAA","CHW","","","2","","730","","","1558","",""
"1551","Bryce Meccage","20","A+","MIL","","1143.8","5","814","1515","","1328","1370","692",""
"1552","Andrew Morones","25","AA","KCR","","1146.3","3","","1161","","1075","1203","",""
"1553","Will Johnston","25","AAA","ATH","","","2","","747","","","1549","",""
"1554","Jake Walkinshaw","29","AAA","MIA","","","2","","1273","","","1026","",""
"1555","Koen Moreno","24","AA","CHC","","1149.7","7","748","1667","453","738","2180","914","1348"
"1556","Jormy Nivar","23","A","TEX","","1150.1","7","922","1255","328","913","3155","558","920"
"1557","Luis Curvelo","25","MLB","TEX","","1150.7","3","","497","","1423","1532","",""
"1558","Nolan Sparks","23","A+","STL","","1151.0","6","711","1302","549","1134","2132","","1078"
"1559","Will Hynes","18","CPX","CLE","","","2","","","","","1779","","523"
"1560","Chris Williams","29","AAA","NYM","","","1","","","","","1152","",""
"1561","Jacob Heatherly","28","AA","CHW","","","2","","1050","","","1254","",""
"1562","Jordan Henriquez","22","A","CHC","","1152.0","4","904","","","598","2310","","796"
"1563","Adam Laskey","28","AAA","COL","","","2","","1505","","","800","",""
"1564","Ty Harvey","19","A","SDP","","","2","","","","1631","674","",""
"1565","Amos Willingham","27","MLB","FA","","","2","","933","","","1373","",""
"1566","Raymond Burgos","27","MLB","SFG","","1153.0","5","834","1806","843","","582","","1700"
"1567","Ryan Long","26","AAA","BAL","","1154.2","3","","1071","","","2006","","386"
"1568","Hunter Owen","24","AA","KCR","","1154.2","7","912","1405","838","985","1592","845","1503"
"1569","Andrew Bash","29","AAA","ATH","","1154.5","5","677","1357","829","","1179","","1731"
"1570","Zach Humphreys","28","AAA","LAA","","","1","","","","","1155","",""
"1571","Hagen Danner","27","MLB","SEA","","1155.8","3","","997","","","815","","1656"
"1572","Reynardo Cruz","24","A+","CIN","","1156.1","7","739","1378","257","948","2425","835","1511"
"1573","Pablo Aldonis","24","A+","WSN","","1156.8","4","","342","","1197","1844","","1244"
"1574","Jakob Hernandez","30","AAA","BAL","","","1","","","","","1157","",""
"1575","Jecsua Liborius","21","A","LAD","","1158.0","3","","","","744","2268","","462"
"1576","Juan Mercedes","26","AAA","SFG","","","2","","1113","","","1205","",""
"1577","Chris Clarke","28","AAA","CHC","","","2","","1618","","","701","",""
"1578","Florangel Vasquez","20","CPX","SDP","","","2","","","","","2063","","256"
"1579","Yorman Galindez","23","AA","MIL","","1160.2","7","767","1757","858","1002","1352","788","1598"
"1580","Brady Afthim","23","A+","CIN","","1160.3","4","","","","942","2335","891","473"
"1581","Nate Peterson","26","AAA","CIN","","1160.8","6","562","1752","491","","2166","754","1240"
"1582","Ethan Small","29","MLB","SFG","","","1","","","","","1161","",""
"1583","Austin Brown","21","CPX","NYM","","","1","","","","","1162","",""
"1584","Aaron Wilkerson","37","AAA","STL","","","2","","1541","","","785","",""
"1585","Dylan DeLucia","25","AA","CLE","","1163.1","7","792","1812","700","812","1811","869","1346"
"1586","Cole Reynolds","24","AAA","CHC","","1165.0","7","765","1649","474","1092","1959","594","1622"
"1587","Gavin Bruni","23","A+","WSN","","1166.5","7","784","1662","680","924","2167","470","1479"
"1588","Mervin Fell","23","A","ARI","","1166.7","7","757","968","587","1004","2758","725","1368"
"1589","Tommy McCollum","27","AAA","TBR","","1167.0","3","","778","","","1587","","1136"
"1590","Jack Sinclair","27","AAA","WSN","","1167.3","3","","1021","","","1225","","1256"
"1591","Connor Noland","26","AAA","CHC","","1167.6","6","889","1436","717","","1191","966","1807"
"1592","Brody Moore","25","AAA","STL","","","1","","","","","1168","",""
"1593","Skylar Hales","24","AAA","STL","","1168.3","4","","968","","1031","1084","","1590"
"1594","Carlos Torres","25","AA","COL","","1169.3","4","","1790","","614","1988","","285"
"1595","Austin Bergner","29","AAA","TEX","","1170.4","4","1029","1255","833","","1565","",""
"1596","Hunter Mann","24","A+","COL","","1170.5","4","","1099","","962","1890","","731"
"1597","Ryan Brown","23","A+","LAD","","","2","","","","","739","","1602"
"1598","Connor Fenlong","26","A+","DET","","1170.7","3","","1825","","","1351","336",""
"1599","Brandon Waddell","32","MLB","NYM","","","2","","1667","","","675","",""
"1600","Josh Hansell","24","A+","KCR","","1171.0","6","707","1312","434","1267","1826","","1480"
"1601","Wilmer Flores","25","AAA","DET","","","1","","","","","1171","",""
"1602","Marcus Brown","24","AA","HOU","","","2","","","","1596","748","",""
"1603","Sam McWilliams","30","AAA","CHC","","","2","","1034","","","1310","",""
"1604","Cade Feeney","24","AAA","BOS","","1173.8","6","618","1797","","888","1140","897","1703"
"1605","Jacob Bimbi","24","A+","PIT","","1174.3","3","","","","1204","1683","","636"
"1606","Tyler Ras","26","AA","CHC","","","2","","","","","1618","","732"
"1607","Hayden Juenger","25","MLB","ATH","","1175.3","3","","","","1109","1381","","1036"
"1608","Taylor Floyd","28","AA","MIN","","1175.5","4","946","810","","","1657","","1289"
"1609","Beau Blanchard","24","A+","CIN","","1177.4","7","832","1681","532","961","2635","732","869"
"1610","Ryan Murphy","26","AAA","STL","","1177.7","3","","1549","","","743","","1241"
"1611","Joey Gerber","29","MLB","TBR","","1178.8","3","","1580","767","","1190","",""
"1612","Luke Hoskins","23","A","DET","","1179.0","3","","","","1016","1870","","651"
"1613","Henson Leal","22","A","KCR","","1180.0","4","","681","","749","2431","","859"
"1614","Marc Church","25","MLB","TEX","","","2","","1050","","","1312","",""
"1615","Nick Jones","27","AAA","LAA","","1181.0","3","","1161","","","1166","","1216"
"1616","Nick Garcia","27","AAA","COL","","1181.8","4","","1825","801","","1260","","841"
"1617","Ethan Cole","22","A","COL","","1181.8","6","791","","419","820","2937","887","1237"
"1618","Matt Lanzendorfer","24","A+","LAD","","1182.3","3","","","","1127","1057","","1363"
"1619","Daniel Avitia","23","A","CHC","","1182.8","6","963","","729","1032","2669","596","1108"
"1620","Yeferson Vargas","21","A+","LAA","","1182.9","7","1003","1772","539","682","2022","631","1631"
"1621","Jose Rojas","33","AAA","NYY","","","1","","","","","1184","",""
"1622","McKinley Moore","27","MLB","NYY","","","1","","","","","1185","",""
"1623","Roberto Perez","22","A","SEA","","","2","","","","","2234","","137"
"1624","Gerson Moreno","30","AAA","ATH","","","2","","914","","","1460","",""
"1625","Teofilo Mendez","24","A+","ARI","","1188.0","5","877","1131","","823","2344","","765"
"1626","Alton Davis II","22","A","LAA","","1189.7","6","766","","746","966","2754","638","1268"
"1627","Sam Garcia","24","AA","MIL","","1189.7","3","","1362","","783","1424","",""
"1628","Henry Williams","24","AAA","KCR","","1190.5","7","763","1589","589","858","2020","809","1706"
"1629","Ryan Hawks","25","AA","SEA","","1190.6","7","1024","1626","464","826","2214","761","1420"
"1630","James Gonzalez","25","AAA","ATH","","1191.4","4","","1225","","1210","680","","1651"
"1631","Nick Brink","24","A+","MIA","","1192.8","3","","1342","","","1652","585",""
"1632","Max Roberts","28","AAA","CHW","","","2","","986","","","1401","",""
"1633","Brandon Cassedy","22","A","HOU","","","2","","","","740","1647","",""
"1634","Chase Bentley","19","CPX","MIL","","","2","","","","","1987","","401"
"1635","Max Green","30","AA","NYM","","1194.7","3","","","653","","2025","","906"
"1636","Juan Reynoso","22","A+","MIA","","1196.6","4","","585","","934","2287","","981"
"1637","Christian Foutch","22","A","BOS","","1197.3","6","611","","752","1242","2267","682","1630"
"1638","Calvin Bickerstaff","24","AA","BOS","","1198.1","6","811","1232","","804","2672","857","813"
"1639","Steven Jennings","27","AAA","TEX","","","2","","624","","","1773","",""
"1640","Levi Jordan","30","AAA","CIN","","","1","","","","","1199","",""
"1641","Jeremy Reyes","20","A+","ATL","","1199.6","7","921","1505","218","848","2565","453","1887"
"1642","Cash Kuiper","21","A","DET","","1199.8","6","918","","763","725","3080","565","1148"
"1643","Blane Abeyta","27","AA","ATL","","1200.5","3","","661","","","1957","","984"
"1644","Cy Nielson","25","AA","PIT","","1201.0","4","","1536","","983","925","","1360"
"1645","Brendan Girton","24","AA","NYM","","1201.2","7","939","1255","602","1065","1857","893","1798"
"1646","Sam Benschoter","28","AAA","CIN","","1201.8","4","848","1681","","","962","","1316"
"1647","Andrew Hoffmann","26","MLB","ARI","","1201.8","3","","1330","","1598","678","",""
"1648","Ryder Ryan","31","MLB","PIT","","1201.9","4","","1145","634","","1356","","1673"
"1649","Anthony Simonelli","27","AAA","KCR","","","2","","569","","","1835","",""
"1650","Holden Powell","26","AAA","WSN","","1202.3","4","","1536","705","","1843","","725"
"1651","Andrew Dutkanych IV","22","A","STL","","","2","","","","","1774","632",""
"1652","Brayden Risedorph","22","A+","CHC","","","1","","","","","1204","",""
"1653","Melvin Pineda","22","A","SFG","","","2","","","","","1855","","553"
"1654","Jacob Johnson","20","CPX","TEX","","","1","","","","","1206","",""
"1655","Dan Hammer","28","AAA","NYM","","1207.2","3","","1642","","","1656","","324"
"1656","Ty Madden","26","MLB","DET","","1208.7","5","1022","1757","678","","797","","1790"
"1657","Grant Richardson","26","AAA","NYY","","","1","","","","","1209","",""
"1658","Anthony Kay","31","MLB","FA","","1209.5","3","","1956","699","","974","",""
"1659","Dom Hamel","27","MLB","TEX","","1209.8","5","1044","1442","512","","1298","","1753"
"1660","Jose Zerpa","21","A+","SEA","","1212.9","4","519","937","","658","2738","",""
"1661","Parker Chavers","27","AAA","CHC","","","1","","","","","1213","",""
"1662","Yacksel Rios","33","MLB","NYM","","","2","","1240","","","1187","",""
"1663","Yonleg Gaetano","20","A","PIT","","1213.3","6","879","","687","921","2653","714","1426"
"1664","Cesar Rojas","24","A","WSN","","","2","","","","768","1660","",""
"1665","Zack Mack","23","A","NYM","","1215.3","3","","","","870","2173","","603"
"1666","Leuris Portorreal","20","A","WSN","","1215.5","6","596","","760","756","3330","500","1351"
"1667","Wilmer Blanco","22","A+","PHI","","1215.6","5","","","725","1055","3101","859","338"
"1668","Drew McDaniel","25","A+","CHW","","1216.4","7","899","1903","437","974","2336","839","1127"
"1669","Eiker Huizi","25","A+","WSN","","1217.0","4","","719","","1164","2098","","887"
"1670","Jadon Bercovich","24","A+","TBR","","","1","","","","","1217","",""
"1671","Luke Lashutka","24","A+","MIA","","1217.0","4","","719","","1372","2127","650",""
"1672","Will Cannon","22","AA","CIN","","1217.3","4","","719","","1111","1614","","1425"
"1673","Daniel Corniel","21","A+","MIL","","1218.0","3","","1273","","","1697","684",""
"1674","Antonio Menendez","27","AAA","ARI","","1218.7","3","","766","","","1153","","1737"
"1675","Yenrri Rojas","22","AA","CHC","","1218.8","7","660","1499","818","819","2504","608","1624"
"1676","Railin Perez","24","AA","HOU","","1219.1","4","","997","","1246","1599","","1035"
"1677","Juan Burgos","26","MLB","ARI","","1219.2","3","","1307","","","634","","1717"
"1678","Jean Pinto","25","AA","HOU","","","2","","1071","","","1369","",""
"1679","Keythel Key","22","AA","LAA","","1220.4","5","","1289","636","1158","1749","","1270"
"1680","Dominic Perachi","25","AA","PIT","","1221.1","7","778","1730","733","1023","2042","782","1460"
"1681","Riely Hunsaker","23","A","CHC","","1224.2","6","969","","788","866","2901","603","1218"
"1682","Nate Ackenhausen","24","AAA","KCR","","","2","","925","","","1524","",""
"1683","Trystan Vrieling","25","AA","SFG","","1224.6","7","909","1719","670","928","1806","938","1603"
"1684","Dilan Figueredo","23","A+","LAD","","1225.1","4","","1461","","736","2175","","529"
"1685","Jason Doktorczyk","23","A+","MIN","","1225.6","7","945","1730","425","1024","2544","482","1429"
"1686","Erick Brito","24","AAA","PHI","","","1","","","","","1227","",""
"1687","Cole Schoenwetter","21","A+","CIN","","1227.8","6","364","1712","891","836","2967","597",""
"1688","Hunter Hoopes","26","AA","MIN","","","2","","321","","","2136","",""
"1689","Jose Geraldo","26","A+","SEA","","1228.8","3","","860","","","2119","","708"
"1690","Jason Ruffcorn","27","AAA","SEA","","1229.0","3","","629","","","1848","","1210"
"1691","Gregori Louis","23","A+","NYM","","1229.1","4","","685","","1101","2183","","948"
"1692","Brady Hill","25","A+","WSN","","1229.4","4","","637","","1119","2730","","432"
"1693","Jack Nedrow","23","A+","TOR","","1229.7","6","782","","649","878","3107","634","1328"
"1694","Ryan Degges","23","A+","PHI","","1229.7","7","603","1820","761","960","3017","755","692"
"1695","Tyler McDonough","27","AA","BOS","","","1","","","","","1230","",""
"1696","Carlos Marcano","22","A+","DET","","1230.5","7","949","1225","558","1141","2248","937","1556"
"1697","Adam Bloebaum","25","A+","WSN","","","1","","","","","1231","",""
"1698","Caleb Boushley","32","MLB","TBR","","","2","","1719","","","745","",""
"1699","Jonathan Todd","24","A+","TOR","","1232.6","4","","400","","1176","2361","","994"
"1700","Orlando Ortiz-Mayr","28","AA","MIA","","1232.7","5","916","1454","555","","2050","","1189"
"1701","Tyler Santana","28","AAA","CHC","","1233.0","4","934","1027","","","2086","","885"
"1702","Nick Hernandez","31","MLB","FA","","1234.0","3","","366","","","1589","","1747"
"1703","Ethan Bell","24","A+","CHC","","1234.2","3","","637","","1201","1865","",""
"1704","Ryan Webb","27","AAA","CLE","","1234.6","5","1059","1478","830","","927","","1879"
"1705","Rodney Boone","26","AA","CLE","","","2","","1202","","","1268","",""
"1706","Blake Beers","27","AAA","ATH","","","2","","1515","","","955","",""
"1707","Tucker Novotny","23","A+","ATH","","1235.1","4","","494","","1293","1673","","1481"
"1708","Dylan File","30","AAA","DET","","1235.4","4","","1525","603","","1326","","1488"
"1709","Ben Johnson","24","AA","CHC","","1236.0","4","894","","","952","1591","","1507"
"1710","Jack Seppings","23","AA","MIL","","1236.7","6","670","1912","","705","2399","610","1124"
"1711","Daniel Duarte","29","MLB","MIN","","","2","","","","","926","","1548"
"1712","Evan Shaw","25","AA","LAD","","1237.3","4","","897","","1240","1415","","1397"
"1713","Kyle Hayes","28","AA","WSN","","","1","","","","","1238","",""
"1714","Vicarte Domingo","23","A+","SDP","","1238.1","4","","276","","1172","2292","","1213"
"1715","Tanner Kiest","31","AA","LAD","","","2","","925","","","1552","",""
"1716","Danyony Pulido","23","A+","PHI","","1238.7","3","","309","","1370","2037","",""
"1717","Juan Baez","21","A+","MIL","","","2","","","","1622","857","",""
"1718","Christian Oppor","21","AA","CHW","","1239.8","7","1011","738","859","1525","1967","662","1917"
"1719","Adam Retzbach","25","AA","BAL","","","1","","","","","1240","",""
"1720","Andre Granillo","26","MLB","DET","","1240.0","4","","406","","1317","1630","","1607"
"1721","Enniel Cortez","20","A","MIL","","1240.2","7","511","2105","888","731","2232","707","1508"
"1722","Sandy Gaston","24","AAA","WSN","","1241.0","4","","1121","","885","1658","","1300"
"1723","Matthew Watson","24","A+","SDP","","1241.7","6","1035","","730","1067","2164","872","1582"
"1724","Christian MacLeod","26","AAA","MIA","","1242.8","3","","1656","","1184","889","",""
"1725","Lisnerkin Lantigua","21","A","CIN","","1242.8","6","575","","765","954","3217","639","1307"
"1726","Zuher Yousuf","20","A","PHI","","1244.0","7","692","1782","834","609","2741","557","1493"
"1727","Brian Edgington","27","A+","CIN","","","2","","1150","","","1340","",""
"1728","Ryan Verdugo","23","A","HOU","","1245.0","6","937","","597","999","2977","699","1261"
"1729","Luis Palacios","25","AAA","MIA","","1245.1","6","819","1843","","920","1927","712","1250"
"1730","Francisco Frias","21","A+","HOU","","1245.9","5","","852","","1117","2394","511","1356"
"1731","Jared Johnson","25","AA","ATH","","1246.6","4","","852","","1279","1515","","1341"
"1732","Anthony Flores","21","AA","MIL","","1247.4","5","","1208","880","1063","1330","","1756"
"1733","Ryan Cabarcas","25","A+","BAL","","","2","","","","1053","1442","",""
"1734","Landon Sims","25","AAA","ARI","","1247.6","4","","906","","1277","1722","","1086"
"1735","Eiver Espinoza","22","A","MIA","","","1","","","","","1248","",""
"1736","Austin Vernon","27","AAA","TBR","","","2","","400","","","2099","",""
"1737","Corey Braun","23","A","ATH","","1249.5","6","749","","861","1020","2620","838","1409"
"1738","Edwardo Melendez","22","A","CHC","","1250.3","6","840","1656","445","771","3214","","576"
"1739","Esteban Mejia","19","A","BAL","","1250.6","7","891","2092","787","1300","1451","391","1842"
"1740","Christian McGowan","26","AAA","PHI","","1251.5","4","","1896","","1099","944","","1067"
"1741","Jose Espada","29","MLB","SDP","","1251.7","3","","707","","","1480","","1568"
"1742","Jesus Broca","22","AA","MIL","","1252.1","4","","1175","","838","1609","","1387"
"1743","Austin Newton","22","A","COL","","1253.3","6","955","","374","869","2965","881","1476"
"1744","Quinton Low","23","A+","MIL","","1254.3","3","","","","1338","1040","","1385"
"1745","Joel Garcia","21","A","MIN","","","2","","","","","1768","742",""
"1746","Noah Hall","25","A+","NYM","","1255.1","7","997","1394","594","1088","2286","926","1501"
"1747","Antonio Santos","29","MLB","CHC","","","2","","1169","","","1342","",""
"1748","Seth Lonsway","27","AAA","SFG","","1256.0","5","1058","1595","693","","999","","1935"
"1749","David Bracho","21","A","CHC","","1256.2","7","872","1884","352","767","2836","559","1524"
"1750","Steven Perez","25","AAA","CLE","","1256.6","4","","646","","1290","1266","","1825"
"1751","Jesus Mendez","21","A","CHW","","1257.7","3","","537","","460","2776","",""
"1752","Connor Scott","26","AA","KCR","","","1","","","","","1258","",""
"1753","Austin Pope","27","MLB","ATL","","","2","","1185","","","1332","",""
"1754","Jack Lopez","33","AAA","LAA","","","1","","","","","1259","",""
"1755","Bryan Mena","22","A+","PIT","","1259.2","7","674","1967","630","754","2558","651","1581"
"1756","Juanmi Vasquez","22","A+","DET","","1259.5","4","","1058","","808","2153","","1019"
"1757","Derrick Edington","26","AA","TBR","","1260.0","3","","1383","","","1346","","1051"
"1758","Kade Brown","22","A","OAK","","1260.0","3","","","","1081","1945","","754"
"1759","Shea Sprague","23","AA","BOS","","1260.0","7","1013","1531","881","976","1675","939","1805"
"1760","Nick McAuliffe","25","A+","MIN","","","2","","","","1575","946","",""
"1761","Samir Chires","22","A","SFG","","","2","","","","","2412","","111"
"1762","Alfred Morillo","24","AAA","ARI","","1261.8","4","","955","","1196","1318","","1578"
"1763","Carson Ragsdale","28","MLB","BAL","","","2","","1468","","","1056","",""
"1764","Joseph Menefee","26","AA","CIN","","","2","","946","","","1579","",""
"1765","Sean Reynolds","28","MLB","SDP","","","2","","1004","","","1522","",""
"1766","Francis Texido","21","AAA","LAA","","1263.1","7","755","1878","410","394","3396","609","1400"
"1767","Anthony Gose","35","MLB","NYM","","1263.2","3","","1192","","","1426","","1172"
"1768","Yuhi Sako","26","A","NYM","","","1","","","","","1264","",""
"1769","Jack Hartman","27","AA","TBR","","","2","","1214","","","1315","",""
"1770","Luarbert Arias","25","MLB","MIA","","","2","","435","","","2095","",""
"1771","Jordan Valenzuela","21","A","SDP","","","2","","","","","2498","","33"
"1772","Ernesto Mercedes","22","A","NYM","","1266.2","3","","836","","887","2076","",""
"1773","Ryan Cusick","26","AAA","PHI","","1266.2","6","927","1505","495","","2067","773","1830"
"1774","Ricardo Estrada","24","A","SFG","","1266.5","7","817","1330","550","1089","3011","923","1146"
"1775","Abel Mercedes","24","A+","ATH","","1266.8","3","","299","","1505","1997","",""
"1776","Jacob Pruitt","22","A","PHI","","1267.0","3","","","","926","2065","","810"
"1777","Trent Baker","27","AAA","MIN","","1268.3","3","","1121","","","1202","","1482"
"1778","Matt Duffy","24","A+","BOS","","","2","","","","","1871","666",""
"1779","Sebastian Rivero","27","AAA","LAA","","","1","","","","","1269","",""
"1780","Aric McAtee","26","AA","CHW","","1269.3","4","","580","","1121","1818","","1558"
"1781","Jacob Hartlaub","23","A","TBR","","1269.3","3","","","","843","2315","","650"
"1782","Jose Guevara","21","A+","NYM","","1269.3","3","","","","","2197","526","1085"
"1783","Ty Bothwell","26","CPX","WSN","","","2","","","","","2094","","445"
"1784","Sean Poppen","32","MLB","SEA","","","1","","","","","1271","",""
"1785","Aneury Lora","22","A","SEA","","1271.8","4","","804","","1001","2484","","798"
"1786","Andrew Landry","24","AA","NYY","","1272.9","5","","1240","","970","2193","851","1111"
"1787","Yondrei Rojas","23","AA","TOR","","1273.4","4","","531","","1224","1637","","1702"
"1788","Edgar Barclay","28","AAA","NYY","","","2","","1595","","","953","",""
"1789","Luis Reyes","20","A","CHW","","","2","","1064","","","1485","",""
"1790","Kevin Abel","27","AAA","CIN","","1274.8","5","887","1312","427","","2107","","1641"
"1791","Jose Olivares","23","AA","MIN","","1275.1","7","720","1454","820","1352","1731","917","1932"
"1792","Taylor Dollard","27","AAA","SEA","","1275.1","5","860","1843","727","","1986","","960"
"1793","Danny Macchiarola","21","A","SEA","","1275.3","6","869","","893","1059","2367","786","1678"
"1794","Zac Leigh","28","AAA","CHC","","1275.7","3","","979","","","1323","","1525"
"1795","Luke Ritter","29","AAA","PHI","","","1","","","","","1276","",""
"1796","Alika Williams","27","AAA","PIT","","","1","","","","","1277","",""
"1797","Jakson Reetz","30","AAA","NYM","","","1","","","","","1278","",""
"1798","Ryan Boyer","29","AAA","TOR","","","2","","637","","","1920","",""
"1799","Conor Larkin","27","AAA","TOR","","1278.5","3","","703","","","1916","","1217"
"1800","Alistair Tanner","19","A","DET","","1278.8","6","508","","876","936","3125","588","1640"
"1801","Alex Barr","19","A","OAK","","1279.0","6","525","","813","1115","2745","768","1708"
"1802","Andrew Taylor","24","A+","HOU","","1279.2","3","","1871","","","1334","633",""
"1803","Luis Avila","23","A+","PHI","","1279.5","3","","330","","955","2554","",""
"1804","Jogly Garcia","22","A+","CLE","","1279.6","7","754","1855","661","1307","1770","913","1698"
"1805","Camden Janik","23","A+","PIT","","","1","","","","","1280","",""
"1806","Caleb Leys","22","A","DET","","1280.5","6","906","","595","938","2970","745","1529"
"1807","Riley Cooper","24","AAA","BAL","","1281.2","5","","1153","","667","2466","933","1187"
"1808","Jake Dykhoff","27","CPX","BAL","","","2","","","","","2294","","271"
"1809","Miguelangel Boadas","23","A+","MIN","","","2","","","","","1717","848",""
"1810","Nick Dunn","29","AAA","SEA","","","1","","","","","1283","",""
"1811","Paul Campbell","30","MLB","CHC","","1283.3","4","","2076","747","","723","","1587"
"1812","Carlos Castillo","20","A+","PIT","","1286.4","7","518","1515","902","1037","2438","828","1767"
"1813","Javy Guerra","30","MLB","TBR","","","2","","","","","758","","1815"
"1814","Frankie Scalzo Jr.","26","AAA","CHC","","1286.8","5","","1099","712","1202","2284","","1137"
"1815","Alexander Meckley","22","A+","WSN","","1287.3","7","808","1515","313","971","2789","739","1876"
"1816","Gabriel Rodriguez","22","A","CHW","","1287.7","7","502","1790","279","877","3644","877","1045"
"1817","Walter Ford","21","A+","SEA","","1288.3","7","780","1998","682","474","3052","689","1343"
"1818","Jimmy Endersby","28","AAA","ARI","","","2","","1572","","","1006","",""
"1819","Kevin Villavicencio","22","A","NYM","","","1","","","","","1290","",""
"1820","Brandon Leibrandt","33","MLB","NYY","","1290.1","4","","1884","430","","1404","","1443"
"1821","Isaac Stebens","24","A+","BOS","","","2","","387","","","2194","",""
"1822","Andrew Bechtold","30","AAA","PHI","","","2","","997","","","1586","",""
"1823","Victor Simeon","25","A+","TEX","","","2","","110","","","2475","",""
"1824","Jaylen Paden","24","A","ATL","","","2","","","","1043","1542","",""
"1825","Yokelvin Reyes","22","A","LAA","","1292.7","5","537","1042","","1027","2751","","1107"
"1826","Cam Day","23","AA","LAD","","1293.4","4","","334","","1340","1892","","1608"
"1827","Travis Smith","23","AA","MIL","","1293.7","7","978","1302","655","1076","2382","832","1831"
"1828","Tristin English","29","AAA","ATL","","","1","","","","","1294","",""
"1829","Matt Gabbert","24","A+","MIN","","","2","","593","","","2000","",""
"1830","Trent Hodgdon","22","A+","CIN","","1296.5","4","","946","","1258","1887","","1095"
"1831","Jaden Hamm","23","AA","DET","","","2","","1541","","","1054","",""
"1832","Cody Morse","23","A+","LAD","","","2","","725","","","1873","",""
"1833","Reid Clague","19","CPX","CIN","","","1","","","","","1299","",""
"1834","Trace Willhoite","25","A+","NYM","","","1","","","","","1301","",""
"1835","Drew Gray","23","A+","CHC","","","2","","860","","","1743","",""
"1836","Darius Hill","28","AAA","CHC","","","1","","","","","1302","",""
"1837","Andrew Schultz","28","AAA","STL","","","2","","1370","","","1235","",""
"1838","Brian Zeldin","25","A+","MIN","","1305.7","3","","","","1185","1820","","912"
"1839","Jefferson Moran","22","CPX","STL","","","1","","","","","1306","",""
"1840","Matt Merrill","28","AA","DET","","","2","","281","","","2334","",""
"1841","Cole Roland","27","AAA","TEX","","","1","","","","","1308","",""
"1842","Nolan McCarthy","24","A","DET","","","1","","","","","1309","",""
"1843","Tanner Perry","23","A+","MIL","","1310.0","4","686","","","859","2586","","1109"
"1844","Samuel Dutton","23","A+","ATH","","1311.0","6","824","","601","1007","2900","858","1676"
"1845","Bryan Polanco","24","A+","WSN","","1312.8","7","888","1839","462","779","3519","621","1082"
"1846","Zachary Redner","21","A+","LAA","","1312.8","5","762","1411","","922","2226","","1243"
"1847","Alex Martinez","23","A+","LAA","","1313.6","4","","925","","1033","1966","","1331"
"1848","Chase Chaney","26","AA","NYY","","1313.7","6","1017","1531","506","","2385","941","1502"
"1849","John Michael Bertrand","28","AAA","SFG","","1313.9","5","1069","1748","617","","1287","","1849"
"1850","Ty Cummings","24","AAA","TBR","","1314.0","4","","1394","","1091","1481","","1290"
"1851","Enoli Paredes","30","MLB","ATL","","1314.2","3","","868","","","1194","","1881"
"1852","Drake Fellows","28","AAA","PHI","","1316.9","5","983","1843","853","","1385","","1521"
"1853","Juan Cazarez","20","CPX","SEA","","","2","","","","","2360","","275"
"1854","Logan McGuire","23","A+","CLE","","1318.4","4","","860","","1254","1822","","1338"
"1855","Sayer Diederich","25","A+","BAL","","","2","","","","1557","1081","",""
"1856","Yadiel Batista","22","A","STL","","1320.1","6","962","1712","629","834","3032","","752"
"1857","Rob Kaminsky","31","AAA","LAA","","1320.8","3","","1757","","","755","","1451"
"1858","Kevin Verde","20","AA","NYY","","","1","","","","","1321","",""
"1859","Marcelo Perez","26","AA","SEA","","1321.1","4","","1884","","1052","1666","","683"
"1860","Cade Kuehler","24","A+","ATL","","1322.0","7","1051","2052","309","894","2821","843","1284"
"1861","Chia-Shi Shen","22","A","SEA","","","1","","","","","1322","",""
"1862","Sean Youngerman","21","A","PHI","","1322.0","6","919","","470","901","3247","752","1643"
"1863","Ian Koenig","25","AA","SDP","","1322.6","7","1043","1916","336","793","2943","861","1367"
"1864","Brady Choban","25","AAA","LAA","","1323.6","4","","1225","","1377","891","","1802"
"1865","Rodolfo Castro","27","AAA","PHI","","","1","","","","","1324","",""
"1866","Brandon Komar","27","AAA","CIN","","","2","","1565","","","1086","",""
"1867","Will Childers","25","AAA","MIL","","1326.0","4","","1312","","1069","1363","","1560"
"1868","Keyshawn Askew","26","AA","TBR","","","2","","547","","","2106","",""
"1869","Luis Pimentel","22","CPX","CIN","","","1","","","","","1327","",""
"1870","Jack Cushing","29","AAA","OAK","","","2","","1312","","","1344","",""
"1871","Chris Cortez","23","AA","LAA","","1328.4","6","1080","1557","","1404","1147","921","1862"
"1872","Michael Ross","23","A+","MIN","","1329.3","7","940","1618","546","1072","2994","803","1332"
"1873","Jose Serrano","22","A+","HOU","","1329.8","5","965","","","997","2607","672","1408"
"1874","Carson Palmquist","25","MLB","WSN","","1331.0","4","","1388","","1363","646","","1927"
"1875","Carlos Linarez","24","AA","STL","","","2","","","","1592","1073","",""
"1876","Ethan Murray","26","AAA","MIL","","","1","","","","","1333","",""
"1877","Joangel Gonzalez","21","A+","ARI","","1334.0","4","","1411","","1071","1615","","1239"
"1878","Jason Woodward","23","A+","MIL","","1334.6","5","905","","812","1228","2238","","1490"
"1879","Edrwin Veras","23","CPX","TOR","","","2","","","","","2457","","217"
"1880","Marco Manzano","22","CPX","NYY","","","1","","","","","1337","",""
"1881","Jack Sokol","24","A+","NYY","","1337.3","4","","1273","","1098","2184","","794"
"1882","Mitch Myers","27","AAA","ATH","","1337.5","5","1021","1971","694","","1628","","1374"
"1883","Evan McKendry","28","AAA","MIL","","","2","","1357","","","1320","",""
"1884","Kyle Larsen","23","A+","PIT","","1339.1","4","","1064","","828","2570","","895"
"1885","Brady Kirtner","24","A+","NYY","","1340.0","4","","778","","1266","1868","","1448"
"1886","Jacob Watters","25","AAA","TBR","","","2","","1565","","","1116","",""
"1887","Tyler Schoff","27","AAA","ATL","","","2","","753","","","1928","",""
"1888","Sebastian Caseres","18","CPX","LAA","","","1","","","","","1341","",""
"1889","Ty Adcock","29","MLB","NYM","","","2","","1208","","","1475","",""
"1890","Frank Martinez","24","A","TEX","","1343.0","5","1045","","758","909","2848","","1155"
"1891","Ethan Bosacker","25","AAA","KCR","","1346.2","7","645","1719","728","1238","2736","823","1535"
"1892","Kyle Whitten","27","AAA","TBR","","","2","","1429","","","1265","",""
"1893","Michael Knorr","26","AAA","HOU","","1347.2","3","","1255","","1611","1176","",""
"1894","Morris Austin","26","AAA","CHW","","1349.5","3","","477","","","2376","","1196"
"1895","Lenny Torres Jr.","25","AAA","CIN","","","2","","1454","","","1246","",""
"1896","Ian Mejia","26","AAA","ATL","","1351.9","6","1081","1417","799","","2083","966","1766"
"1897","Yosber Sanchez","25","AA","DET","","1352.1","4","","1093","","1206","1882","","1228"
"1898","Luis Rodriguez","22","A+","HOU","","1352.4","7","637","2004","642","903","2916","802","1563"
"1899","Paul Wilson","21","A","DET","","","2","","","","","2077","629",""
"1900","Nicholas Padilla","29","MLB","PHI","","","2","","1141","","","1567","",""
"1901","Stharlin Torres","20","A","CIN","","1354.1","7","797","2090","840","552","2953","734","1513"
"1902","Mikey Cascino","19","CPX","LAA","","","2","","","","","1830","","879"
"1903","Alfredo Romero","23","A+","CHC","","1355.1","7","734","1605","440","1118","3320","737","1532"
"1904","Luis Moreno","27","AAA","MIA","","1355.6","5","1052","1442","675","","2045","","1564"
"1905","Hayden Frank","23","A","CHC","","1358.7","7","957","2046","562","803","3288","687","1168"
"1906","Bryan Broecker","24","AAA","TBR","","","1","","","","","1359","",""
"1907","Anthony Maldonado","28","MLB","ATH","","","2","","637","","","2085","",""
"1908","Jean Munoz","23","A","SEA","","1361.0","4","","797","","1028","2966","","653"
"1909","Hunter Patteson","26","AA","KCR","","1361.6","7","1000","1642","534","1152","2621","962","1621"
"1910","Zack Weiss","34","MLB","MIN","","","2","","1429","","","1295","",""
"1911","Igor Gil","25","A+","SDP","","1362.0","4","","990","","1249","2246","","963"
"1912","Levi Stoudt","28","MLB","BAL","","1362.0","3","","1686","276","","2124","",""
"1913","Noah Dean","25","AA","WSN","","","2","","1370","","","1354","",""
"1914","Samuel Strickland","27","AA","ATL","","1362.3","3","","1388","","","1550","","1149"
"1915","Ramiro Villanueva","20","A","MIN","","1362.8","6","736","","815","958","3148","728","1792"
"1916","John Stankiewicz","27","AAA","DET","","","2","","955","","","1771","",""
"1917","Sean Sullivan","25","AAA","PIT","","","2","","1422","","","1304","",""
"1918","Victor Lizarraga","22","AAA","SDP","","1363.0","7","1018","1812","658","1054","2421","674","1904"
"1919","Angel Felipe","28","MLB","FA","","","1","","","","","1364","",""
"1920","Clark Candiotti","25","AA","SDP","","1364.4","4","","1525","","1182","1245","","1506"
"1921","Michael Hobbs","26","AA","SEA","","","2","","618","","","2112","",""
"1922","Jimmy Burnette","27","AAA","TOR","","","2","","968","","","1763","",""
"1923","Chase Renner","22","A+","MIA","","","2","","","","806","1926","",""
"1924","Bryce Osmond","25","AA","LAA","","1366.2","7","947","2110","721","1049","2446","912","1379"
"1925","José De León","33","MLB","MIN","","","2","","1874","","","859","",""
"1926","Rafael Sanchez","26","AA","TOR","","","2","","1175","","","1560","",""
"1927","Kolton Ingram","29","MLB","SFG","","","2","","685","","","2051","",""
"1928","Chandler Welch","23","A+","MIL","","1368.1","7","745","2038","586","1147","2841","825","1395"
"1929","Justin Sinibaldi","24","A+","CHW","","1368.5","7","985","1601","460","1011","2984","871","1668"
"1930","Evan Gray","25","A","SFG","","1368.9","4","","1017","","1331","2456","","672"
"1931","Caden Monke","26","AA","KCR","","1369.0","3","","1737","","","1454","","916"
"1932","Ryan Brady","27","AAA","KCR","","","2","","1064","","","1679","",""
"1933","Cam Hill","32","AAA","TBR","","","2","","","","","1725","","1022"
"1934","Patrick Monteverde","28","MLB","MIA","","1373.8","5","1019","1785","541","","1963","","1561"
"1935","John West","24","A+","ARI","","1375.3","7","1023","1787","436","1274","2533","951","1623"
"1936","Domingo Robles","28","AAA","ATH","","1375.3","3","","1618","","","1051","","1457"
"1937","Chris McElvain","25","AA","TOR","","1375.8","7","1041","1860","412","989","2698","919","1712"
"1938","Jordan Little","23","A","CIN","","","2","","","","968","1784","",""
"1939","Cole Percival","27","AAA","MIN","","","2","","1248","","","1505","",""
"1940","Justin Jarvis","26","AAA","LAD","","","2","","1515","","","1242","",""
"1941","Julio Ortiz","25","A+","TOR","","","2","","156","","","2602","",""
"1942","Yeuris Jimenez","25","A+","WSN","","1378.8","4","","1131","","1187","2242","","955"
"1943","Rafael Lantigua","28","AAA","PHI","","","1","","","","","1379","",""
"1944","Jaylen Nowlin","25","AAA","MIN","","1380.5","4","","1322","","1221","1686","","1293"
"1945","Michael Plassmeyer","29","MLB","TEX","","1383.2","3","","1280","","","1372","","1498"
"1946","Luis Ramirez","24","A+","MIA","","1383.8","4","","979","","1083","2665","","808"
"1947","Walker Powell","30","AAA","CHC","","","1","","","","","1384","",""
"1948","Eric Torres","26","AAA","BAL","","","2","","1499","","","1270","",""
"1949","Jaydenn Estanista","24","AA","WSN","","1384.8","3","","1064","","1195","1896","",""
"1950","Aaron Antonini","27","AA","DET","","","1","","","","","1386","",""
"1951","Benny Thompson","24","A+","LAA","","1386.6","4","","238","","1399","2679","","1231"
"1952","Derrick Smith","22","A","COL","","","1","","","","","1387","",""
"1953","Ryan Birchard","22","AA","MIL","","1387.5","4","","1322","","1353","1371","","1504"
"1954","Logan Van Treeck","25","A","CIN","","","1","","","","","1388","",""
"1955","Ethan Storm","22","A","TBR","","1388.2","6","825","","633","967","3327","807","1770"
"1956","Hobie Harris","33","MLB","WSN","","","2","","1264","","","1513","",""
"1957","Davian Garcia","22","AA","WSN","","1388.3","7","866","1994","757","988","2991","533","1589"
"1958","Joshua Loeschorn","26","AA","PIT","","1389.0","5","853","1541","724","","2539","","1288"
"1959","Juan Rojas","22","AA","BAL","","1390.3","4","","1289","","784","2016","","1472"
"1960","Brayan Orrantia","20","A","BAL","","1390.7","6","956","","734","1036","3115","743","1760"
"1961","Teddy Sharkey","24","A+","BAL","","","1","","","","","1391","",""
"1962","Walin Castillo","21","A","MIA","","1391.0","7","910","1952","497","678","3392","758","1550"
"1963","Shawn Ross","26","AAA","PIT","","","1","","","","","1392","",""
"1964","Gabe Bierman","26","AA","MIA","","1392.3","4","","1394","782","","2001","","1392"
"1965","Wesley Moore","26","AA","PHI","","1393.7","3","","411","","1609","2161","",""
"1966","Brody Jessee","25","AA","CIN","","1393.9","4","","1145","","1066","2295","","1070"
"1967","Robert Dugger","30","MLB","TEX","","","2","","1673","","","1117","",""
"1968","Jacob Kuhn","22","A","TBR","","1396.3","3","","","","1022","2469","","698"
"1969","Carlos Lequerica","25","A+","DET","","1397.5","4","","759","","1265","2482","","1084"
"1970","Andrick Nava","24","AA","MIL","","","1","","","","","1398","",""
"1971","Yerlin Rodriguez","24","A+","MIL","","1398.9","4","","831","","1477","1747","","1541"
"1972","Enrique Segura","21","A+","TEX","","1398.9","7","858","1839","657","1129","2655","855","1800"
"1973","Tyler Hampu","23","A+","COL","","1399.0","3","","497","","1287","2413","",""
"1974","Aiden Butler","22","A","SEA","","1399.4","7","903","2059","631","837","3340","716","1310"
"1975","Tanner Schobel","25","AAA","MIN","","","2","","","","1565","1234","",""
"1976","Ty Weatherly","25","A+","BAL","","","2","","790","","","2015","",""
"1977","Luis Torres","21","A","TOR","","","1","","","","","1403","",""
"1978","Gabriel Reyes","22","A+","DET","","1405.1","7","1072","1297","886","1415","2356","916","1894"
"1979","Silvano Hechavarria","23","A+","TOR","","1405.8","7","1009","1214","795","1153","3222","763","1685"
"1980","Sadrac Franco","26","AA","SDP","","1406.3","4","","1273","","1167","1852","","1333"
"1981","Austin Troesser","24","A+","NYM","","","2","","810","","","2003","",""
"1982","Bryce Conley","31","AAA","NYM","","1406.8","4","","1896","468","","2089","","1174"
"1983","Shotaro Morii","19","A","ATH","","","1","","","","","1407","",""
"1984","Wuilliams Rodriguez","22","A","SEA","","","2","","","","","2408","","406"
"1985","Jose Martinez","21","A","NYY","","1407.7","3","","","","790","2401","","1032"
"1986","Gunner Gouldsmith","24","A+","ATH","","","1","","","","","1408","",""
"1987","Chase Costello","26","AA","MIL","","","2","","646","","","2172","",""
"1988","Saul Teran","24","AA","PHI","","1409.8","4","","1185","","1080","2102","","1272"
"1989","Stefan Raeth","25","AA","SEA","","1409.8","3","","906","","1334","1990","",""
"1990","Wilmis Paulino","20","A","COL","","","1","","","","","1410","",""
"1991","Grayson Saunier","22","A","HOU","","","1","","","","","1411","",""
"1992","Blake Purnell","24","A","TOR","","1411.5","6","991","","860","940","3283","901","1494"
"1993","Daury Vasquez","20","A","ARI","","1411.5","6","1047","","580","1305","2941","936","1660"
"1994","Donny Troconis","20","A","ATH","","1411.9","7","648","1997","726","1100","2962","738","1713"
"1995","Moises Castillo","21","CPX","CIN","","","1","","","","","1412","",""
"1996","Anderson Paulino","27","AA","KCR","","","2","","1610","","","1216","",""
"1997","Ismael Munguia","27","AAA","NYY","","","1","","","","","1414","",""
"1998","Merrick Baldo","25","A+","WSN","","1414.3","4","","940","","1110","3005","","602"
"1999","Tzu-Chen Sha","22","A+","ATH","","1415.0","7","680","2099","783","1047","2992","820","1484"
"2000","Giussepe Velasquez","23","AA","PHI","","1415.2","7","823","2041","794","895","2883","932","1539"
"2001","Jake Eder","27","MLB","WSN","","","2","","1967","","","866","",""
"2002","Deivi Garcia","27","MLB","MIL","","","2","","1549","","","1284","",""
"2003","Frank Mozzicato","23","AA","KCR","","1417.0","7","772","1782","792","1140","2898","801","1734"
"2004","Johzan Oquendo","25","AA","CHC","","","1","","","","","1417","",""
"2005","Luis Aguilar","22","A+","HOU","","","2","","","","","1942","895",""
"2006","Patrick Weigel","31","MLB","COL","","1418.9","4","","1945","839","","980","","1912"
"2007","Noelberth Romero","24","AAA","BAL","","","1","","","","","1419","",""
"2008","Mason Green","27","AAA","COL","","1419.2","3","","1093","","","1429","","1736"
"2009","Emilio Ramos","20","A","CHC","","","2","","","","","1716","","1123"
"2010","Ty Floyd","24","A+","CIN","","1419.5","4","822","","","1388","2540","928",""
"2011","Ryan Ammons","25","A+","NYM","","","2","","146","","","2694","",""
"2012","Alex Bouchard","22","A+","BOS","","1420.1","7","776","2094","620","975","3124","800","1552"
"2013","Cade Denton","24","AA","COL","","1420.5","4","","1768","","1078","1452","","1384"
"2014","Andrew Marrero","26","AA","HOU","","","2","","1150","","","1692","",""
"2015","Domenic Picone","25","AA","STL","","1421.9","4","","1712","","1077","2072","","827"
"2016","Bjay Cooke","23","A","OAK","","1422.3","3","","","","1122","2709","","436"
"2017","Diego Barrera","26","AAA","ATH","","1422.5","4","","1362","","1244","1702","","1382"
"2018","Grant Hartwig","28","MLB","MIN","","1423.2","3","","1357","","","1250","","1663"
"2019","Hung-Leng Chang","24","A+","PIT","","1423.6","7","883","1618","732","1325","2769","966","1672"
"2020","Raul Alcantara","25","AAA","BAL","","","2","","831","","","2017","",""
"2021","Tyler Bradt","25","AA","STL","","1424.0","3","","456","","1612","2204","",""
"2022","Elijah Dale","25","A+","SEA","","","2","","759","","","2090","",""
"2023","Sam Rochard","25","A+","MIN","","1425.7","3","","","","1285","1739","","1253"
"2024","Xander Hamilton","24","A+","MIN","","","2","","477","","","2375","",""
"2025","Robinson Smith","18","CPX","PIT","","","2","","","","","1914","","938"
"2026","John McMillon","28","MLB","PHI","","","2","","825","","","2028","",""
"2027","Nick Falter","23","A+","SDP","","1426.5","4","690","","","1142","2897","","977"
"2028","Erich Tovar","19","CPX","CLE","","","1","","","","","1427","",""
"2029","Javi Rivera","26","AA","CIN","","1427.4","7","1064","1979","750","1217","2560","966","1456"
"2030","Jose D. Hernandez","23","A+","LAD","","","1","","","","","1428","",""
"2031","LJ McDonough","26","AA","ATL","","1429.7","3","","1541","","","1751","","997"
"2032","Ethan Chenault","25","A+","PHI","","","2","","446","","","2414","",""
"2033","Geremy Villoria","17","CPX","MIN","","","1","","","","","1430","",""
"2034","Mason Vinyard","27","AAA","MIA","","1430.2","3","","831","","","1824","","1636"
"2035","Erigaldi Perez","20","A","CLE","","1430.3","3","","","","","2450","944","897"
"2036","Phillip Glasser","26","AAA","WSN","","","1","","","","","1431","",""
"2037","Athanael Duarte","21","A","LAA","","","1","","","","","1432","",""
"2038","Kevin Vaupel","24","A","MIA","","","2","","608","","","2257","",""
"2039","Tyler Thornton","25","AA","CLE","","","2","","1042","","","1823","",""
"2040","Dalton Fowler","26","A+","TBR","","","2","","558","","","2307","",""
"2041","Andrew Shaffner","23","A","CIN","","1433.0","3","","","","1009","2159","","1131"
"2042","Adiel Melendez","24","A","ATL","","1433.3","3","","","","1082","2363","","855"
"2043","Michael Flynn","29","AAA","TBR","","1433.8","3","","1762","","","1159","","1381"
"2044","Juan Amarante","22","A+","PHI","","1434.9","4","513","1589","","1180","2458","",""
"2045","Joel Diaz","22","A+","NYM","","1435.4","7","986","1871","895","1323","2215","908","1850"
"2046","Aaron Shortridge","29","AAA","WSN","","","2","","1871","","","1002","",""
"2047","Riley Huge","24","A+","ATH","","1436.9","4","","326","","1428","2352","","1642"
"2048","Avery Weems","29","AAA","TEX","","","1","","","","","1439","",""
"2049","Lewis Sifontes","20","A","ATL","","1439.0","3","","","","984","1838","","1495"
"2050","Kyle Tyler","29","MLB","FA","","","2","","1656","","","1223","",""
"2051","Eliseo Mota","23","A+","DET","","1439.7","3","","","","855","3098","","366"
"2052","Michael Caldon","23","AAA","BAL","","1439.8","4","","790","","1090","2200","","1679"
"2053","Michael Carpenter","21","A","MIN","","","2","","1330","","","1553","",""
"2054","Cam Walty","24","AAA","CLE","","1443.0","5","788","1812","","964","2241","","1410"
"2055","Kevin Graham","26","AAA","ARI","","","1","","","","","1445","",""
"2056","Zach DeLoach","27","AAA","CHW","","","1","","","","","1446","",""
"2057","Elison Joseph","25","AA","ATL","","1446.7","3","","1021","","1526","1793","",""
"2058","Adam Stone","24","A+","CHC","","1447.0","4","836","","","1418","2384","","1150"
"2059","Enderson Mercado","19","A","MIL","","1447.1","7","636","2122","857","951","2999","654","1911"
"2060","Zak Kent","28","MLB","ARI","","","2","","1161","","","1734","",""
"2061","Kifraidy Encarnacion","20","CPX","MIA","","","1","","","","","1448","",""
"2062","Thaddeus Ward","29","MLB","BAL","","","2","","1797","","","1100","",""
"2063","Jarold Rosado","23","AA","CHW","","1449.1","4","","1307","","1309","1493","","1688"
"2064","Bryce Hubbart","25","AAA","CIN","","1449.3","4","","1797","","624","2764","","612"
"2065","Aaron Davenport","25","AAA","CLE","","","2","","1478","","","1421","",""
"2066","Jose Romero","21","A","SEA","","1450.6","7","835","2102","669","1017","3159","756","1616"
"2067","Po-Yu Chen","24","AAA","PIT","","1451.7","6","950","1952","865","1192","2785","966",""
"2068","Jake Garland","25","AAA","ATH","","1452.9","4","","1693","","1156","1819","","1144"
"2069","Jordan Mikel","27","AAA","CHW","","","2","","759","","","2148","",""
"2070","Owen White","26","MLB","CHW","","","2","","1525","","","1383","",""
"2071","Jacob Webb","27","AAA","MIN","","1455.0","3","","1161","","","1782","","1422"
"2072","Zac McCleve","25","A","TBR","","","1","","","","","1455","",""
"2073","Yoesmerli Beltre","20","A","SDP","","","2","","","","","2288","","624"
"2074","Wes Benjamin","32","MLB","SDP","","","2","","1976","","","937","",""
"2075","Cade Vernon","24","A+","SFG","","1456.9","5","968","986","","1282","2671","","1378"
"2076","David Buchanan","37","MLB","TEX","","","2","","1981","","","933","",""
"2077","J.T. Arruda","28","AAA","SEA","","","1","","","","","1457","",""
"2078","Dylan Wilson","20","CPX","SEA","","","2","","","","","2746","","170"
"2079","Ricardo Velez","27","AA","TEX","","","2","","1084","","","1834","",""
"2080","Andy Rodriguez","23","A+","TBR","","1459.2","3","","1400","","1161","1817","",""
"2081","Luke Stofel","24","AA","DET","","1461.3","4","","1106","","1128","2545","","1066"
"2082","Marcos Herrera","21","A","COL","","1461.6","7","1050","1903","716","1241","2869","966","1487"
"2083","Cesar Lares","22","A+","MIN","","1464.4","5","1060","1797","","1398","2171","896",""
"2084","Trey McLoughlin","27","AAA","HOU","","1466.2","3","","1240","","","1975","","1184"
"2085","Yendy Gomez","22","A+","DET","","1466.4","4","","1342","","1199","2497","","828"
"2086","Leonardo Taveras","27","AAA","STL","","","2","","816","","","2117","",""
"2087","Casey Anderson","25","AAA","ARI","","1467.6","4","","1225","","1149","1847","","1650"
"2088","Sean Hunley","26","AAA","DET","","1468.0","6","1002","1825","806","","2511","907","1757"
"2089","Xavier Martinez","23","A+","CLE","","1468.0","3","","979","","1452","1973","",""
"2090","Ben Sears","26","AAA","KCR","","1470.1","4","","1342","","1144","1878","","1517"
"2091","Dylan Carmouche","24","AA","CHW","","","2","","1436","","","1512","",""
"2092","Tristan Gray","30","AAA","TBR","","","1","","","","","1474","",""
"2093","Tyler Guilfoil","26","AAA","HOU","","","2","","673","","","2277","",""
"2094","Wilkin Paredes","22","A+","ARI","","1474.9","7","868","1878","691","1159","3344","880","1505"
"2095","Justin Meis","26","AAA","PIT","","1475.5","3","","1232","","","1672","","1523"
"2096","Aaron Brooks","36","MLB","ATH","","","2","","1903","","","1050","",""
"2097","Enmanuel Pinales","25","AA","SDP","","","2","","1565","","","1389","",""
"2098","Eric Prado","20","A","MIL","","1477.0","4","470","","","923","3221","","1294"
"2099","Landon Marceaux","26","AA","NYM","","","1","","","","","1477","",""
"2100","Danny Flatt","22","A","NYY","","1477.6","7","1007","2097","793","724","3638","873","1212"
"2101","Patrick Galle","22","A+","STL","","1479.7","3","","","","1252","2185","","1002"
"2102","Irvin Machuca","26","AA","CIN","","1480.8","3","","1342","","1457","1644","",""
"2103","Luke Cooper","25","A+","LAA","","","2","","","","1273","1689","",""
"2104","Dalton Neuschwander","24","A","BAL","","1481.4","5","1039","","","973","3268","706","1421"
"2105","Josbel Garcia","22","A","TOR","","1481.7","3","","","","979","3077","","389"
"2106","Eric Silva","23","AAA","DET","","1482.1","4","","1580","","757","2494","","1098"
"2107","Bradley Wilson","25","A","TOR","","1482.6","5","970","","","1276","2689","811","1667"
"2108","Tyler Mattison","26","AAA","DET","","1483.8","3","","1084","","","2252","","1116"
"2109","Luis De La Cruz","23","A+","MIA","","1484.5","5","876","1436","","1163","3019","","929"
"2110","Jared Kelley","24","AAA","CHW","","1484.7","3","","1486","","1275","1693","",""
"2111","Drew Parrish","28","AAA","CIN","","","2","","852","","","2120","",""
"2112","Jacob Stretch","23","AAA","TEX","","","1","","","","","1486","",""
"2113","Miguel Pantoja","18","CPX","TOR","","","2","","","","","1994","","978"
"2114","Luke Fernandez","22","A","CLE","","1486.3","4","885","","","1048","3128","","884"
"2115","Reece Wissinger","25","A+","TOR","","1486.5","4","1014","","","1123","3131","","678"
"2116","Jack Bushell","20","CPX","DET","","","1","","","","","1488","",""
"2117","Jack Dashwood","28","AAA","HOU","","1488.1","5","1067","1892","672","","2681","","1129"
"2118","Tommy Vail","27","AAA","CHW","","","2","","884","","","2093","",""
"2119","Angel Obando","27","A","TOR","","","1","","","","","1489","",""
"2120","Doug Nikhazy","26","MLB","CHC","","1489.6","7","732","1884","791","1263","3047","966","1745"
"2121","Connor Gillispie","28","MLB","MIN","","1491.2","3","565","1940","","","1969","",""
"2122","Luis Cohen","23","A+","BOS","","1491.3","7","928","1848","863","1019","3456","668","1657"
"2123","Aubrey Smith","22","A","HOU","","1491.3","6","1065","","516","1079","3809","854","1625"
"2124","Elwis Mijares","20","A","NYM","","1491.7","3","","","","899","2121","","1455"
"2125","Diego Lanzosa","20","CPX","TEX","","","2","","","","","2699","","286"
"2126","Nick Zwack","27","AAA","SFG","","","2","","1997","","","989","",""
"2127","Kelvin Caceres","26","MLB","LAA","","","1","","","","","1494","",""
"2128","Cole Ayers","26","AA","NYY","","","2","","637","","","2354","",""
"2129","Hunter Stanley","28","AAA","CLE","","1496.2","3","","1916","","","1617","","956"
"2130","Josh Tiedemann","22","A","NYY","","1496.7","3","","","","831","2968","","691"
"2131","Kenny Serwa","28","AA","DET","","1497.5","5","999","1988","609","","2264","","1628"
"2132","Zach Fruit","26","AA","BAL","","","2","","1630","","","1365","",""
"2133","Jimmy Romano","23","A+","CIN","","1498.5","4","","1478","","946","2777","","793"
"2134","Luis Burgos","20","A","OAK","","1498.7","6","864","","878","1344","3401","696","1809"
"2135","Aneudis Mejia","22","A+","TEX","","1499.3","6","","1468","850","998","3243","946","1491"
"2136","Cade Austin","24","A+","MIA","","","2","","601","","","2398","",""
"2137","Mason Estrada","22","A","LAD","","1500.0","6","863","","854","1216","3295","943","1829"
"2138","Tyler Ivey","30","MLB","HOU","","","2","","2042","","","958","",""
"2139","Gus Hughes","24","A","WSN","","1503.5","4","","1394","","900","2876","","844"
"2140","Victor Espiritu","21","CPX","TOR","","","2","","","","","2688","","319"
"2141","Samuel Gonzalez","21","A","ARI","","1505.7","6","1025","","874","1298","3389","956","1492"
"2142","Tanner Witt","23","AAA","NYM","","1506.7","3","","","","1286","1701","","1533"
"2143","Camden Lohman","19","CPX","NYM","","","2","","","","","2190","","824"
"2144","Mason Miller","24","A+","KCR","","1508.1","6","933","1429","740","1424","2640","","1883"
"2145","Jared Karros","25","AA","LAD","","","2","","1417","","","1600","",""
"2146","Nick Sinacola","26","AA","SFG","","","2","","1058","","","1962","",""
"2147","Stephen Ridings","30","MLB","NYM","","","1","","","","","1510","",""
"2148","Brooks Fowler","23","A+","TEX","","","2","","1289","","","1732","",""
"2149","Tyler Woessner","26","AAA","MIL","","","2","","1725","","","1296","",""
"2150","Marlon De La Cruz","20","A","WSN","","1510.7","6","1036","","608","1497","3434","711","1778"
"2151","Austin Amaral","24","AA","WSN","","1511.6","4","","1113","","1108","2684","","1142"
"2152","Matthew Tippie","23","A","NYY","","1511.7","3","","","","1060","2526","","949"
"2153","Bo Bonds","25","A+","TOR","","","2","","654","","","2370","",""
"2154","Brent Francisco","25","A+","MIN","","1513.3","3","","","","1132","2405","","1003"
"2155","Wuilliams Rodriguez","20","A","BOS","","1513.5","4","","1825","","570","3022","","637"
"2156","Travis Sthele","24","A+","WSN","","1514.4","5","773","1782","","1018","3290","709",""
"2157","Darren Bowen","25","AA","MIN","","1515.1","4","","1743","","1150","2321","","847"
"2158","Jacob Bosiokovic","32","AAA","STL","","","2","","1264","","","1767","",""
"2159","Landon Beidelschies","22","A","ATL","","1515.3","6","1026","","831","1135","3279","903","1918"
"2160","Logan Forsythe","22","A","ATL","","1515.8","5","893","","780","1348","2874","","1684"
"2161","Heriberto Caraballo","21","A","STL","","","1","","","","","1517","",""
"2162","Kyle Brnovich","28","AAA","PHI","","1517.8","5","1063","1976","583","","2521","","1446"
"2163","Alfredo Velasquez","21","AA","BAL","","","1","","","","","1518","",""
"2164","Jonny Cuevas","25","AAA","TBR","","1519.5","5","","1232","638","1278","2896","","1554"
"2165","Halton Hardy","24","CPX","MIN","","","1","","","","","1520","",""
"2166","Gilberto Batista","21","A+","TOR","","1523.2","7","973","2051","753","1093","3206","822","1765"
"2167","Alejandro Manzano","24","A","ATH","","1524.7","6","938","1681","764","1259","3204","","1302"
"2168","Jackson Wells","23","A+","HOU","","1524.8","4","995","","","939","2774","","1391"
"2169","Trevor Austin","24","AA","HOU","","","1","","","","","1525","",""
"2170","Jonathan Jimenez","22","A+","NYM","","1525.2","7","1048","2084","743","993","3241","885","1683"
"2171","Anthony Arguelles","25","A+","WSN","","","2","","217","","","2837","",""
"2172","Dylan Tate","22","A","LAD","","","1","","","","","1528","",""
"2173","Bryce Warrecker","24","A+","NYY","","1528.5","3","","884","","1114","2588","",""
"2174","Tyler Davis","27","MLB","CHW","","","1","","","","","1529","",""
"2175","Anthony Cruz","23","A+","HOU","","1529.4","7","710","1936","814","1343","3140","966","1797"
"2176","Harold Chirino","28","AAA","SDP","","","2","","1642","","","1418","",""
"2177","Wes Clarke","26","AA","HOU","","","1","","","","","1530","",""
"2178","Chris Vallimont","29","MLB","CLE","","1531.2","3","1012","2009","","","1573","",""
"2179","Shay Schanaman","26","AA","ATL","","1531.3","4","","1952","529","","2280","","1364"
"2180","Griffin Kirn","24","A+","ATH","","1533.7","3","","","","1215","2261","","1125"
"2181","Jay Woolfolk","23","A","ATL","","","1","","","","","1534","",""
"2182","Alexis Liebano","23","A+","ARI","","1534.5","4","","1595","","839","3087","","617"
"2183","Treyson Peters","23","AA","PIT","","1534.8","4","598","","","1068","3133","","1340"
"2184","Josnier Parra","24","A","OAK","","1535.4","5","924","","766","1213","3559","","1215"
"2185","Madinson Frias","21","A","BOS","","1536.5","6","936","","731","1169","3708","890","1785"
"2186","Ryan Andrade","23","A+","TBR","","1536.9","4","","1351","","935","2854","","1008"
"2187","Logan Cerny","26","AA","HOU","","","1","","","","","1537","",""
"2188","Cole MacRae","22","A","HOU","","1537.5","4","981","","","1324","2980","865",""
"2189","Angel Liranzo","19","A","PHI","","1538.0","3","","","810","","2725","","1079"
"2190","Walvin Mena","20","A","ARI","","1538.2","5","875","","786","1268","3003","","1759"
"2191","Kailen Hamson","24","A","BAL","","1538.5","6","1068","","645","1396","3506","894","1722"
"2192","Luke Bell","25","AAA","CHW","","1538.6","5","","1422","","1124","2982","606","1559"
"2193","Justin Loer","23","A+","COL","","1539.3","5","395","1492","","1165","3275","","1370"
"2194","Santiago Castellanos","17","CPX","MIN","","","1","","","","","1540","",""
"2195","Edinzo Marquez","21","A","NYY","","","2","","","","","2935","","146"
"2196","Yeriel Santos","22","A+","HOU","","1540.6","7","733","2046","776","1136","3234","963","1896"
"2197","Easton Sikorski","26","AA","CIN","","1541.3","3","","1388","","1139","2097","",""
"2198","Liam Simon","25","A+","SFG","","1541.7","3","","","","1251","2142","","1232"
"2199","Miguel Cienfuegos","29","AAA","SDP","","1542.0","3","","1706","","","1174","","1746"
"2200","Kenten Egbert","24","AAA","CHC","","1542.4","6","","1757","884","1301","2627","966","1720"
"2201","Jake Brink","23","A","CIN","","1542.5","4","1005","","","1288","3013","864",""
"2202","Jacob Kroeger","26","A+","ATL","","1542.8","5","","1478","708","1403","2626","","1499"
"2203","Leon Hunter Jr.","29","AAA","SEA","","","1","","","","","1543","",""
"2204","Samuel Mejia","24","AA","ATL","","","2","","537","","","2549","",""
"2205","Alen Pineda","21","A","ATL","","","1","","","","","1544","",""
"2206","Ben Leeper","29","AAA","CHC","","","1","","","","","1545","",""
"2207","Jose Gabriel Torres","25","A","SEA","","1545.0","3","","","","1257","2426","","952"
"2208","Trennor O'Donnell","25","A","BOS","","1547.3","3","","1322","","","2479","841",""
"2209","Ryan Garcia","28","AAA","TEX","","","2","","1634","","","1462","",""
"2210","Clevari Tejada","21","A","PIT","","1549.8","3","","1084","","","2775","791",""
"2211","Chris Villaman","25","AAA","TBR","","","2","","685","","","2417","",""
"2212","Jackson Phipps","24","A","OAK","","1551.3","6","967","","652","1361","3536","953","1839"
"2213","Easton Marks","22","A","COL","","1551.4","5","856","","","1281","3166","958","1496"
"2214","Jarret Whorff","27","AAA","ATL","","1553.2","3","","1461","","","1584","","1615"
"2215","Dusty Revis","22","A","CIN","","","2","","","","","2289","819",""
"2216","Jose Romero","25","A+","CHC","","","1","","","","","1554","",""
"2217","Grant Burleson","23","A","HOU","","","1","","","","","1555","",""
"2218","T.J. Fondtain","25","AA","TBR","","1555.6","4","","1454","","1233","2256","","1280"
"2219","Gabe Tanner","24","A","CHW","","1556.0","5","897","","","1193","3356","733","1601"
"2220","Joe Ruzicka","22","A","DET","","","1","","","","","1556","",""
"2221","Kendy Richard","21","A","ATL","","1559.3","7","896","1908","644","1239","3514","898","1816"
"2222","Carson Skipper","26","AAA","COL","","","2","","1772","","","1347","",""
"2223","Edgar Sanchez","25","AA","ATH","","","2","","1131","","","1991","",""
"2224","Cesar Sanchez","20","CPX","LAD","","","1","","","","","1562","",""
"2225","Jawilme Ramirez","24","AAA","STL","","1562.1","4","","1113","","1283","2644","","1209"
"2226","Alaska Abney","26","AA","CLE","","1563.3","4","","1549","","1347","2005","","1352"
"2227","Keisther Castillo","18","CPX","KCR","","","2","","","","","2210","","917"
"2228","Grant Shepardson","20","A","MIA","","","1","","","","","1564","",""
"2229","Michael Prosecky","25","AA","COL","","","2","","1468","","","1662","",""
"2230","Lan-Hong Su","19","A","SDP","","","2","","","","","2224","906",""
"2231","Garrett Burhenn","26","AA","DET","","","2","","1289","","","1846","",""
"2232","JJ Goss","25","AA","ATH","","1567.5","5","","1830","785","1296","2186","","1741"
"2233","Tanner Bauman","24","AA","NYY","","1567.8","3","","1357","","847","2500","",""
"2234","Kerrington Cross","24","A","SDP","","","1","","","","","1569","",""
"2235","Justin Henschel","22","A","CIN","","1570.0","6","961","","872","1255","3682","816","1834"
"2236","Yanzel Correa","21","A","COL","","1572.6","4","","1642","","795","3142","","712"
"2237","Cole Hillier","25","AA","SFG","","1572.8","4","","979","","1269","2940","","1103"
"2238","Braeden Fausnaught","26","AA","PHI","","","2","","1405","","","1742","",""
"2239","Parker Seay","25","A","NYY","","1573.3","3","","","","1230","2429","","1061"
"2240","Victor Zarraga","22","A","CHC","","1574.0","6","1042","","873","1421","3300","888","1920"
"2241","Dylan Howard","23","A+","HOU","","1574.6","7","993","2063","835","1231","3191","966","1743"
"2242","Spencer Adams","30","AAA","TEX","","","1","","","","","1575","",""
"2243","Angel Beltran","18","CPX","ARI","","","1","","","","","1577","",""
"2244","Ocean Gabonia","24","A+","NYY","","","2","","326","","","2829","",""
"2245","Bryce McGowan","26","AAA","COL","","","2","","608","","","2548","",""
"2246","Jan Caraballo","22","A","DET","","1580.3","3","","","","852","2963","","926"
"2247","Chris Sargent","25","AA","SDP","","","1","","","","","1581","",""
"2248","Draven Zeigler","25","A+","PIT","","1582.7","3","","","","1175","2845","","728"
"2249","T.J. Sikkema","27","AAA","BOS","","","2","","1667","","","1499","",""
"2250","Zander Mueth","21","A","PIT","","1584.1","5","1061","2001","","1414","2685","760",""
"2251","Jack Young","24","AAA","CHW","","1584.6","4","","1436","","1133","2320","","1450"
"2252","Juan Ortega","20","A","BAL","","","2","","","","1624","1546","",""
"2253","Parker Dunshee","31","MLB","ATL","","","2","","1264","","","1909","",""
"2254","Drew Christo","23","A+","ATL","","1587.7","3","","","","1097","2300","","1366"
"2255","Adolfo Oviedo","21","A+","PIT","","1588.4","4","","1454","","1056","3060","","784"
"2256","Liam Best","22","A","STL","","1589.0","3","","","","1183","2553","","1031"
"2257","Johnfrank Salazar","22","A+","STL","","","1","","","","","1590","",""
"2258","Nick Margevicius","30","MLB","SFG","","","2","","2027","","","1154","",""
"2259","Javi Torres","21","A","CLE","","1591.3","3","","","","1420","2603","","751"
"2260","Carlos Jimenez","23","A+","PIT","","","2","","440","","","2744","",""
"2261","Andy Fabian","23","A","BAL","","","1","","","","","1593","",""
"2262","Levi Huesman","22","A","WSN","","1593.0","3","","","","957","2516","","1306"
"2263","Nick Nastrini","26","MLB","LAD","","","2","","1042","","","2145","",""
"2264","Nick Pinto","26","A","CHW","","","1","","","","","1594","",""
"2265","Emaarion Boyd","22","A+","MIA","","","1","","","","","1595","",""
"2266","Gage Miller","23","A+","MIA","","","1","","","","","1596","",""
"2267","Ricardo Yan","23","A+","ARI","","1596.7","5","727","1557","","1394","2612","","1694"
"2268","Yaiker Torrelles","19","CPX","WSN","","","1","","","","","1597","",""
"2269","Maikel Miralles","21","AAA","SDP","","1598.4","7","1071","1933","889","1350","3120","905","1921"
"2270","Daniel Wright","24","A","CHW","","","2","","","","798","2400","",""
"2271","Thomas Bruss","27","A+","DET","","","2","","785","","","2416","",""
"2272","Jesus Escobar","20","A","ARI","","1600.7","6","1033","","741","1272","3823","860","1875"
"2273","Jonathan Rosario","19","A","MIA","","","2","","","","","1667","","1537"
"2274","Angelo Ladera","19","CPX","BOS","","","2","","","","","1740","","1466"
"2275","Murphy Stehly","27","AA","WSN","","","1","","","","","1604","",""
"2276","Blake Larson","20","CPX","CHW","","","1","","","","","1606","",""
"2277","Alex Madera","25","AA","CHC","","","2","","","","1602","1611","",""
"2278","Chase Allsup","23","A+","BAL","","","2","","810","","","2403","",""
"2279","Yohander Linarez","21","A","BOS","","","1","","","","","1607","",""
"2280","David Leal","29","AAA","OAK","","","2","","1411","","","1804","",""
"2281","Jason Savacool","24","AAA","STL","","1607.6","4","","1297","","1162","2218","","1754"
"2282","Ryan Schiefer","22","A","CHW","","1607.7","3","","","","987","3117","","719"
"2283","Ray Cebulski","23","A","SEA","","1608.3","3","","","","1168","2646","","1011"
"2284","Marquis Grissom Jr.","24","AAA","WSN","","1608.8","3","","772","","1243","2812","",""
"2285","Alain Pena","23","A+","HOU","","1610.0","7","907","2131","824","1369","3429","966","1644"
"2286","Raudelis Martinez","24","AA","BOS","","","2","","","","1619","1601","",""
"2287","Jaitoine Kelly","19","A","ARI","","","2","","","","","2324","899",""
"2288","Luis Contreras","30","MLB","HOU","","","2","","1021","","","2202","",""
"2289","Sam Thoresen","27","AA","CHC","","","2","","785","","","2443","",""
"2290","Inmer Lobo","22","A+","PIT","","1615.3","3","","1196","","1227","2423","",""
"2291","Gensi Angeles","18","CPX","ATL","","","2","","","","","2227","","1004"
"2292","Cal Stark","23","A+","TEX","","","1","","","","","1616","",""
"2293","Luke Young","24","AAA","WSN","","1617.3","4","","1706","","1214","2880","","669"
"2294","Evan Justice","27","MLB","COL","","","2","","1071","","","2168","",""
"2295","Bernard Jose","23","AA","SDP","","1620.8","4","","1161","","1302","2667","","1353"
"2296","Dane Acker","27","AAA","TEX","","","2","","1630","","","1612","",""
"2297","Ryan Harvey","25","AA","DET","","1621.0","4","","1865","","1223","2726","","670"
"2298","Seth Shuman","28","AAA","WSN","","1621.0","3","","1531","","","2219","","1113"
"2299","Hunter Parsons","29","AAA","NYM","","","1","","","","","1622","",""
"2300","Jonah Conradt","21","A","WSN","","","2","","","","","2391","853",""
"2301","Ben Abeldt","22","CPX","TEX","","","2","","","","","2411","","834"
"2302","Diego Flores","19","CPX","NYY","","","1","","","","","1623","",""
"2303","Tristan Stevens","28","AAA","MIA","","","2","","1580","","","1668","",""
"2304","Alvaro Mejias","22","A","TBR","","","1","","","","","1624","",""
"2305","Jack Moroknek","23","A","WSN","","","2","","","","1607","1643","",""
"2306","Santiago Almao","18","CPX","TEX","","","1","","","","","1625","",""
"2307","Peter Solomon","29","MLB","CHC","","","2","","1988","","","1263","",""
"2308","Eric Hammond","23","A","MIN","","1626.6","5","954","","703","1326","3368","","1782"
"2309","Justin Lange","24","A+","NYY","","","1","","","","","1627","",""
"2310","Christopher Troye","27","AA","BOS","","","2","","678","","","2577","",""
"2311","Josh Maciejewski","30","MLB","MIL","","","2","","1618","","","1639","",""
"2312","Justin Armbruester","27","AAA","NYM","","","2","","1787","","","1471","",""
"2313","Tanner Dodson","29","AAA","ATH","","","2","","1225","","","2034","",""
"2314","Carlos De La Rosa","18","CPX","SFG","","","2","","","","","2157","","1102"
"2315","Luis Arestigueta","20","A","ATL","","1629.5","5","701","1719","","1085","2871","","1772"
"2316","Landen Maroudis","21","A+","TOR","","1631.1","7","979","2108","870","1107","3731","777","1846"
"2317","Gerardo Salas","23","A+","STL","","1631.5","4","","1595","","1219","2435","","1277"
"2318","Shawn Goosenberg","26","AA","CHW","","","1","","","","","1632","",""
"2319","Jordan Geber","26","AAA","NYM","","1633.9","6","1031","2013","759","1386","2831","","1784"
"2320","Nick Biddison","25","AA","LAD","","","1","","","","","1634","",""
"2321","Dominic Freeberger","26","A+","STL","","1634.6","4","","1232","","1397","2809","","1101"
"2322","Angel Hernandez","26","A+","CHC","","","2","","518","","","2752","",""
"2323","Justin Lawson","25","AA","NYM","","","2","","790","","","2480","",""
"2324","Ryan Reed","22","A","SDP","","","1","","","","","1635","",""
"2325","Cody Schrier","23","A+","MIA","","","1","","","","","1636","",""
"2326","Yehizon Sanchez","25","AA","MIN","","1636.5","4","","1820","","1102","2146","","1478"
"2327","Dylan Heid","28","AAA","BAL","","","2","","487","","","2791","",""
"2328","Nolan Santos","25","A+","MIN","","1641.0","6","1020","1797","709","1476","3001","","1843"
"2329","Hunter Gregory","27","AAA","MIN","","","2","","1580","","","1704","",""
"2330","Austin Schulfer","30","AAA","PHI","","","2","","1342","","","1943","",""
"2331","Cruz Noriega","28","AAA","KCR","","","2","","1342","","","1944","",""
"2332","Brian Moran","37","MLB","ATL","","","2","","990","","","2297","",""
"2333","Alec Baker","26","AAA","ARI","","1643.6","4","432","2059","","","2542","","1542"
"2334","Justice Bigbie","27","AA","DET","","","1","","","","","1645","",""
"2335","Logan Gillaspie","29","MLB","SDP","","1645.0","3","","1787","","","1519","","1629"
"2336","Matt King","23","AA","PIT","","","2","","","","1630","1661","",""
"2337","Peyton Havard","24","A","PHI","","1646.0","4","1055","","","1103","3227","","1199"
"2338","Manuel Mercedes","23","AA","SFG","","1647.6","4","","1557","","1051","2430","","1553"
"2339","Denton Biller","21","A","BAL","","1648.5","6","1070","","851","1392","3810","910","1858"
"2340","Nathan Shinn","22","A","STL","","","2","","","","","2333","966",""
"2341","Zach Penrod","29","MLB","LAD","","1651.7","3","","1936","","","1602","","1417"
"2342","Erubiel Armenta","26","AA","PHI","","","1","","","","","1653","",""
"2343","Luis Guerrero","25","MLB","TBR","","1653.3","4","","1302","","1322","2251","","1738"
"2344","MT Morrissey","24","A","PHI","","1653.3","4","","","571","1355","3172","","1515"
"2345","Nathan Hickey","26","AAA","BOS","","","1","","","","","1655","",""
"2346","Tyler McLoughlin","23","A","NYM","","1655.3","3","","","","1264","2478","","1224"
"2347","Jake Murray","25","A","MIN","","","2","","","","1379","1933","",""
"2348","Kyle Virbitsky","27","AA","BAL","","","2","","986","","","2329","",""
"2349","Chris Kachmar","29","AAA","BAL","","1657.5","3","1015","1884","","","2074","",""
"2350","Chase Plymell","28","AAA","CHW","","1658.1","4","","1903","832","","2237","","1661"
"2351","Freddy Rodriguez","22","CPX","CHC","","","2","","","","","2907","","414"
"2352","Jake Palisch","27","MLB","CHW","","1662.4","5","1078","1806","671","","2939","","1818"
"2353","Carson Pierce","24","A+","TOR","","1664.0","3","","1099","","1506","2387","",""
"2354","Hudson Leach","24","AAA","HOU","","1664.8","4","","1447","","1500","1879","","1833"
"2355","Javier Gonzalez","20","A","BAL","","","1","","","","","1665","",""
"2356","Valentin Linarez","26","AAA","WSN","","","2","","1202","","","2129","",""
"2357","Kaleb Corbett","24","A+","TBR","","1667.8","5","982","1797","","1211","2915","","1434"
"2358","Erian Rodriguez","24","AA","CHC","","1669.2","6","977","1772","883","1517","2933","","1933"
"2359","Cole Gilley","24","A","PHI","","1669.5","4","998","","","1157","3244","","1279"
"2360","Isaiah Lowe","23","A+","SDP","","1672.2","6","1062","2060","777","1365","2881","","1888"
"2361","Aaron Brown","27","AAA","HOU","","","2","","1889","","","1459","",""
"2362","Morgan McSweeney","28","AAA","MIA","","","2","","1589","","","1761","",""
"2363","Evan Aschenbeck","25","A+","CHC","","","2","","1605","","","1746","",""
"2364","Shane Panzini","24","AAA","KCR","","1675.9","4","","2007","901","1364","2432","",""
"2365","Reiver Camacho","19","CPX","COL","","","1","","","","","1676","",""
"2366","Jose Guedez","24","AA","HOU","","1676.8","4","","1572","","1212","2309","","1614"
"2367","Sam Knowlton","26","A+","ARI","","1677.7","3","","1273","","1535","2225","",""
"2368","Preston Howey","24","A+","DET","","1678.9","5","1027","1762","","1209","2825","","1572"
"2369","Rhett Kouba","26","AAA","HOU","","","2","","1461","","","1899","",""
"2370","Wilkel Hernandez","27","AAA","DET","","","2","","1634","","","1729","",""
"2371","Hale Sims","26","A","CHW","","","2","","497","","","2866","",""
"2372","Jose Fleury","24","AAA","HOU","","1683.5","4","","1706","903","1508","2617","",""
"2373","Cody Roberts","30","AAA","SDP","","","1","","","","","1684","",""
"2374","Helcris Olivarez","25","AAA","BOS","","1685.3","4","","1312","","1510","1993","","1926"
"2375","Anthony Susac","23","AA","TEX","","1685.6","4","","1586","","1057","2632","","1468"
"2376","Manuel Olivares","24","A","COL","","1686.4","5","966","1768","","1280","3132","","1286"
"2377","Gabriel Sosa","25","AAA","SEA","","1686.7","3","","1816","","1523","1721","",""
"2378","Larson Kindreich","27","AA","TEX","","","2","","797","","","2578","",""
"2379","Davis Sharpe","26","AA","CLE","","","2","","1362","","","2018","",""
"2380","Zach Greene","29","AAA","NYY","","","1","","","","","1690","",""
"2381","Dylan Carter","24","A","SFG","","1690.3","3","","","","1313","2683","","1075"
"2382","Zach Fogell","25","A+","BOS","","","2","","1071","","","2312","",""
"2383","Brandon Downer","23","A+","BAL","","1691.5","5","1006","1775","","1188","2721","","1768"
"2384","Joey Gartrell","22","A+","BOS","","1691.5","5","964","2013","","1095","2909","","1477"
"2385","Ruben Menes","24","A+","STL","","1692.7","3","","","","1235","3025","","818"
"2386","Wilman Diaz","22","A+","LAD","","","1","","","","","1696","",""
"2387","Edinson Duran","23","AAA","NYY","","","2","","","","1597","1796","",""
"2388","Michael Gomez","29","AAA","STL","","","2","","1478","","","1917","",""
"2389","Adam Falinski","23","A+","MIN","","1699.0","3","","","","1218","2552","","1327"
"2390","Riley Stanford","23","A","TBR","","1700.3","4","","","803","1465","3033","","1500"
"2391","Christian Worley","24","A+","STL","","1701.4","4","","1656","","1190","2778","","1182"
"2392","Tanner Burns","27","AAA","CLE","","","2","","1565","","","1839","",""
"2393","Alan Busenitz","35","MLB","CIN","","","2","","1468","","","1938","",""
"2394","Baron Stuart","26","AAA","WSN","","","2","","1248","","","2160","",""
"2395","Austin Strickland","24","A+","SFG","","1704.5","4","","1411","","1456","2029","","1922"
"2396","Braulio Salas","21","A+","MIA","","1704.6","4","","1743","","981","3252","","843"
"2397","Jackson Dannelley","24","A","WSN","","1705.2","3","","1417","","916","2783","",""
"2398","Brandon Johnson","27","AAA","KCR","","1706.5","3","","1492","","","1958","","1670"
"2399","Jubrayker Salaya","19","CPX","CHC","","","2","","","","","2448","","965"
"2400","Jarrod Cande","26","AA","COL","","","1","","","","","1707","",""
"2401","Andrew Perez","28","AAA","KCR","","","2","","","","","1641","","1779"
"2402","Kevin Rivas","23","A+","CLE","","","1","","","","","1710","",""
"2403","Odarlin Cruz","21","CPX","COL","","","2","","","","","3089","","332"
"2404","Zane Petty","22","A","CLE","","1710.8","5","971","","","1237","3735","930","1681"
"2405","Ben Anderson","28","AAA","TEX","","1710.9","5","1082","2023","856","","2728","","1866"
"2406","Luis Valdez","21","A","KCR","","","1","","","","","1711","",""
"2407","Rordy Mejia","21","A","SDP","","1711.7","3","","","","1137","2690","","1308"
"2408","Franly Urena","22","A","TOR","","1714.3","3","","","","1034","3442","","667"
"2409","Thomas Higgins","23","A","SEA","","","2","","","","1112","2317","",""
"2410","Pedro Da Costa Lemos","23","A+","SEA","","","2","","852","","","2580","",""
"2411","Victor Cabreja","24","A+","PIT","","1716.1","6","719","2057","846","1321","3593","","1761"
"2412","Zach Brzykcy","26","MLB","MIA","","1716.3","3","","1681","","","2262","","1206"
"2413","Chris Rodriguez","27","MLB","ARI","","","2","","1981","","","1453","",""
"2414","Dariel Polanco","20","CPX","SDP","","","2","","","","","3084","","350"
"2415","Maddux Bruns","24","AA","LAD","","1718.0","3","","1745","","1549","1860","",""
"2416","Irv Carter","23","AA","TOR","","1718.2","3","","1492","","1178","2485","",""
"2417","Kevin Warunek","23","A+","PHI","","","1","","","","","1720","",""
"2418","Alberto Pacheco","23","AA","COL","","1720.1","4","","2035","867","1327","2652","",""
"2419","Adonis Medina","29","MLB","SEA","","","2","","1834","","","1608","",""
"2420","Jonah Hurney","26","A+","CIN","","1722.5","3","","1580","","1463","2125","",""
"2421","Harry Blum","24","A+","BOS","","1724.0","4","","","","1359","3315","398","1824"
"2422","Yordi Jose","19","CPX","MIN","","","1","","","","","1724","",""
"2423","Will Armbruester","25","A+","SEA","","1725.3","4","1008","","","1299","3408","","1186"
"2424","Edgar Isea","23","A+","ARI","","","2","","576","","","2875","",""
"2425","Josh Sanders","24","AAA","TEX","","1725.6","6","1074","2124","","1416","3029","821","1890"
"2426","Logan Lunceford","22","A","LAD","","","1","","","","","1726","",""
"2427","Nick Dombkowski","27","AAA","PIT","","1727.3","4","1037","1806","","","2338","","1728"
"2428","Mark McLaughlin","25","AA","CHW","","1727.3","3","","1549","","1126","2507","",""
"2429","Devereaux Harrison","25","AAA","TOR","","1728.5","4","","1505","","1304","2301","","1804"
"2430","Greysen Carter","23","A","NYY","","1729.4","4","","1113","","1357","3511","","937"
"2431","Yeremmy Cabeza","22","CPX","COL","","","1","","","","","1730","",""
"2432","Luke Albright","26","AAA","ARI","","","2","","1681","","","1781","",""
"2433","Brayden Heidel","24","A","TOR","","1731.7","3","898","","","1297","3000","",""
"2434","Houston Harding","28","AAA","LAA","","1732.5","5","930","2097","866","","2905","","1865"
"2435","Esteban Mejia","21","A","TEX","","","1","","","","","1736","",""
"2436","Ben Moore","22","A","WSN","","","2","","","","1621","1853","",""
"2437","Duncan Pastore","26","AA","NYY","","","2","","","","1572","1903","",""
"2438","Angel Peralta","19","CPX","HOU","","","2","","","","","2755","","721"
"2439","Beau Burrows","29","MLB","PIT","","1738.3","3","","1478","","","2717","","1020"
"2440","Christian Ruebeck","25","AA","LAD","","1740.2","3","","986","","1503","2732","",""
"2441","Jacob Wosinski","27","AA","MIN","","1741.0","3","","1812","","","2217","","1194"
"2442","Miles Langhorne","23","A+","MIL","","","1","","","","","1741","",""
"2443","Justin Long","24","A+","ATL","","1743.9","4","","1967","","1314","2116","","1579"
"2444","Ichiro Cano","21","A","CIN","","","2","","","","1570","1925","",""
"2445","Cohen Achen","24","AA","BAL","","1747.8","4","","1531","","1341","2350","","1769"
"2446","Luke Hansel","24","A","COL","","","1","","","","","1748","",""
"2447","Luke Mensik","18","CPX","SFG","","","2","","","","","2614","","882"
"2448","Jakob Guardado","24","A","LAA","","1748.3","3","","","","1336","2733","","1176"
"2449","Duque Hebbert","24","AA","DET","","1748.8","4","","1322","","1145","3366","","1162"
"2450","Owen Hall","20","A","DET","","","2","","","","","2222","","1278"
"2451","Dionmy Salon","24","A","KCR","","","1","","","","","1752","",""
"2452","Joan Ogando","22","A+","HOU","","1753.0","3","","914","","1513","2832","",""
"2453","Luis Reyes","22","A","CIN","","","1","","","","","1753","",""
"2454","Styven Paez","21","A","ATL","","1753.3","3","","","","1247","2990","","1023"
"2455","Jace Hampson","20","A","NYM","","","1","","","","","1755","",""
"2456","Connor O'Halloran","23","A+","TOR","","","2","","1531","","","1982","",""
"2457","Ross Carver","26","AAA","CLE","","","2","","1169","","","2346","",""
"2458","Angel Cruz","21","A","LAD","","1758.7","3","","","","1492","2409","","1375"
"2459","Augie Mojica","21","A","ARI","","1758.7","3","","","","1337","3030","","909"
"2460","Wyatt Hendrie","27","AA","PIT","","","1","","","","","1759","",""
"2461","Omar Victorino","21","A","NYM","","1759.3","4","","","894","","3465","850","1828"
"2462","Anthony Solometo","23","AA","PIT","","1760.8","3","","1084","","1608","2591","",""
"2463","Austin Becker","26","A+","COL","","","2","","841","","","2682","",""
"2464","Christian Becerra","23","A+","MIN","","1761.8","4","","1515","","1261","2867","","1404"
"2465","Dayne Pengelly","23","A","TOR","","","2","","","","","2599","927",""
"2466","Patricio Aquino","23","AA","MIL","","","2","","1394","","","2134","",""
"2467","Branden Boissiere","26","AA","WSN","","","1","","","","","1765","",""
"2468","Reinder Gomez","19","CPX","CHW","","","2","","","","","2522","","1016"
"2469","Ben Harris","26","AAA","LAD","","","2","","884","","","2656","",""
"2470","Jesus Flores","21","A+","MIL","","1769.8","3","","1580","","1568","2162","",""
"2471","Cam Schuelke","24","A+","CLE","","1772.5","4","","1686","","1425","2388","","1591"
"2472","Andrew Dalquist","25","AA","SDP","","1775.7","3","","1196","","1383","2748","",""
"2473","Carlos Mateo","20","A","PIT","","","1","","","","","1776","",""
"2474","Samuel Carpio","23","A","MIA","","1777.0","4","","1388","","1387","2927","","1406"
"2475","Samuel Sanchez","20","A","LAD","","","1","","","","","1778","",""
"2476","Wyatt Lunsford-Shenkman","23","A+","SEA","","1778.0","3","","","","1345","2686","","1303"
"2477","Jackson Holmes","23","A","OAK","","","2","","","","1250","2308","",""
"2478","Frankeli Arias","23","AAA","CHW","","1780.0","4","","1478","","1025","3150","","1467"
"2479","Daniel Harper","27","AAA","PHI","","1782.2","3","","1605","","","2220","","1522"
"2480","Colby Holcombe","23","A+","TOR","","1783.0","3","","1388","","","3086","875",""
"2481","Juan Ledezma","21","CPX","ARI","","","1","","","","","1783","",""
"2482","Micah Ottenbreit","23","A+","PHI","","","2","","1273","","","2293","",""
"2483","Jack O'Loughlin","26","MLB","COL","","","2","","1649","","","1918","",""
"2484","Gerardo Lopez","20","CPX","PHI","","","2","","","","","2756","","812"
"2485","Ethan Routzahn","28","AAA","SDP","","1784.5","3","","1580","","","1845","","1929"
"2486","Christian Gordon","25","A","CHC","","","1","","","","","1785","",""
"2487","Matt Tiberia","24","A","SEA","","","1","","","","","1786","",""
"2488","Darwin Roa","19","CPX","PIT","","","1","","","","","1787","",""
"2489","Daniel Juarez","25","AAA","NYM","","","2","","1121","","","2454","",""
"2490","Kyle Roche","24","A+","LAA","","1787.6","4","","1830","","1171","3205","","945"
"2491","Juan Corniel","23","A+","ARI","","","1","","","","","1789","",""
"2492","Brendan White","27","MLB","DET","","","2","","1730","","","1850","",""
"2493","Mike Jarvis","28","AAA","PIT","","","1","","","","","1790","",""
"2494","Nate Savino","24","AA","ARI","","1790.9","5","1004","2105","","1094","3042","","1710"
"2495","Aidan Anderson","29","AAA","TEX","","1792.0","3","","2025","","","1698","","1653"
"2496","Jack Leftwich","27","AAA","CLE","","1793.0","3","","1825","","","2023","","1531"
"2497","Anthony Servideo","27","AA","BAL","","","1","","","","","1794","",""
"2498","Bryan Perez","22","A+","COL","","1795.5","3","","2001","","1440","1946","",""
"2499","Raimy Rodriguez","20","A+","HOU","","1796.0","4","","1912","","1130","2415","","1727"
"2500","Nolan Clenney","30","AAA","CHC","","","2","","1280","","","2314","",""
"2501","Jose Ramos","23","A+","SFG","","","1","","","","","1797","",""
"2502","Carter Spivey","26","AAA","CLE","","","2","","1486","","","2109","",""
"2503","Gilbel Galvan","19","A","BOS","","","1","","","","","1798","",""
"2504","Ben Brutti","23","A","CIN","","","2","","738","","","2860","",""
"2505","Daniel Guilarte","22","A+","MIL","","","1","","","","","1799","",""
"2506","Alejandro Torres","25","AA","HOU","","1799.5","4","","1673","","1376","2501","","1648"
"2507","Mason Hickman","27","AAA","CLE","","","2","","1436","","","2165","",""
"2508","Walker Brockhouse","27","AA","HOU","","","1","","","","","1802","",""
"2509","Yenfri Sosa","22","A","MIA","","","1","","","","","1803","",""
"2510","Kaleb Bowman","29","AAA","MIL","","1803.2","3","","1342","","","2249","","1819"
"2511","Tommy Molsky","23","AA","KCR","","1803.3","4","","1700","","1473","2140","","1900"
"2512","Tanner Jacobson","26","A+","STL","","","2","","810","","","2797","",""
"2513","Connor Knox","22","A","CHC","","","1","","","","","1805","",""
"2514","Yorlin Calderon","24","AAA","SEA","","","2","","1283","","","2330","",""
"2515","Jake Barbee","19","CPX","TEX","","","1","","","","","1807","",""
"2516","Zach Jacobs","24","AAA","CLE","","","2","","1106","","","2508","",""
"2517","Manuel Osorio","20","CPX","CLE","","","2","","","","","3143","","472"
"2518","Maick Collado","23","A+","CLE","","","1","","","","","1808","",""
"2519","Roberto Urdaneta","20","A","OAK","","1808.2","5","","","887","1580","3752","966","1856"
"2520","Austin Callahan","25","AA","CIN","","","1","","","","","1809","",""
"2521","Clay Helvey","29","AAA","WSN","","","2","","1515","","","2105","",""
"2522","Francis Rivera","25","A+","COL","","1810.1","4","","1693","","1332","2814","","1402"
"2523","Keegan Zinn","21","A","CLE","","1810.7","3","","","","876","3502","","1054"
"2524","Tyrelle Chadwick","23","A","COL","","1812.0","3","1057","","","1429","2950","",""
"2525","Brayan Narvaez","21","CPX","SFG","","","2","","","","","3097","","530"
"2526","Kevin Camacho","21","A","CHC","","","1","","","","","1814","",""
"2527","Luke LaCourse","19","CPX","LAA","","","2","","","","","2847","","781"
"2528","John Michael Faile","26","A+","CIN","","","1","","","","","1815","",""
"2529","Abraham Gaitan","22","A","CIN","","1815.8","4","796","","","1234","3645","","1588"
"2530","Jhonan Coba","19","CPX","DET","","","2","","","","","2703","","931"
"2531","Kai Wynyard","24","AA","TEX","","1817.6","4","","1719","","1087","3282","","1183"
"2532","Cale Lansville","23","A+","SFG","","","2","","1618","","","2019","",""
"2533","Hyun-il Choi","26","AAA","WSN","","","2","","2004","","","1633","",""
"2534","Blake Hammond","22","A","OAK","","1819.3","3","","1782","","1151","2525","",""
"2535","Jean Brito","20","CPX","NYM","","","2","","","","","2780","","866"
"2536","Irwin Ramirez","19","A","PIT","","1823.7","3","","","","","3223","799","1449"
"2537","Bryan Salgado","19","CPX","CIN","","","1","","","","","1825","",""
"2538","CJ Weins","25","AA","DET","","1825.3","4","","1737","","1453","2891","","1220"
"2539","Marlon Franco","23","CPX","SFG","","","2","","","","","3129","","522"
"2540","Angel Perdomo","32","MLB","ATH","","","1","","","","","1827","",""
"2541","Joephillip Guzman","19","CPX","BAL","","","1","","","","","1828","",""
"2542","Jose Ledesma","23","A","NYY","","","2","","","","1154","2503","",""
"2543","Johan Otanez","24","A+","WSN","","1828.8","3","","997","","1475","3015","",""
"2544","Andres Galan","22","A+","TBR","","1831.6","5","","1991","737","1375","3339","","1716"
"2545","Jeremiah Boyd","25","AA","ARI","","","1","","","","","1832","",""
"2546","Mason Erla","28","AAA","LAA","","","2","","1962","","","1703","",""
"2547","Will Robertson","28","AAA","CHW","","","1","","","","","1833","",""
"2548","Michael Cuevas","25","AAA","HOU","","1833.9","4","","1860","","1417","2266","","1793"
"2549","Tyler Morgan","25","A+","SDP","","","2","","1468","","","2206","",""
"2550","Juan De La Cruz","21","A+","MIA","","1836.9","4","","1943","","1186","2623","","1596"
"2551","Brayan Restituyo","24","A","ATH","","1837.6","4","","868","","1422","3476","","1585"
"2552","Zach Bryant","28","AA","TEX","","1838.2","3","","1884","","","2420","","1211"
"2553","Ivan Armstrong","25","AAA","WSN","","","2","","1429","","","2250","",""
"2554","Tyler Bowen","23","A","PHI","","","2","","","","1198","2481","",""
"2555","Alex Galvan","24","A","ARI","","","2","","","","1335","2347","",""
"2556","Jordan Holloway","30","MLB","CHC","","","2","","1797","","","1885","",""
"2557","Cole Waites","28","MLB","FA","","","1","","","","","1842","",""
"2558","A.J. Puckett","31","AAA","CHC","","","2","","1196","","","2491","",""
"2559","Seth Keener","24","A+","CHW","","1844.1","4","","1964","","1289","2532","","1592"
"2560","Chase Jessee","27","AAA","KCR","","","2","","","","","2221","","1469"
"2561","Leomar Rosario","23","A","HOU","","1845.3","4","","1289","","1460","3225","","1407"
"2562","Jorge Marcheco","23","AA","ATH","","1846.5","3","","1662","","1434","2444","",""
"2563","Travis Kuhn","28","AAA","TOR","","","2","","1240","","","2455","",""
"2564","Logan Berrier","25","A+","DET","","1847.5","4","","1994","","1368","2543","","1485"
"2565","Brandon Langley","21","A","SDP","","1848.7","3","","","","1308","2687","","1551"
"2566","Jake Miller","23","A+","CLE","","1850.4","4","","1947","","1362","2253","","1840"
"2567","Chandler Seagle","30","AAA","ATL","","","1","","","","","1851","",""
"2568","Stone Hewlett","24","A+","LAA","","","2","","","","1625","2079","",""
"2569","Haden Erbe","27","AA","DET","","","2","","785","","","2920","",""
"2570","Jack Walker","25","CPX","MIN","","","1","","","","","1854","",""
"2571","Will Koger","23","A+","SDP","","1854.7","3","","","","1291","2739","","1534"
"2572","Charlie Walker","22","A","SDP","","","1","","","","","1859","",""
"2573","Jake Gilbert","29","A+","CIN","","","1","","","","","1862","",""
"2574","Nick Maldonado","26","A+","MIA","","","1","","","","","1864","",""
"2575","Greiber Mendez","22","A","PIT","","1864.8","4","","1289","","1120","3379","","1671"
"2576","Derek True","25","AA","HOU","","","2","","1874","","","1858","",""
"2577","Luis Gonzalez","20","A","PHI","","","2","","","","","2749","","983"
"2578","Nick Trabacchi","27","A+","MIN","","1870.3","3","","1865","","","2451","","1295"
"2579","Evan Kravetz","29","MLB","CIN","","","2","","1565","","","2178","",""
"2580","Luis Angel Rodriguez","26","AAA","HOU","","","2","","1499","","","2255","",""
"2581","Jake Covey","24","CPX","MIN","","","1","","","","","1877","",""
"2582","Seth Clark","26","AA","TEX","","1877.5","3","","1189","","1618","2826","",""
"2583","Andy Basora","21","A","KCR","","1878.7","3","","","","1236","3136","","1264"
"2584","Juan Martinez","25","A+","KCR","","","2","","543","","","3215","",""
"2585","Devin Sweet","29","MLB","PHI","","1879.8","3","","1351","","","2541","","1748"
"2586","Adriano Marrero","18","CPX","LAD","","","1","","","","","1881","",""
"2587","Jose Dicochea","25","A+","ATH","","1881.3","4","","1806","","1437","3126","","1156"
"2588","Alessandro Ercolani","22","AA","PIT","","1882.1","4","","1962","","1320","2489","","1758"
"2589","Jack Carey","26","AAA","CLE","","1883.0","3","","1009","","","2948","","1692"
"2590","Javier Herrera","21","A","LAD","","","1","","","","","1883","",""
"2591","Barrett Kent","21","A","LAA","","","2","","1806","","","1965","",""
"2592","Aidan Maldonado","26","A+","MIL","","","2","","1106","","","2666","",""
"2593","Emmanuel Chapman","27","AA","PIT","","1886.0","3","","1549","","","2535","","1574"
"2594","Cam Brown","28","A+","HOU","","","2","","585","","","3188","",""
"2595","Christian Chamberlain","26","AAA","KCR","","","1","","","","","1888","",""
"2596","Samuel Perez","26","A+","MIN","","","2","","508","","","3269","",""
"2597","Franklyn Moreta","22","A","MIA","","1889.3","4","","","864","1464","3446","","1783"
"2598","Landon Tomkins","26","AAA","PIT","","1889.6","4","","1656","","1389","2718","","1796"
"2599","Donovan Benoit","27","AA","CIN","","","2","","1499","","","2281","",""
"2600","Anthony Karoly","22","A","SEA","","","1","","","","","1891","",""
"2601","Lluveres Severino","22","A","TOR","","1891.3","3","","","","1225","3399","","1050"
"2602","Junior Aybar","19","A","BAL","","","2","","","","1629","2155","",""
"2603","Robert Kwiatkowski","29","AAA","CHC","","","2","","1175","","","2611","",""
"2604","Carlos Tavera","27","AAA","BAL","","","2","","1748","","","2040","",""
"2605","Nick Lockhart","25","A+","TEX","","","1","","","","","1895","",""
"2606","Bjorn Johnson","21","A+","MIL","","1895.7","3","","1848","","1319","2520","",""
"2607","Justin Yeager","28","AAA","MIL","","1897.0","3","","1370","","","2390","","1931"
"2608","Jalen Evans","27","A+","DET","","","2","","","","","2467","","1329"
"2609","Jose Lopez","22","A","NYM","","1899.7","3","","","","","3529","833","1337"
"2610","Justin DeCriscio","23","A","SDP","","","1","","","","","1900","",""
"2611","Luis Alvarez","23","A","NYM","","","2","","","","1155","2645","",""
"2612","Starlin Mieses","18","CPX","BAL","","","1","","","","","1901","",""
"2613","Chance Huff","26","AA","WSN","","1902.5","4","","1865","","1316","2859","","1570"
"2614","Livan Reinoso","27","AA","MIA","","1902.5","3","","1264","","","3041","","1403"
"2615","Jay Allmer","24","AA","BOS","","1903.3","6","1056","2102","","1519","3861","940","1942"
"2616","Jhon Rosario","21","A","CHC","","1903.3","3","1046","","","1253","3411","",""
"2617","Luis Rujano","23","AA","CHC","","1904.1","4","","1765","","1402","2906","","1544"
"2618","Bryce Collins","26","A+","HOU","","1904.3","3","","1478","","1542","2693","",""
"2619","Manuel Colon","19","CPX","KCR","","","1","","","","","1905","",""
"2620","Ray Gaither","28","AAA","HOU","","","2","","1378","","","2434","",""
"2621","Kaden Echeman","23","A","STL","","1907.3","3","","","","1271","3050","","1401"
"2622","Kenny Leiner","24","A","BAL","","1907.8","4","","1422","","1413","3187","","1609"
"2623","Grayson Thurman","27","AA","TOR","","","2","","946","","","2870","",""
"2624","Ryan Watson","27","AA","TOR","","","2","","2097","","","1723","",""
"2625","Adam Tulloch","25","AA","CLE","","1910.0","3","","1820","","1380","2530","",""
"2626","Jose Contreras","21","A","TBR","","","1","","","","","1910","",""
"2627","Hayden Cuthbertson","22","A+","MIA","","","2","","","","1373","2449","",""
"2628","Jacob Widener","25","A+","KCR","","","2","","","","1626","2196","",""
"2629","Carlos Romero","26","AAA","WSN","","","2","","1255","","","2568","",""
"2630","Luis Flores","22","A+","CLE","","1911.4","4","","1889","","1409","2487","","1861"
"2631","Colby Langford","24","A+","HOU","","1915.1","4","","1601","","1406","2947","","1707"
"2632","Raul Garayzar","23","A","ARI","","1916.0","4","1010","","","1426","3712","","1516"
"2633","Caleb Freeman","28","MLB","TOR","","","2","","1145","","","2691","",""
"2634","Angel Macuare","26","AAA","MIN","","","2","","1757","","","2080","",""
"2635","Nick Raposo","28","AA","SEA","","","1","","","","","1919","",""
"2636","Jose Adames","33","AAA","BOS","","","1","","","","","1921","",""
"2637","Shane Rademacher","25","AA","SFG","","1921.5","4","","2065","","1160","3037","","1424"
"2638","Angelo Smith","22","A+","LAA","","","2","","","","1203","2641","",""
"2639","Bayden Root","27","AA","MIL","","","2","","1027","","","2817","",""
"2640","Kamren James","26","AA","TBR","","","1","","","","","1922","",""
"2641","Kyle DeGroat","20","A","KCR","","1922.8","4","","","","1573","3640","892","1586"
"2642","Andrew Jenkins","25","AA","DET","","","1","","","","","1923","",""
"2643","Angel Perez","22","A","CLE","","1923.5","4","","1673","","1315","3002","","1704"
"2644","Nick Fraze","28","AAA","SEA","","","2","","1768","","","2082","",""
"2645","Josue Gonzalez","22","A","NYY","","","1","","","","","1929","",""
"2646","Victor Santos","25","AAA","STL","","","2","","1923","","","1936","",""
"2647","Euri Montero","24","A+","WSN","","1930.6","4","","1860","","1294","3367","","1202"
"2648","Carson Swilling","24","A","SDP","","1931.0","3","","","","1451","2759","","1583"
"2649","Juan Gonzalez","25","A+","CHW","","","1","","","","","1931","",""
"2650","Wander Guante","26","AAA","OAK","","","2","","1214","","","2649","",""
"2651","Sann Omosako","20","CPX","TOR","","","2","","","","","2972","","891"
"2652","Nick Schwartz","25","A+","OAK","","","1","","","","","1932","",""
"2653","Jhon Medina","20","A","COL","","1933.5","4","886","","","1446","3505","","1897"
"2654","Dan Altavilla","33","MLB","FA","","1933.8","3","","2041","","","1904","","1857"
"2655","Dustin Dickerson","25","AA","KCR","","","1","","","","","1934","",""
"2656","Kyle Scott","24","A+","CLE","","","2","","940","","","2928","",""
"2657","Hudson Head","25","AA","PIT","","","1","","","","","1935","",""
"2658","Joseph Yabbour","22","A+","CHW","","","2","","1131","","","2743","",""
"2659","Ryan Forcucci","23","A","HOU","","1937.0","3","","","","1614","3311","886",""
"2660","Ramsey David","25","AA","HOU","","1937.5","4","","1700","","1390","2849","","1811"
"2661","Wes Kath","23","A+","CHW","","","1","","","","","1939","",""
"2662","Christian Lopez","19","CPX","CIN","","","1","","","","","1940","",""
"2663","Pedro Santos","26","AAA","OAK","","","2","","1192","","","2692","",""
"2664","Carlos Martorella","19","CPX","COL","","","2","","","","","3064","","820"
"2665","Adrian Herrera","21","A","CIN","","","2","","1848","","","2039","",""
"2666","Mitchell Tyranski","28","AA","CHC","","","2","","816","","","3075","",""
"2667","Raimon Gomez","24","A+","BAL","","","1","","","","","1947","",""
"2668","Eccel Correa","23","AA","BAL","","1948.1","4","","1778","","1174","3040","","1801"
"2669","Reid Johnston","27","AA","CLE","","","2","","","","","2583","","1314"
"2670","Adrian Rodriguez","22","A+","ARI","","","1","","","","","1949","",""
"2671","Dennis Colleran Jr.","22","AA","KCR","","1949.9","4","","1830","","1495","2562","","1913"
"2672","Stephen Quigley","26","A+","CIN","","1952.5","4","","1834","","1408","2804","","1764"
"2673","Josh Mollerus","26","AA","TEX","","","2","","696","","","3210","",""
"2674","Michael Salina","22","CPX","SDP","","","1","","","","","1953","",""
"2675","Will Varmette","23","A+","SDP","","1953.4","4","","1778","","1395","3057","","1584"
"2676","Cole Cheatham","22","A","SEA","","","2","","","","1248","2659","",""
"2677","Mason Albright","23","AAA","COL","","","2","","2001","","","1907","",""
"2678","Jay Schueler","25","A+","TOR","","1954.8","4","","1649","","1229","3500","","1441"
"2679","Owen Kellington","23","A+","PIT","","1956.3","3","","","","1384","2819","","1666"
"2680","Manuel Urias","25","AA","HOU","","","2","","1940","","","1980","",""
"2681","Austin Smith","27","AA","COL","","1960.0","3","","1649","","","2835","","1396"
"2682","Davison Palermo","26","AA","COL","","1960.3","3","","1610","","","2576","","1695"
"2683","Kevin Kopps","29","AAA","SDP","","","2","","1549","","","2374","",""
"2684","Tyler Cleveland","26","AA","SEA","","1962.7","3","","1737","","","2371","","1780"
"2685","Andrew Misiaszek","28","AAA","CLE","","","1","","","","","1964","",""
"2686","Griffin Green","25","A","CIN","","","2","","","","1587","2341","",""
"2687","Cesar De Jesus","22","A","TBR","","","2","","","","1042","2889","",""
"2688","Kannon Kemp","21","A+","SDP","","","2","","1848","","","2084","",""
"2689","Jesus Cruz","31","MLB","LAA","","","1","","","","","1968","",""
"2690","Bryce Eblin","24","A","CHW","","","1","","","","","1972","",""
"2691","Nick Conte","24","A+","KCR","","1972.8","4","","1681","","1466","2955","","1789"
"2692","Daniel Lloyd","25","AA","BAL","","1973.5","4","","1936","","1351","2949","","1658"
"2693","RJ Shunck","22","A+","MIA","","","1","","","","","1974","",""
"2694","Jhoster Baez","21","A+","HOU","","1974.3","3","","","","1582","3028","","1313"
"2695","Deivy Cruz","22","A+","BAL","","","2","","820","","","3130","",""
"2696","German Fajardo","25","A","SEA","","1975.8","3","","1240","","1435","3253","",""
"2697","Nathan Hall","22","CPX","NYM","","","1","","","","","1976","",""
"2698","Jackson Lancaster","27","AA","TBR","","1976.3","3","","1806","","","2278","","1845"
"2699","Neiker Palacios","19","CPX","ARI","","","1","","","","","1977","",""
"2700","Humberto Cruz","19","A","SDP","","","1","","","","","1978","",""
"2701","Kleiber Olmedo","21","A+","SDP","","1980.9","4","","1492","","1474","3081","","1877"
"2702","Sam Ryan","27","AA","MIN","","1981.0","3","","1820","","","2302","","1821"
"2703","Will Mabrey","25","AA","ARI","","","1","","","","","1981","",""
"2704","Donye Evans","24","A","DET","","","2","","","","1262","2702","",""
"2705","Zane Russell","26","AA","ARI","","1983.5","3","","1642","","1470","2839","",""
"2706","Aaron Rund","27","A+","MIL","","","2","","1058","","","2910","",""
"2707","Roberto Pena","18","CPX","NYM","","","1","","","","","1984","",""
"2708","Nicolas De La Cruz","20","A","BOS","","1984.9","4","","1656","","1346","3398","","1540"
"2709","Mariano Salomon","23","A","NYY","","","1","","","","","1989","",""
"2710","Adonis Villavicencio","25","A+","TEX","","","2","","1468","","","2512","",""
"2711","Conor Grammes","28","AAA","ARI","","","2","","1342","","","2639","",""
"2712","Anthony Patterson III","25","A","CHW","","1990.7","3","","","","1381","2894","","1697"
"2713","Noah Song","29","AAA","PHI","","1993.3","3","","2048","","","2041","","1891"
"2714","Ryan Minckler","23","A","WSN","","1994.6","4","","1468","","1438","3603","","1470"
"2715","Frank Cairone","18","CPX","MIL","","","1","","","","","1995","",""
"2716","Aaron Nixon","24","A+","NYY","","","2","","1189","","","2802","",""
"2717","Yosweld Vasquez","21","A","HOU","","","1","","","","","1996","",""
"2718","Accimias Morales","21","A+","LAD","","1996.3","3","","","","1378","2878","","1733"
"2719","Nathanael Heredia","25","AA","STL","","","2","","946","","","3048","",""
"2720","Conner Whittaker","23","A+","CLE","","","2","","1208","","","2787","",""
"2721","Owen Puk","23","A","WSN","","","1","","","","","1998","",""
"2722","Andrew Quezada","29","AAA","COL","","","2","","2114","","","1884","",""
"2723","Nick Morreale","28","AA","SFG","","","2","","1145","","","2853","",""
"2724","Eli Villalobos","29","MLB","DET","","","1","","","","","1999","",""
"2725","Omar Gonzalez","20","CPX","NYY","","","2","","","","","3343","","657"
"2726","Nick Payero","26","AAA","SEA","","","2","","1768","","","2233","",""
"2727","Seamus Barrett","25","A+","LAD","","","2","","","","1382","2619","",""
"2728","Adrian Belen","21","CPX","KCR","","","2","","","","","3298","","705"
"2729","Jared Kollar","27","AAA","SDP","","","2","","1673","","","2331","",""
"2730","Felix Cepeda","25","AA","NYM","","","2","","1330","","","2676","",""
"2731","Hayden Gilliland","24","A+","TOR","","","1","","","","","2008","",""
"2732","Chipper Menard","24","A","BAL","","","1","","","","","2009","",""
"2733","Eduardo Herrera","26","AAA","NYM","","","2","","713","","","3306","",""
"2734","Gerlin Rosario","24","A+","ATH","","2010.6","4","","1656","","1493","3059","","1835"
"2735","Griffin Tobias","20","A","MIL","","","1","","","","","2012","",""
"2736","Jake McSteen","30","AA","ATL","","","2","","1630","","","2396","",""
"2737","Harry Genth","23","A+","MIN","","","1","","","","","2014","",""
"2738","Edinson Batista","24","A+","TOR","","","2","","1322","","","2707","",""
"2739","Trey Dillard","27","A+","SFG","","","2","","1454","","","2579","",""
"2740","Jesus Oliveira","21","CPX","KCR","","","2","","","","","3443","","590"
"2741","Alexander Fuentes","21","CPX","SFG","","","1","","","","","2021","",""
"2742","Logan Boyer","28","AAA","LAD","","","2","","1618","","","2424","",""
"2743","Yander Pinero","19","CPX","ATL","","","2","","","","","2824","","1221"
"2744","Hunter Hayes","25","AA","STL","","2023.4","4","","1775","","1504","2923","","1892"
"2745","Danny Kirwin","26","AA","BOS","","2025.5","4","","1790","","1480","3045","","1787"
"2746","Jose Varela","21","A","HOU","","2026.0","3","","","","1260","3141","","1677"
"2747","Luis Maracara","18","A","SDP","","","1","","","","","2026","",""
"2748","Hayden Wynja","27","A+","SFG","","","1","","","","","2027","",""
"2749","Erick Batista","20","CPX","SDP","","","2","","","","","3452","","606"
"2750","Josehp Marte","21","CPX","LAD","","","1","","","","","2030","",""
"2751","Sebastian Keane","25","AA","NYY","","","2","","1050","","","3010","",""
"2752","Davidxon Lara","19","A","LAA","","","1","","","","","2031","",""
"2753","Konner Piotto","28","AAA","TEX","","","1","","","","","2032","",""
"2754","Derek Munoz","18","CPX","CLE","","","2","","","","","2805","","1265"
"2755","Robert Dominguez","24","A","NYM","","","1","","","","","2035","",""
"2756","Eudry Alcantara","21","A","CLE","","2036.0","4","","2015","","1295","3704","","1130"
"2757","Paul Witt","28","AAA","WSN","","","1","","","","","2036","",""
"2758","Jordan Carr","28","AA","HOU","","2038.4","4","1016","2097","","","3218","","1823"
"2759","Alec Barger","28","AA","COL","","","2","","1283","","","2794","",""
"2760","Chase Mobley","20","A","CLE","","2038.5","4","","","899","1550","3765","","1940"
"2761","Jordany Ventura","25","AA","NYY","","","2","","1058","","","3020","",""
"2762","Misael Tamarez","26","AAA","SDP","","2040.5","3","","1454","","","2816","","1852"
"2763","William Fleming","27","AAA","MIN","","2040.7","3","","1899","","","2473","","1750"
"2764","Grant Judkins","28","A+","OAK","","","2","","1855","","","2228","",""
"2765","Dylan Lesko","22","A+","TBR","","2043.3","4","","2121","","1430","3261","","1361"
"2766","Adrian Heredia","21","A","BAL","","2043.3","3","","","","1333","3067","","1730"
"2767","Grayson Hitt","24","A+","ARI","","2043.7","3","","1536","","1539","3056","",""
"2768","Ricardo Genoves","27","AA","TBR","","","1","","","","","2047","",""
"2769","Cristian Hernandez","21","CPX","MIN","","","2","","","","","2782","","1321"
"2770","Angel Garcia","19","CPX","BAL","","","1","","","","","2052","",""
"2771","Fraymi De Leon","21","A","BOS","","","1","","","","","2053","",""
"2772","Michael Martinez","26","AA","MIN","","","2","","884","","","3224","",""
"2773","Claudio Estelie","22","CPX","PIT","","","2","","","","","3321","","787"
"2774","Julian Bosnic","26","A+","PIT","","","2","","790","","","3319","",""
"2775","Reynaldo Yean","22","A+","LAD","","2055.5","3","","1855","","1545","2767","",""
"2776","Cade Citelli","24","A+","TBR","","2056.2","3","","1525","","1483","3161","",""
"2777","Danny Wilkinson","25","A+","PHI","","","1","","","","","2057","",""
"2778","Willy Vasquez","24","AAA","BAL","","","1","","","","","2058","",""
"2779","Augusto Calderon","25","A+","PHI","","","2","","868","","","3249","",""
"2780","Addison Kopack","24","A+","SDP","","","1","","","","","2059","",""
"2781","Sean Harney","27","AA","NYM","","","2","","1196","","","2924","",""
"2782","Zavier Warren","27","AA","MIL","","","1","","","","","2060","",""
"2783","Luke Kovach","23","CPX","TOR","","","1","","","","","2061","",""
"2784","Jake Eddington","25","A+","PHI","","2062.1","4","","1855","","1502","3346","","1546"
"2785","Aaron Savary","21","A","CLE","","","2","","","","1256","2872","",""
"2786","Carlos Cauro","21","A","HOU","","","1","","","","","2064","",""
"2787","Elvis Novas","23","A","KCR","","","2","","1009","","","3121","",""
"2788","Graham Osman","25","A+","CIN","","2065.4","4","","1752","","1486","3152","","1872"
"2789","Brooks Crawford","29","AAA","CIN","","","2","","1218","","","2914","",""
"2790","Garrett Pennington","25","A","DET","","","1","","","","","2066","",""
"2791","Bryan Rivera","21","A+","MIL","","2067.2","3","","1693","","1491","3018","",""
"2792","M.D. Johnson","28","AA","MIA","","","2","","1947","","","2188","",""
"2793","Antonio Gomez","24","A","NYY","","","1","","","","","2068","",""
"2794","Ryan Miller","30","MLB","DET","","2068.7","3","","2061","","","2236","","1909"
"2795","Miguel Gomez","24","AA","WSN","","","2","","1351","","","2788","",""
"2796","Xavier Ruiz","23","A+","SDP","","","2","","906","","","3236","",""
"2797","Franck De La Rosa","26","A+","PIT","","","1","","","","","2071","",""
"2798","Jose T. Perez","22","A","SFG","","","2","","","","","3274","","870"
"2799","Jesus Colina","21","CPX","CIN","","","1","","","","","2073","",""
"2800","Joel Cruz","22","CPX","LAD","","","2","","","","","3317","","830"
"2801","Brendan Hardy","26","AAA","COL","","","1","","","","","2075","",""
"2802","Orlando Gonzalez","23","A","PHI","","","2","","1027","","","3123","",""
"2803","Xavier Meachem","23","AA","MIA","","","2","","1322","","","2828","",""
"2804","Moises Amezquita","21","CPX","KCR","","","2","","","","","3466","","685"
"2805","Sam Brodersen","24","A+","WSN","","","2","","1264","","","2892","",""
"2806","Zane Morehouse","26","AA","CLE","","","2","","2019","","","2137","",""
"2807","Luke Savage","24","A+","TEX","","2078.3","4","","1908","","1400","3280","","1725"
"2808","Tyler Myrick","28","AAA","SFG","","","2","","1422","","","2735","",""
"2809","Magdiel Cotto","24","A+","PIT","","","2","","713","","","3445","",""
"2810","Richard Fernandez","23","A","ATH","","2079.3","3","","","","1538","3157","","1543"
"2811","Max Gieg","25","AA","LAA","","2079.4","4","","2001","","1487","3233","","1597"
"2812","Jorge Benitez","27","AAA","BOS","","","2","","1185","","","2975","",""
"2813","Fidel Montero","22","CPX","NYY","","","2","","","","","3119","","1044"
"2814","Hunter Omlid","26","A+","COL","","2082.1","4","","2019","","1472","3189","","1649"
"2815","Sam Whiting","25","AA","SEA","","2082.5","3","","2011","","1311","2926","",""
"2816","Wilker Reyes","24","A+","MIN","","","2","","1370","","","2798","",""
"2817","Bubba Hall","26","A+","WSN","","","2","","696","","","3473","",""
"2818","Cayne Ueckert","30","AAA","CHC","","","2","","1595","","","2575","",""
"2819","Wily Villar","27","A","TEX","","","2","","","","","3200","","970"
"2820","Ettore Giulianelli","23","A","CLE","","","2","","","","1412","2761","",""
"2821","Dariel Francia","19","A","PIT","","","2","","","","1442","2734","",""
"2822","Enyel Lopez","20","A","TEX","","","2","","","","","2436","","1740"
"2823","Jesus Montiel","19","CPX","PHI","","","1","","","","","2088","",""
"2824","Layonel Ovalles","23","A+","NYM","","","2","","1017","","","3160","",""
"2825","Anthony Watts","22","A","STL","","","2","","","","1207","2973","",""
"2826","Johan Macias","23","A+","LAA","","","1","","","","","2091","",""
"2827","Brandon Cain","21","A","PIT","","2093.0","3","","","","1306","3402","","1571"
"2828","Ramon Sanchez","24","A","MIA","","2094.3","3","","","","1478","3493","","1312"
"2829","P.J. Labriola","25","AA","BOS","","2094.9","4","","1916","","1445","3109","","1910"
"2830","Billy Sullivan","27","AAA","ATH","","","1","","","","","2096","",""
"2831","Ryan Brown","25","AAA","ATH","","2096.0","3","","2080","","1461","2747","",""
"2832","Geison Urbaez","25","AA","TOR","","2096.8","4","","1806","","1427","3332","","1822"
"2833","Victor Morales","24","AA","ARI","","","2","","1240","","","2954","",""
"2834","Bobby Milacki","29","AAA","TOR","","","2","","1499","","","2697","",""
"2835","Yovanny Cabrera","25","A+","CHC","","","2","","1150","","","3054","",""
"2836","Jeral Vizcaino","24","A","CHC","","","2","","1161","","","3043","",""
"2837","Ethan Hammerberg","25","A","CHW","","","1","","","","","2103","",""
"2838","Tommy Romero","28","MLB","SFG","","","2","","1855","","","2357","",""
"2839","Dillon Stiltner","19","CPX","NYM","","","1","","","","","2108","",""
"2840","Jorge Juan","27","AA","BOS","","","2","","2030","","","2187","",""
"2841","Ryan Middendorf","28","AAA","MIL","","","2","","1667","","","2550","",""
"2842","Jose Sanabria","23","A+","SDP","","","1","","","","","2110","",""
"2843","Eminen Flores","23","A+","TOR","","2110.5","3","","1943","","1208","3181","",""
"2844","Drew Ehrhard","27","AA","BOS","","","1","","","","","2111","",""
"2845","David Matoma","20","A","PIT","","2112.8","3","","2054","","1512","2773","",""
"2846","Rowdey Jordan","27","AA","HOU","","","1","","","","","2113","",""
"2847","Dylan Simmons","25","A+","CIN","","2113.3","3","","1797","","1469","3074","",""
"2848","Mark Adamiak","25","AA","ATH","","","2","","1283","","","2944","",""
"2849","Ryan Sublette","27","AAA","LAD","","","2","","1812","","","2419","",""
"2850","Hunter Alberini","24","A+","KCR","","","2","","","","1499","2737","",""
"2851","Phillip Sikes","27","AAA","BOS","","","1","","","","","2118","",""
"2852","Jose Garces","22","A+","PIT","","2118.4","4","","1693","","1354","3632","","1795"
"2853","Jake Christianson","26","AA","MIA","","","2","","1649","","","2592","",""
"2854","Allan Hernandez","25","AA","CLE","","","2","","897","","","3347","",""
"2855","Tommy Case","18","CPX","LAD","","","1","","","","","2122","",""
"2856","Paxton Thompson","26","A+","TEX","","","2","","1478","","","2768","",""
"2857","Sergio Tapia","23","A","DET","","","1","","","","","2123","",""
"2858","Case Matter","24","A+","TEX","","","2","","","","1407","2842","",""
"2859","Nick Weyrich","23","A","CHW","","2124.7","3","","","","1385","3176","","1813"
"2860","Dalton Roach","30","AAA","CHW","","","2","","1626","","","2624","",""
"2861","Brayan Palencia","23","A+","SFG","","2125.0","4","","1959","","1447","3277","","1817"
"2862","Luiyin Alastre","20","A+","MIL","","","1","","","","","2126","",""
"2863","Rafael Gonzalez","21","A","HOU","","2127.7","3","","2055","","","3380","948",""
"2864","Chaily Ramirez","21","CPX","CHC","","","2","","","","","3369","","888"
"2865","Trevor Long","25","A","SEA","","","1","","","","","2130","",""
"2866","Pedro Rodriguez","23","A","NYY","","","2","","","","1310","2951","",""
"2867","Keeler Morfe","20","A","BAL","","","1","","","","","2131","",""
"2868","Jesus Rios","24","A+","KCR","","2131.3","4","","2075","","1448","3165","","1837"
"2869","Indigo Diaz","27","AA","NYY","","","2","","1549","","","2719","",""
"2870","KK Clark","21","CPX","BAL","","","1","","","","","2135","",""
"2871","Roiger Mujica","20","CPX","LAD","","","1","","","","","2138","",""
"2872","Kade Woods","23","A","ATL","","","2","","","","1391","2887","",""
"2873","Jake Peppers","24","A+","CHW","","2141.5","4","","1700","","1507","3460","","1899"
"2874","Riskiel Tineo","23","AAA","MIA","","","2","","1610","","","2673","",""
"2875","Ian Bedell","26","AAA","STL","","","2","","2068","","","2216","",""
"2876","Gabe Starks","24","A","CIN","","","2","","968","","","3318","",""
"2877","Juanyerlin Duran","18","CPX","BOS","","","1","","","","","2144","",""
"2878","Jaycob Deese","26","AA","PIT","","2144.4","4","","2110","","1401","3164","","1903"
"2879","Luis German","24","A+","SDP","","2145.9","4","","2007","","1534","3195","","1848"
"2880","Jacob Weaver","23","CPX","WSN","","","1","","","","","2149","",""
"2881","Mike Villani","23","A","CIN","","2149.0","3","","","","1329","3485","","1633"
"2882","Manuel Beltre","22","A","TOR","","","1","","","","","2150","",""
"2883","Jake Fitzgibbons","24","A+","ARI","","","2","","1071","","","3231","",""
"2884","Cannon Pickell","23","A+","MIA","","","2","","","","1479","2823","",""
"2885","Zach Arnold","25","A+","PHI","","","1","","","","","2151","",""
"2886","Luis Pacheco","27","AAA","NYY","","","2","","1580","","","2723","",""
"2887","Cory Ronan","24","A+","KCR","","2151.3","3","","","","1490","3094","","1870"
"2888","Benjamin Arias","24","A+","STL","","","2","","990","","","3313","",""
"2889","Randy Labaut","29","AAA","PIT","","","2","","1693","","","2613","",""
"2890","Mat Olsen","25","AA","SFG","","","1","","","","","2156","",""
"2891","Michael Dominguez","25","AA","TOR","","","2","","1923","","","2393","",""
"2892","Jeferson Villabona","25","A+","SDP","","","2","","","","1405","2913","",""
"2893","Tanner Hall","24","A+","MIN","","","2","","1610","","","2712","",""
"2894","Christian Astudillo","19","CPX","BAL","","","1","","","","","2163","",""
"2895","Matthew DesMarets","22","A","MIN","","2164.7","3","","","","1449","3334","","1711"
"2896","Daniel Nunez","23","A+","ARI","","2167.0","3","","1865","","1520","3116","",""
"2897","Kyle Hess","27","A+","MIN","","","1","","","","","2169","",""
"2898","Michael De La Cruz","19","CPX","TOR","","","1","","","","","2170","",""
"2899","Casey Steward","24","A+","PHI","","","2","","1370","","","2978","",""
"2900","Jhosmer Alvarez","25","AA","ARI","","","2","","1429","","","2922","",""
"2901","Carlton Perkins","23","A","CHW","","","2","","1681","","","2670","",""
"2902","Carlo Reyes","27","AA","CHC","","","1","","","","","2176","",""
"2903","Denny Larrondo","24","A+","ARI","","","2","","1515","","","2838","",""
"2904","Ethan Schiefelbein","20","CPX","DET","","","1","","","","","2177","",""
"2905","Emilio Barreras","22","A","MIA","","","1","","","","","2179","",""
"2906","Tres Gonzalez","25","AA","PIT","","","1","","","","","2181","",""
"2907","Michael Mariot","37","MLB","SEA","","","2","","1985","","","2378","",""
"2908","Jefferson Valladares","24","A","MIN","","","1","","","","","2182","",""
"2909","Jose Luis Reyes","23","A+","SDP","","","2","","1903","","","2468","",""
"2910","Jacob Cravey","24","A+","BAL","","2187.5","4","","1630","","1511","3750","","1859"
"2911","Cooper McGrath","25","A","SFG","","2188.3","3","","","","1481","3527","","1557"
"2912","Seojun Moon","19","CPX","TOR","","","2","","","","","2979","","1398"
"2913","Leonardo Rossell","21","CPX","DET","","","1","","","","","2191","",""
"2914","Luis Lameda","20","A","MIL","","","2","","","","1589","2793","",""
"2915","Cameron Pferrer","27","AAA","SFG","","","2","","1725","","","2658","",""
"2916","Alberto Mota","23","A","TEX","","","1","","","","","2192","",""
"2917","Henry Cone","23","A","CHC","","","2","","","","1485","2903","",""
"2918","Javier Bartolozzi","21","A","LAD","","2195.0","3","","","","1367","3599","","1619"
"2919","Itsuki Takemoto","22","A","OAK","","2196.0","3","","","","1489","3197","","1902"
"2920","Adam Boucher","24","A+","WSN","","2196.1","4","","1878","","1529","3494","","1884"
"2921","Jason Shockley","23","A","BAL","","","2","","","","1318","3076","",""
"2922","D.J. Carpenter","26","AA","STL","","2197.5","3","","2035","","","2959","","1599"
"2923","Marco Eluscat","19","CPX","SDP","","","1","","","","","2199","",""
"2924","Eliezer Pena","20","CPX","COL","","","2","","","","","3174","","1225"
"2925","Hunter Stovall","29","AA","TBR","","","1","","","","","2201","",""
"2926","Samuel Vasquez","26","AA","MIA","","2201.2","3","","1642","","1586","3376","",""
"2927","Diego Dominguez","21","A","TOR","","2202.0","3","","","","1419","3448","","1739"
"2928","Jholbran Herder","21","A","LAD","","2202.1","4","","2057","","1468","3597","","1687"
"2929","Graysen Tarlow","24","A+","STL","","","1","","","","","2203","",""
"2930","Ethan Sloan","23","A+","DET","","2204.8","3","","1642","","1482","3491","",""
"2931","Mason McConnaughey","22","CPX","TEX","","","1","","","","","2205","",""
"2932","Austin Testerman","24","CPX","CLE","","","1","","","","","2207","",""
"2933","Darwin Rodriguez","21","A","MIA","","","1","","","","","2208","",""
"2934","Adolfo Miranda","19","CPX","NYM","","","1","","","","","2211","",""
"2935","Ronaldo Gallo","25","CPX","PIT","","","1","","","","","2212","",""
"2936","Randy Ramnarace","21","A","KCR","","2214.7","3","","","","1462","3405","","1777"
"2937","Jose Geraldo","27","AA","SDP","","","2","","1411","","","3027","",""
"2938","William Silva","24","A+","ATL","","","2","","1486","","","2958","",""
"2939","Jake Bockenstedt","26","AA","CHW","","2222.2","3","","1916","","","3112","","1639"
"2940","Beau Philip","27","AA","TOR","","","1","","","","","2223","",""
"2941","Dominic Scheffler","21","A","CIN","","2223.3","3","","","","1467","3273","","1930"
"2942","Jake Jekielek","23","A","TEX","","2224.9","4","","1985","","1484","3558","","1873"
"2943","Frenny Grant","22","CPX","DET","","","2","","","","","3545","","907"
"2944","Hunter Kublick","22","A","STL","","","2","","1865","","","2589","",""
"2945","Nick Richmond","28","AAA","BAL","","","2","","1834","","","2622","",""
"2946","Austin Murr","27","AA","PHI","","","1","","","","","2229","",""
"2947","Yeri Perez","21","A","KCR","","2229.1","4","","1974","","1543","3459","","1941"
"2948","Ben Ramirez","27","AA","SEA","","","1","","","","","2230","",""
"2949","Jorge Nunez","18","CPX","ATL","","","1","","","","","2231","",""
"2950","Wilfred Alvarado","20","A","ATH","","","2","","","","1590","2873","",""
"2951","Carter Holjes","25","CPX","MIN","","","2","","","","","3403","","1062"
"2952","Josh Blum","23","A+","NYM","","","2","","1248","","","3220","",""
"2953","Tony Gonzalez","22","CPX","PIT","","","1","","","","","2235","",""
"2954","Hamlet Garcia","20","CPX","MIA","","","2","","","","","3083","","1388"
"2955","Joseph Herrera","20","A","SDP","","2236.3","3","","","","1411","3484","","1814"
"2956","Karl Kauffmann","28","MLB","COL","","","2","","2116","","","2359","",""
"2957","Giomar Diaz","23","A+","ATL","","","2","","1342","","","3134","",""
"2958","Dustin Saenz","27","AAA","TEX","","","2","","1964","","","2513","",""
"2959","Ben DeTaeye","25","A+","TEX","","","1","","","","","2239","",""
"2960","Deiker Pineda","20","CPX","TOR","","","2","","","","","3507","","971"
"2961","Peyton Powell","25","A+","TOR","","","1","","","","","2240","",""
"2962","Samuel Savinon","19","CPX","LAD","","","1","","","","","2243","",""
"2963","Gabriel Aguilera","25","A+","CIN","","","2","","1531","","","2957","",""
"2964","J.J. Niekro","28","AA","ATL","","","1","","","","","2244","",""
"2965","Jatnk Diaz","21","A","DET","","2244.7","3","","","","1349","3521","","1864"
"2966","Cal Riehl","23","A","SDP","","","2","","","","1439","3051","",""
"2967","J.P. Massey","26","A+","PIT","","","2","","1240","","","3251","",""
"2968","Adam Bates","20","A+","BOS","","2245.4","4","","2130","","1220","3713","","1919"
"2969","Brandon Herbold","21","A","KCR","","","2","","","","1342","3151","",""
"2970","Renil Ramos","20","CPX","CLE","","","1","","","","","2247","",""
"2971","Edwin Nunez","24","AA","STL","","2247.5","3","","2114","","1494","3135","",""
"2972","Ryan Mathiesen","23","A","HOU","","2249.0","3","","","","1455","3587","","1705"
"2973","Julio Rosario","23","A","KCR","","","2","","1058","","","3441","",""
"2974","Jared Beck","25","A+","WSN","","2249.9","4","","1878","","1548","3727","","1847"
"2975","Jacob Shafer","24","A+","ATL","","2251.0","4","","2111","","1496","3463","","1934"
"2976","Xiomer Guacache","22","A","DET","","2253.3","3","","","","1599","3762","","1399"
"2977","Kaiden Wilson","22","A","MIA","","","1","","","","","2254","",""
"2978","Nate Wohlgemuth","25","A+","HOU","","","2","","","","1518","2997","",""
"2979","Roel Garcia III","27","AAA","TBR","","2257.5","3","","2078","","","2857","","1838"
"2980","Fernando Vasquez","24","A","SFG","","2257.7","3","","","","1524","3574","","1675"
"2981","Matthew Linskey","24","A+","HOU","","","1","","","","","2258","",""
"2982","Luis Espinoza","19","CPX","BAL","","","1","","","","","2259","",""
"2983","Blake Cederlind","30","AA","ARI","","","1","","","","","2260","",""
"2984","Nick Wissman","25","A+","SDP","","","2","","1730","","","2790","",""
"2985","Carter Dorighi","23","A","SEA","","","1","","","","","2263","",""
"2986","Sean Barnett","23","A+","SDP","","2264.7","3","","","","1498","3464","","1832"
"2987","Maikel Hernandez","23","A","STL","","","1","","","","","2265","",""
"2988","Nicholas Regalado","24","AA","KCR","","","2","","1667","","","2864","",""
"2989","Santiago Rojas","19","CPX","MIN","","","2","","","","","2852","","1680"
"2990","Josh Timmerman","23","A+","MIL","","","2","","1468","","","3072","",""
"2991","Dalvin Rosario","26","A","CIN","","","1","","","","","2270","",""
"2992","Zach Harris","22","A","COL","","","1","","","","","2271","",""
"2993","Noah Palmese","22","A","TOR","","2272.0","3","","","","1564","3685","","1567"
"2994","J.D. Hennen","23","A","BAL","","","2","","","","1454","3091","",""
"2995","Connor Housley","24","A+","CHW","","","1","","","","","2273","",""
"2996","Kaden Hollow","25","A+","SDP","","","1","","","","","2274","",""
"2997","Victor Torres","25","AA","MIL","","","1","","","","","2275","",""
"2998","Kevin Davis","27","A","WSN","","","1","","","","","2276","",""
"2999","Nien-Hsi Yang","19","CPX","SFG","","","1","","","","","2279","",""
"3000","Jonathan Stevens","22","A","MIN","","2280.7","3","","","","1339","3618","","1885"
"3001","Miguel Toscano","20","CPX","TBR","","","2","","","","","3262","","1301"
"3002","Chase Adkison","26","A+","STL","","","1","","","","","2282","",""
"3003","Felix Ramires","26","A+","COL","","","2","","1202","","","3363","",""
"3004","Choyce Diffey","23","A","CHW","","","2","","","","1410","3156","",""
"3005","Jhon Reyes","22","A","KCR","","2284.3","3","","","","1443","3583","","1827"
"3006","Joe Nahas","26","AA","CHC","","","2","","1706","","","2863","",""
"3007","Yoan Valdez","20","A","DET","","","2","","","","1581","2988","",""
"3008","Weston Eberly","25","A+","CHW","","","1","","","","","2285","",""
"3009","Jeury Espinal","19","CPX","ARI","","","2","","","","","3576","","995"
"3010","Ike Buxton","25","AA","WSN","","","2","","1693","","","2879","",""
"3011","Noah Takacs","24","A","PIT","","2288.6","4","","2054","","1432","3816","","1853"
"3012","Brayner Sanchez","25","A","BAL","","","1","","","","","2291","",""
"3013","Joseilyn Gonzalez","24","A+","LAD","","2291.7","3","","1929","","1488","3458","",""
"3014","Luis Carrasco","24","A+","OAK","","2292.7","3","","2106","","1516","3256","",""
"3015","Zach Willeman","30","AAA","CIN","","","2","","2112","","","2474","",""
"3016","Joe Scarborough","22","A","NYM","","2293.3","3","","","","1431","3673","","1776"
"3017","Andrew Thurman","34","AAA","SDP","","","2","","","","","2729","","1860"
"3018","JJ Sanchez","26","A+","TOR","","","2","","1264","","","3326","",""
"3019","Sam Weatherly","27","AA","COL","","2295.7","3","","2085","","","3106","","1696"
"3020","Bernard Mack","20","A","STL","","","1","","","","","2296","",""
"3021","Cesar Gomez","27","AAA","ARI","","","2","","1988","","","2608","",""
"3022","Earle Zulueta","19","CPX","STL","","","2","","","","","3070","","1526"
"3023","Tanner Shears","27","A+","MIL","","","1","","","","","2298","",""
"3024","Tommy Hawke","23","A","CLE","","","1","","","","","2299","",""
"3025","Zack Showalter","22","A+","STL","","","2","","1949","","","2650","",""
"3026","Ben Hernandez","24","A+","SEA","","","2","","1903","","","2700","",""
"3027","Chris Wright","27","AAA","SFG","","","1","","","","","2303","",""
"3028","David Avitia","27","A+","CHC","","","1","","","","","2304","",""
"3029","Holden deJong","22","CPX","BAL","","","1","","","","","2305","",""
"3030","Robert Wegielnik","24","A+","CLE","","","2","","1797","","","2813","",""
"3031","Dilan Fernandez","21","CPX","SFG","","","1","","","","","2306","",""
"3032","Junior Flores","24","A+","PIT","","","2","","1642","","","2974","",""
"3033","Juan Lopez","21","CPX","WSN","","","2","","","","","3517","","1104"
"3034","Ramon Suarez","22","A","TOR","","","1","","","","","2311","",""
"3035","Pedro Garcia","24","A","DET","","2311.6","4","","2074","","1509","3890","","1774"
"3036","Jhonny Jimenez","22","A","LAD","","2312.0","4","","1991","","1521","3830","","1906"
"3037","Brian Arias","22","A","NYY","","2312.3","3","","","","1501","3710","","1726"
"3038","Jank Pichardo","21","CPX","HOU","","","1","","","","","2313","",""
"3039","Ronny Chalas","23","A","DET","","","2","","860","","","3771","",""
"3040","Frainyer Chavez","27","AA","TEX","","","1","","","","","2318","",""
"3041","Cole Paplham","26","AA","SDP","","","1","","","","","2319","",""
"3042","James Tallon","22","A","PHI","","","2","","","","1610","3031","",""
"3043","Collin Rothermel","23","A","ARI","","","1","","","","","2322","",""
"3044","Jordarlin Mendoza","22","A","NYY","","","2","","","","1374","3271","",""
"3045","Junior Santos","24","AA","WSN","","","2","","1400","","","3248","",""
"3046","Lorenzo Encarnacion","24","A+","ARI","","","2","","1991","","","2657","",""
"3047","Aaron Haase","26","A+","DET","","","1","","","","","2325","",""
"3048","Berny Ortiz","20","CPX","BOS","","","2","","","","","3024","","1626"
"3049","Cristian Aray","19","CPX","SEA","","","2","","","","","3622","","1028"
"3050","Drew Conover","24","AAA","CHW","","2325.9","4","","2130","","1522","3778","","1874"
"3051","Nick Kahle","28","AAA","MIL","","","1","","","","","2327","",""
"3052","Ruben Galindo","25","A+","SDP","","","1","","","","","2328","",""
"3053","Jefferson Jean","21","A","OAK","","","2","","1919","","","2740","",""
"3054","Dominic Hambley","23","A+","CHC","","","2","","1383","","","3278","",""
"3055","Dony Aguilera","19","CPX","CIN","","","2","","","","","3230","","1433"
"3056","Ricky DeVito","27","AA","TEX","","","2","","1478","","","3185","",""
"3057","Victor Santos","19","CPX","BAL","","","1","","","","","2332","",""
"3058","Jackson Fristoe","25","A+","NYY","","","2","","1255","","","3416","",""
"3059","Jeremy Lee","24","A+","MIN","","","2","","1830","","","2843","",""
"3060","Diosfran Cabeza","23","A","ARI","","","1","","","","","2337","",""
"3061","Josh Harlow","25","A+","CLE","","","2","","1307","","","3371","",""
"3062","Gerardo Gutierrez","27","AA","ARI","","","2","","1974","","","2706","",""
"3063","Luisberth Valdez","18","CPX","ATL","","","2","","","","","2799","","1882"
"3064","Ian Medina","21","A","MIA","","","2","","","","1441","3242","",""
"3065","Roman Phansalkar","28","AA","LAA","","","2","","1618","","","3065","",""
"3066","Ignacio Briceno","25","A","DET","","","2","","1121","","","3563","",""
"3067","Justin Trimble","23","A","HOU","","","1","","","","","2343","",""
"3068","Ryan Heppner","21","A+","ATL","","","1","","","","","2345","",""
"3069","Anyelo Ovando","25","A+","SEA","","","2","","1084","","","3608","",""
"3070","Alan Reyes","22","A","STL","","","1","","","","","2348","",""
"3071","Hector Campusano","19","CPX","BAL","","","1","","","","","2349","",""
"3072","Jeremy Gonzalez","21","A","CHW","","2349.0","3","","","","1561","3723","","1763"
"3073","Garrett Irvin","27","AAA","OAK","","","1","","","","","2351","",""
"3074","Gabriel Jackson","24","AAA","BOS","","","2","","1541","","","3163","",""
"3075","Danny Wirchansky","28","AA","SEA","","","2","","1693","","","3012","",""
"3076","Drew Vogel","24","A+","HOU","","","1","","","","","2353","",""
"3077","Josh Wolf","25","A+","SFG","","","2","","1572","","","3137","",""
"3078","Randy Wynne","33","MLB","CIN","","","2","","2082","","","2628","",""
"3079","Jose Feliz","20","CPX","WSN","","","1","","","","","2355","",""
"3080","Madison Jeffrey","26","A+","CHW","","2355.5","3","","2044","","1531","3492","",""
"3081","Nick Krauth","26","AAA","TEX","","","2","","2062","","","2651","",""
"3082","Candido Cuevas","22","A","NYM","","","1","","","","","2362","",""
"3083","Ryan Cardona","26","AAA","CIN","","","2","","1945","","","2781","",""
"3084","Tommy Mace","27","AAA","CLE","","2362.8","3","","1988","","","3178","","1923"
"3085","Anderson Ramos","20","CPX","MIN","","","1","","","","","2364","",""
"3086","Rowell Arroyo","21","A","CHC","","","1","","","","","2365","",""
"3087","Luis Victorino","23","A","TOR","","2365.7","3","","","","1444","3798","","1855"
"3088","Jake Pfennigs","26","AAA","OAK","","","2","","1737","","","2995","",""
"3089","Michael Stryffeler","30","AAA","SFG","","","1","","","","","2366","",""
"3090","Ismael Cabral","22","CPX","TBR","","","1","","","","","2369","",""
"3091","Conor Steinbaugh","27","A+","HOU","","2369.2","3","","2023","","","3433","","1652"
"3092","Iverson Espinoza","23","A","CIN","","","1","","","","","2372","",""
"3093","Albert Rivas","23","A","ATL","","","2","","1297","","","3457","",""
"3094","Chase Valentine","24","AA","SDP","","","1","","","","","2377","",""
"3095","JP Wheat","23","A+","CHC","","2377.3","3","","2068","","1544","3520","",""
"3096","Connery Peters","26","A+","CHW","","","2","","1175","","","3582","",""
"3097","Cody Tucker","27","A+","SFG","","","2","","1370","","","3388","",""
"3098","Noah Ruen","23","A+","LAD","","","2","","1737","","","3023","",""
"3099","Mitch Neunborn","29","AAA","PHI","","","2","","2094","","","2668","",""
"3100","Cole Urman","24","A","BAL","","","1","","","","","2381","",""
"3101","Matthew Bollenbacher","26","AAA","WSN","","","2","","1084","","","3680","",""
"3102","Blaze Pontes","26","AA","ATH","","2382.7","3","","1934","","","3373","","1841"
"3103","Abel Lorenzo","20","CPX","LAD","","","1","","","","","2383","",""
"3104","Yander Bonaci","19","CPX","BOS","","","1","","","","","2386","",""
"3105","Juan Mercedes","24","A+","MIN","","","2","","1865","","","2908","",""
"3106","Casey Kelly","36","MLB","CIN","","","2","","2126","","","2648","",""
"3107","Jake Faherty","23","A","MIA","","2391.5","3","","1926","","1555","3694","",""
"3108","Franyel Diaz","21","A","NYM","","","1","","","","","2392","",""
"3109","Ryan Shreve","28","AAA","TBR","","","2","","1865","","","2919","",""
"3110","Joan Pena","18","CPX","MIL","","","2","","","","","3239","","1547"
"3111","Eligio Arias","23","A","PHI","","","1","","","","","2395","",""
"3112","Angel Gonzalez","23","A+","STL","","","2","","1255","","","3539","",""
"3113","Logan Britt","25","A+","LAA","","","2","","2035","","","2763","",""
"3114","Colton Johnson","27","AA","OAK","","","2","","1971","","","2833","",""
"3115","Felix Amparo","20","A","BAL","","","1","","","","","2402","",""
"3116","Franco Zabaleta","19","CPX","OAK","","","2","","","","","3192","","1612"
"3117","Dylan Hecht","32","AA","SFG","","2402.7","3","","2120","","","3302","","1786"
"3118","Matt Dunaway","27","A+","SFG","","","1","","","","","2404","",""
"3119","Wardquelin Vasquez","24","A","CHW","","","2","","1232","","","3579","",""
"3120","Jake Steels","24","A","ATL","","","1","","","","","2407","",""
"3121","Ma'Kale Holden","19","CPX","MIL","","","2","","","","","3238","","1577"
"3122","Victor Rodriguez","19","CPX","MIA","","","2","","","","","3226","","1600"
"3123","Jordan Marks","27","AA","DET","","","1","","","","","2418","",""
"3124","Andrew Pogue","25","A","DET","","2418.3","3","","","","1536","3818","","1901"
"3125","Arij Fransen","25","AAA","CIN","","","2","","1816","","","3021","",""
"3126","Antoni Cuello","23","A","STL","","2421.7","3","","","","1527","3845","","1893"
"3127","Ross Dunn","24","A+","MIN","","","2","","1949","","","2895","",""
"3128","Anthony Prato","28","AAA","MIN","","","1","","","","","2422","",""
"3129","Jonawel Valdez","22","A","MIA","","","2","","1297","","","3553","",""
"3130","Luis Beltran","22","A","BAL","","","2","","","","1547","3303","",""
"3131","Daniel Blair","27","A+","SFG","","","2","","1605","","","3246","",""
"3132","Zach Swanson","20","CPX","DET","","","1","","","","","2428","",""
"3133","Daichi Moriki","23","A","SDP","","2429.0","3","","","","1552","3857","","1878"
"3134","Juan Muniz","18","CPX","PIT","","","2","","","","","3199","","1664"
"3135","Chen-Hsun Lee","24","A","SFG","","","1","","","","","2433","",""
"3136","Tommy Kane","24","A+","WSN","","","2","","1762","","","3105","",""
"3137","Pablo Castillo","18","CPX","MIN","","","1","","","","","2437","",""
"3138","Jonathan Hughes","29","AA","ATL","","","2","","1531","","","3345","",""
"3139","Ethan Lanthier","23","A","NYM","","","1","","","","","2439","",""
"3140","Felix Castro","22","A","ATH","","","2","","1383","","","3496","",""
"3141","Ryan Hall","19","CPX","DET","","","1","","","","","2440","",""
"3142","Connor Gehr","20","CPX","BAL","","","2","","","","","3454","","1428"
"3143","Ryan Bruno","24","A","ARI","","","1","","","","","2441","",""
"3144","C.J. Widger","27","A+","SDP","","","2","","1912","","","2971","",""
"3145","Gavin Dugas","26","A+","WSN","","","1","","","","","2442","",""
"3146","Fineas Del Bonta-Smith","29","AAA","PIT","","","2","","1952","","","2938","",""
"3147","Nick Swiney","27","AAA","HOU","","","2","","1778","","","3114","",""
"3148","Eli Ankeney","25","A+","NYM","","","1","","","","","2447","",""
"3149","Zander Sechrist","24","A","MIN","","","2","","1370","","","3526","",""
"3150","Michael Braswell III","23","CPX","KCR","","","1","","","","","2452","",""
"3151","Edgardo Figueroa","18","CPX","WSN","","","1","","","","","2453","",""
"3152","Luis Cesar","22","A+","MIA","","","2","","","","1393","3515","",""
"3153","Brady O'Brien","24","A","SEA","","","1","","","","","2459","",""
"3154","Joe Charles","26","A+","NYM","","","2","","","","1532","3390","",""
"3155","Efrain Cubilla","21","CPX","COL","","","2","","","","","3627","","1297"
"3156","Nick DeCarlo","24","A","MIL","","","1","","","","","2463","",""
"3157","Wuilberth Mendez","22","A","DET","","","1","","","","","2465","",""
"3158","Jorge Rodriguez","24","A","NYM","","","1","","","","","2470","",""
"3159","Cade Bunnell","29","AA","ATL","","","1","","","","","2471","",""
"3160","Daniel Brooks","23","A","ATL","","","1","","","","","2472","",""
"3161","Adrian Delgado","21","A","BAL","","","2","","","","1601","3350","",""
"3162","Brock Gillis","24","CPX","WSN","","","1","","","","","2476","",""
"3163","Juan Mieses","20","CPX","HOU","","","1","","","","","2477","",""
"3164","Erick Matos","19","CPX","ATH","","","2","","","","","3349","","1606"
"3165","Erick Reynoso","23","A","ARI","","2479.5","3","","2032","","1533","3874","",""
"3166","Jack Mahoney","27","A+","OAK","","","2","","2079","","","2882","",""
"3167","Dioris De La Rosa","19","CPX","LAA","","","2","","","","","3589","","1377"
"3168","Francisco Pazos","20","CPX","SEA","","","1","","","","","2483","",""
"3169","Xavier Lopez","21","CPX","TBR","","","2","","","","","3487","","1483"
"3170","Henry Gomez","24","A+","OAK","","","2","","1400","","","3571","",""
"3171","Eduardo Uscanga","19","CPX","SEA","","","1","","","","","2486","",""
"3172","Eurys Martich","23","A+","HOU","","","2","","","","1554","3420","",""
"3173","Shaddon Peavyhouse","27","A+","SEA","","","2","","1719","","","3258","",""
"3174","Justin Johnson","26","AA","KCR","","","1","","","","","2490","",""
"3175","Hunter Furtado","24","A+","PIT","","","2","","1492","","","3490","",""
"3176","Connor Spencer","25","A+","CHC","","","1","","","","","2492","",""
"3177","Eric Adler","25","AAA","CHW","","","2","","1757","","","3228","",""
"3178","Connor Dykstra","25","A","SEA","","","1","","","","","2493","",""
"3179","Jayden Voelker","23","A","TBR","","2493.0","3","","2135","","1530","3814","",""
"3180","Pedro Peralta","19","CPX","PHI","","","2","","","","","3259","","1729"
"3181","Trey Seeley","24","A","SFG","","","1","","","","","2495","",""
"3182","Jordan Sprinkle","25","A+","CHW","","","1","","","","","2496","",""
"3183","Justin Kelly","27","AA","TOR","","","2","","1752","","","3245","",""
"3184","Ferny Barreda","22","CPX","SEA","","","1","","","","","2499","",""
"3185","Jack Noble","26","AA","PIT","","","2","","1706","","","3293","",""
"3186","Caleb Nieman","21","CPX","MIL","","","2","","","","","3606","","1394"
"3187","Garvin Alston","29","AAA","WSN","","","2","","1919","","","3085","",""
"3188","Yael Romero","20","CPX","CIN","","","1","","","","","2502","",""
"3189","Thomas Farr","27","AA","CIN","","2504.2","3","","2078","","","3584","","1851"
"3190","Jonaikel Meza","19","CPX","CLE","","","1","","","","","2506","",""
"3191","Paulo Asprilla","20","CPX","STL","","","1","","","","","2509","",""
"3192","Dikember Sanchez","22","A+","MIL","","","2","","1839","","","3180","",""
"3193","Tristan Smith","23","A","CIN","","","2","","","","1515","3504","",""
"3194","Justin Fuson","26","CPX","CHW","","","2","","","","","3686","","1334"
"3195","Luke Holman","23","A","CIN","","","1","","","","","2510","",""
"3196","Trendan Parish","24","A","TBR","","","2","","","","1471","3556","",""
"3197","Jesus Palacios","21","CPX","BAL","","","1","","","","","2514","",""
"3198","Mason Davenport","21","A","TOR","","","2","","","","","3395","","1634"
"3199","Kendrick Herrera","19","CPX","PIT","","","1","","","","","2515","",""
"3200","Harrison Ruiz","22","CPX","CLE","","","1","","","","","2517","",""
"3201","Theo Hardy","24","A+","TEX","","","1","","","","","2518","",""
"3202","Fabian Ysalla","21","A","CHW","","","2","","","","","3489","","1555"
"3203","Jose Gerardo","21","A","MIA","","","1","","","","","2523","",""
"3204","Edelvis Perez","21","CPX","CLE","","","1","","","","","2524","",""
"3205","Peyton Holt","25","A","CIN","","","1","","","","","2527","",""
"3206","Burl Carraway","27","AA","CHC","","","1","","","","","2528","",""
"3207","Leiker Figueroa","21","A","ATL","","","1","","","","","2529","",""
"3208","Luis Gomez","21","CPX","MIA","","","2","","","","","3292","","1773"
"3209","Nick Mikolajchak","28","AAA","MIN","","","2","","1967","","","3100","",""
"3210","Nate Nabholz","25","A","SFG","","","1","","","","","2534","",""
"3211","Matt Stil","25","A+","DET","","","1","","","","","2537","",""
"3212","Kendry Garcia","22","CPX","CHW","","","1","","","","","2538","",""
"3213","Montana Semmel","24","A+","LAA","","","2","","1748","","","3337","",""
"3214","Garrett Apker","26","A+","HOU","","","2","","1820","","","3266","",""
"3215","Justin Militello","22","A","STL","","","2","","","","1433","3658","",""
"3216","Zach Barnes","27","AAA","ARI","","","2","","1981","","","3111","",""
"3217","Brenner Cox","22","CPX","WSN","","","1","","","","","2547","",""
"3218","Domingo Geronimo","21","AA","LAD","","","2","","2035","","","3063","",""
"3219","Drew Garrett","26","A+","PHI","","","2","","1317","","","3783","",""
"3220","Alexander Campos","23","A","TBR","","","2","","","","","3657","","1445"
"3221","Andrew Bolivar","20","CPX","STL","","","2","","","","","3692","","1412"
"3222","J.C. Flowers","28","AAA","PIT","","","2","","2029","","","3079","",""
"3223","Deyer Zapata","22","A","ARI","","","1","","","","","2555","",""
"3224","Anthony Narvaez","22","A","MIN","","","1","","","","","2556","",""
"3225","Florencio Serrano","26","AAA","TEX","","","2","","1919","","","3194","",""
"3226","Luis Arias","20","CPX","WSN","","","1","","","","","2559","",""
"3227","Ben McLaughlin","24","A+","ARI","","","1","","","","","2561","",""
"3228","Eliander Alcalde","22","A","TOR","","","2","","1589","","","3535","",""
"3229","Eric Dominguez","23","A","ARI","","","1","","","","","2566","",""
"3230","David Smith","25","A","DET","","","1","","","","","2567","",""
"3231","Ian Villers","25","AA","SFG","","","2","","1896","","","3240","",""
"3232","Adrian Quintana","23","A+","SEA","","","2","","1605","","","3533","",""
"3233","Antonio Florido","21","A","DET","","","1","","","","","2569","",""
"3234","Jake Rice","28","AAA","ARI","","","2","","2065","","","3078","",""
"3235","Beycker Barroso","23","A","TEX","","","1","","","","","2572","",""
"3236","Javier Sanchez","18","CPX","TEX","","","1","","","","","2573","",""
"3237","Will Gervase","24","A","LAA","","","2","","","","1551","3595","",""
"3238","Martin Tamara","22","CPX","DET","","","1","","","","","2574","",""
"3239","Fermin Magallanes","24","A","BAL","","","2","","","","1623","3531","",""
"3240","Ryan Ure","23","A+","KCR","","","2","","","","1603","3552","",""
"3241","Robert Puason","23","A","ATH","","","2","","","","1459","3700","",""
"3242","Justin Sanchez","22","A","SEA","","","2","","1541","","","3621","",""
"3243","Oliver Carrillo","24","A","HOU","","","1","","","","","2581","",""
"3244","Rafael Marcano","26","AA","MIN","","","1","","","","","2584","",""
"3245","Luifer Romero","21","CPX","MIA","","","1","","","","","2585","",""
"3246","Jhan Almeida","21","CPX","CIN","","","1","","","","","2590","",""
"3247","Jackson Cluff","29","AAA","NYM","","","1","","","","","2593","",""
"3248","Jeferson Figueroa","25","A+","MIL","","","2","","1394","","","3793","",""
"3249","Luke Cantwell","23","A","SDP","","","1","","","","","2594","",""
"3250","Wuillians Herrera","22","A","LAD","","","2","","","","1617","3572","",""
"3251","Alejandro Pereira","19","CPX","OAK","","","1","","","","","2595","",""
"3252","Jorge Minyety","23","A+","ARI","","","2","","1874","","","3316","",""
"3253","Alvaro Rios","19","CPX","CHW","","","1","","","","","2596","",""
"3254","Jhon Rivas","18","CPX","TOR","","","1","","","","","2597","",""
"3255","David Sanchez","19","CPX","ARI","","","2","","","","","3560","","1635"
"3256","Keiverson Ramirez","20","A","STL","","","1","","","","","2598","",""
"3257","Andy Weber","28","AAA","CHW","","","1","","","","","2600","",""
"3258","Yordy Herrera","21","A","STL","","","2","","1706","","","3495","",""
"3259","Caleb Shpur","24","A+","DET","","","1","","","","","2604","",""
"3260","Brody Rodning","30","AAA","HOU","","","1","","","","","2605","",""
"3261","Maicol Reyes","21","A","TEX","","","1","","","","","2609","",""
"3262","Miguel Neira","21","CPX","TEX","","","1","","","","","2610","",""
"3263","Yulian Quintana","25","A+","PIT","","","2","","","","1541","3681","",""
"3264","Ricardo Brizuela","23","A","CHW","","","2","","2015","","","3208","",""
"3265","Jairon Digon","20","A","ARI","","","2","","","","1528","3696","",""
"3266","Wander Arias","26","A+","WSN","","","2","","1662","","","3566","",""
"3267","Orlando Suarez","19","CPX","CHW","","","2","","","","","3555","","1674"
"3268","Travis Garnett","23","A","ARI","","","1","","","","","2615","",""
"3269","Case Williams","24","AA","COL","","","1","","","","","2616","",""
"3270","Esteban Luna","19","CPX","BAL","","","2","","","","","3512","","1721"
"3271","Hans Montero","22","A","NYY","","","1","","","","","2618","",""
"3272","Fraynel Nova","24","A","KCR","","","2","","1572","","","3675","",""
"3273","Colin Davis","27","A+","SEA","","","1","","","","","2625","",""
"3274","Alex Vallecillo","23","A","MIL","","","1","","","","","2629","",""
"3275","Maddux Houghton","27","A","MIN","","","1","","","","","2630","",""
"3276","Jerson Alejandro","20","CPX","NYY","","","1","","","","","2634","",""
"3277","Ismael Luciano","23","A+","COL","","","2","","2072","","","3198","",""
"3278","Engel Peralta","22","A","HOU","","","1","","","","","2636","",""
"3279","Manuel Cruz","20","CPX","NYY","","","2","","","","","3430","","1844"
"3280","Alejandro Rios","21","CPX","ARI","","","1","","","","","2638","",""
"3281","Jose Perez","22","A","TBR","","","1","","","","","2643","",""
"3282","Mitch White","26","AA","SFG","","","2","","","","","3419","","1871"
"3283","Rodolfo Martinez","32","AAA","BAL","","","1","","","","","2647","",""
"3284","Logan Clayton","26","AA","ARI","","","2","","2027","","","3270","",""
"3285","Gavin Adams","23","A","PIT","","","2","","","","1540","3759","",""
"3286","Cristobal Abreu","20","A","ATL","","","2","","","","1537","3763","",""
"3287","Aidan Layton","24","A","OAK","","","2","","2038","","","3263","",""
"3288","Aiden Moffett","22","A","CHC","","","2","","","","1546","3757","",""
"3289","Raudy Rivera","21","A","CLE","","","1","","","","","2654","",""
"3290","Enixon Sanchez","18","CPX","NYY","","","1","","","","","2660","",""
"3291","Jonalbert Rumbol","27","A+","TBR","","","2","","1725","","","3596","",""
"3292","Miguel Mesa","23","A","BAL","","","1","","","","","2661","",""
"3293","Kevin Velasco","20","CPX","BAL","","","1","","","","","2662","",""
"3294","Danny Hilario","21","A","TBR","","","1","","","","","2663","",""
"3295","Kelvin Bautista","26","AA","LAD","","","2","","1979","","","3348","",""
"3296","Ethan Long","25","A","SDP","","","1","","","","","2664","",""
"3297","Angel Cuenca","24","A+","STL","","","2","","1565","","","3775","",""
"3298","Zack Tukis","23","A","PHI","","","2","","1730","","","3611","",""
"3299","Gil Luna","26","AA","CHW","","","2","","1656","","","3687","",""
"3300","Jesus Camejo","25","A","ARI","","","1","","","","","2674","",""
"3301","Blake Shepardson","22","A","CHW","","","1","","","","","2675","",""
"3302","Jesus Luna","25","A+","LAD","","","2","","1743","","","3610","",""
"3303","Felix Doroteo","21","CPX","CHW","","","1","","","","","2680","",""
"3304","Braxton Hyde","25","A+","COL","","","2","","1816","","","3557","",""
"3305","Reibyn Corona","24","A+","ATL","","","2","","1730","","","3643","",""
"3306","Jhon Almonte","19","CPX","LAA","","","2","","","","","3549","","1826"
"3307","Yensy Bello","23","A","SEA","","","2","","1565","","","3813","",""
"3308","Josh Hejka","29","AAA","MIA","","","2","","2044","","","3336","",""
"3309","Kevin Miranda","27","AA","TOR","","","2","","1956","","","3427","",""
"3310","Dawil Almonte","24","A+","HOU","","","2","","1693","","","3697","",""
"3311","Jakson Gamboa","19","CPX","BOS","","","1","","","","","2695","",""
"3312","Jakob Hall","23","A","MIN","","","2","","1848","","","3544","",""
"3313","L.J. Waco","24","A","WSN","","","1","","","","","2696","",""
"3314","Angel Tejada","22","A+","BAL","","","1","","","","","2701","",""
"3315","Jeral Toledo","23","A","PIT","","","1","","","","","2704","",""
"3316","Franklin Sanchez","25","A+","MIA","","","1","","","","","2705","",""
"3317","Kevin Bruggeman","24","A","LAA","","","1","","","","","2708","",""
"3318","Wuilinyer Tovar","18","CPX","ATL","","","2","","","","","3481","","1936"
"3319","Luis Sotillo","21","CPX","NYM","","","1","","","","","2710","",""
"3320","Wes Burton","25","A","CLE","","","1","","","","","2711","",""
"3321","Jacob Meador","25","AA","LAD","","","2","","2084","","","3341","",""
"3322","Anderson Bido","27","AAA","HOU","","","2","","1957","","","3469","",""
"3323","Eduar Gonzalez","20","A","TOR","","","1","","","","","2713","",""
"3324","Wilmer Lugo","20","CPX","NYM","","","1","","","","","2714","",""
"3325","Nate Knowles","22","A","TBR","","","1","","","","","2715","",""
"3326","German Nunez","24","CPX","TEX","","","1","","","","","2716","",""
"3327","Aneury Montilla","19","CPX","PHI","","","2","","","","","3540","","1895"
"3328","Tyler Stasiowski","24","A","MIN","","","2","","1839","","","3598","",""
"3329","Anthony Astudillo","20","CPX","TEX","","","2","","","","","3738","","1701"
"3330","Nathanael Cruz","23","A","BOS","","","2","","1719","","","3721","",""
"3331","Tyrone Yulie","24","AA","PIT","","","1","","","","","2720","",""
"3332","Marwys Cabrera","20","CPX","KCR","","","2","","","","","3728","","1715"
"3333","Wyatt Cheney","25","AA","BAL","","","1","","","","","2722","",""
"3334","Miguel Briceno","22","A","MIN","","","1","","","","","2724","",""
"3335","Todd Peterson","28","AAA","WSN","","","2","","1933","","","3516","",""
"3336","Ricardo Montero","22","A","LAD","","","2","","","","1553","3900","",""
"3337","Colby White","27","AAA","NYY","","","1","","","","","2727","",""
"3338","Eli Saul","24","AA","ARI","","","2","","2049","","","3406","",""
"3339","Dylan Questad","21","A","MIN","","","2","","2019","","","3437","",""
"3340","Stainer Valdez","19","CPX","PIT","","","2","","","","","3666","","1791"
"3341","Alejandro Lugo","23","A","SDP","","","2","","1848","","","3612","",""
"3342","Owen Pote","20","CPX","CIN","","","1","","","","","2731","",""
"3343","Nelfri Payano","21","A","CIN","","","2","","","","1620","3846","",""
"3344","Jake Smith","26","AA","MIA","","","2","","2038","","","3435","",""
"3345","Bodi Rascon","25","A+","SDP","","","2","","2102","","","3375","",""
"3346","Alonzo Richardson","23","AAA","CLE","","","2","","1884","","","3594","",""
"3347","Adam Bogosian","23","A","WSN","","","1","","","","","2742","",""
"3348","Eris Albino","22","CPX","NYM","","","2","","","","","3737","","1751"
"3349","Wifrailyn Jaquez","19","CPX","PIT","","","2","","","","","3561","","1938"
"3350","Saul Gomez","18","CPX","BAL","","","1","","","","","2750","",""
"3351","Austin Smith","23","A","TOR","","","1","","","","","2753","",""
"3352","Alan Perdomo","24","A+","COL","","","2","","1782","","","3729","",""
"3353","Edwin Marte","19","CPX","BAL","","","2","","","","","3628","","1886"
"3354","Janero Miller","20","CPX","MIA","","","1","","","","","2757","",""
"3355","Luis A. Reyes","22","A","CHC","","","2","","","","1627","3894","",""
"3356","Caden Wooster","21","A","NYM","","","1","","","","","2762","",""
"3357","Jose Parra","20","CPX","OAK","","","2","","","","","3716","","1812"
"3358","Marco Vega","21","A","LAA","","","1","","","","","2765","",""
"3359","Brad Rudis","23","CPX","MIN","","","1","","","","","2766","",""
"3360","Robbie Knowles","25","A","STL","","","1","","","","","2770","",""
"3361","Manuel Veloz","25","AAA","CHW","","","2","","1923","","","3619","",""
"3362","Engert Garcia","26","A","TBR","","","2","","1737","","","3807","",""
"3363","Yoldin De La Paz","24","A+","PIT","","","1","","","","","2772","",""
"3364","Seth Chavez","26","A+","DET","","","2","","2071","","","3478","",""
"3365","Charlie Hurley","24","A","CHC","","","2","","1940","","","3613","",""
"3366","Andres Nolaya","21","A","BAL","","","1","","","","","2779","",""
"3367","Reylin Perez","21","CPX","HOU","","","1","","","","","2784","",""
"3368","Natanael Garabitos","25","AA","KCR","","","2","","1855","","","3717","",""
"3369","Alex Bustamante","26","A","NYY","","","1","","","","","2792","",""
"3370","Alfred Vega","25","AAA","NYM","","","1","","","","","2795","",""
"3371","Alvin Nova","21","A","ATH","","","1","","","","","2796","",""
"3372","Juan Martinez","23","A+","CIN","","","2","","1959","","","3634","",""
"3373","Fernando Caldera","23","A+","HOU","","","1","","","","","2800","",""
"3374","Peyton Carr","24","A","MIN","","","1","","","","","2801","",""
"3375","Mauricio Veliz","23","AA","KCR","","","2","","2082","","","3528","",""
"3376","Naoel Mejia","23","CPX","PHI","","","1","","","","","2806","",""
"3377","Lazaro Mena","19","CPX","CHC","","","2","","","","","3699","","1915"
"3378","Max Poirier","19","CPX","KCR","","","1","","","","","2807","",""
"3379","Owen Rice","23","A","STL","","","1","","","","","2808","",""
"3380","Juan Nunez","22","A","HOU","","","1","","","","","2810","",""
"3381","David Leon","22","AAA","CLE","","","1","","","","","2811","",""
"3382","Irvin Gonzalez","20","CPX","CIN","","","1","","","","","2815","",""
"3383","Johan Cabeza","19","CPX","CIN","","","1","","","","","2818","",""
"3384","Salvador Casado","20","CPX","BAL","","","1","","","","","2822","",""
"3385","Yerlin Luis","20","A","CLE","","","1","","","","","2827","",""
"3386","Angel Soriano","19","CPX","PIT","","","2","","","","","3751","","1907"
"3387","Dalvi Nunez","19","CPX","SDP","","","2","","","","","3744","","1916"
"3388","Rubender Pena","21","CPX","TBR","","","1","","","","","2830","",""
"3389","Roilan Portuondo","27","A","PIT","","","2","","","","","3756","","1905"
"3390","Rob Griswold","27","A+","ATL","","","2","","1976","","","3690","",""
"3391","Jesus Valdez","28","AAA","ARI","","","1","","","","","2834","",""
"3392","Mailon Felix","26","A+","TEX","","","2","","2086","","","3585","",""
"3393","Darvin Garcia","27","AA","BOS","","","2","","1923","","","3753","",""
"3394","Carson Rudd","27","AAA","CIN","","","2","","2115","","","3565","",""
"3395","Zach Kirby","26","CPX","LAA","","","1","","","","","2840","",""
"3396","Dwayne Matos","25","AA","CLE","","","2","","2051","","","3635","",""
"3397","Evan Chrest","22","A","CLE","","","1","","","","","2846","",""
"3398","Angel Roman","22","A","WSN","","","2","","2117","","","3581","",""
"3399","Marc Davis","26","A+","WSN","","","2","","1892","","","3808","",""
"3400","Bruno Lopez","24","A","STL","","","1","","","","","2850","",""
"3401","Andinson Ferrer","22","A","OAK","","","1","","","","","2851","",""
"3402","Ismael Obregon","18","CPX","HOU","","","1","","","","","2855","",""
"3403","Grant Magill","25","CPX","CHW","","","1","","","","","2856","",""
"3404","Samuel Colmenares","21","A","TOR","","","1","","","","","2858","",""
"3405","Bryan Caceres","26","A+","WSN","","","2","","2068","","","3654","",""
"3406","Jake Madden","24","A+","COL","","","1","","","","","2865","",""
"3407","Stanly Alcantara","22","CPX","NYY","","","2","","","","","3806","","1925"
"3408","Julio Valdez","21","CPX","CHC","","","2","","","","","3869","","1867"
"3409","Waner Luciano","21","CPX","HOU","","","1","","","","","2868","",""
"3410","Riley Unroe","30","AAA","CHW","","","1","","","","","2877","",""
"3411","Marco Corcho","21","A","LAD","","","2","","2119","","","3642","",""
"3412","Ryan Smith","23","A","HOU","","","2","","2027","","","3734","",""
"3413","Jack O'Connor","22","CPX","LAD","","","1","","","","","2884","",""
"3414","Edgar Gallegos","20","A","TOR","","","1","","","","","2885","",""
"3415","Adam Conrad","23","A","SDP","","","2","","1952","","","3822","",""
"3416","Brayden Jones","24","CPX","TBR","","","1","","","","","2888","",""
"3417","Andres Cova","21","CPX","LAA","","","1","","","","","2890","",""
"3418","Jose Cabrera","21","A","LAD","","","1","","","","","2893","",""
"3419","Gabriel Paez","19","CPX","TBR","","","1","","","","","2899","",""
"3420","Shawn Rapp","25","AAA","CLE","","","1","","","","","2902","",""
"3421","Elvin Jimenez","21","CPX","MIA","","","1","","","","","2904","",""
"3422","Brandon Dufault","27","AA","LAA","","","2","","2009","","","3803","",""
"3423","Raymond Sosa","20","CPX","BAL","","","2","","","","","3877","","1939"
"3424","Sean Heppner","23","A","CLE","","","2","","2032","","","3785","",""
"3425","Angel Anazco","24","A","TEX","","","1","","","","","2911","",""
"3426","Sadiel Baro","21","A","LAA","","","1","","","","","2912","",""
"3427","Moises Palma","21","A","TBR","","","1","","","","","2917","",""
"3428","Miguel Cordero","19","CPX","MIN","","","1","","","","","2918","",""
"3429","Isaias Uribe","23","A","PIT","","","1","","","","","2921","",""
"3430","Dionys Rodriguez","25","A+","STL","","","2","","2011","","","3835","",""
"3431","Marcos Pimentel","19","CPX","COL","","","1","","","","","2925","",""
"3432","Jesse Wainscott","26","A+","SEA","","","2","","1971","","","3887","",""
"3433","Steven Sanchez","22","A+","SEA","","","1","","","","","2929","",""
"3434","Harold Melenge","24","A+","SEA","","","2","","2071","","","3789","",""
"3435","Hayden Nierman","26","A+","BAL","","","1","","","","","2930","",""
"3436","Modeifi Marte","23","A+","ARI","","","1","","","","","2931","",""
"3437","Brett Garcia","26","A+","TOR","","","1","","","","","2932","",""
"3438","Felix Cabrera","24","A","LAD","","","2","","2065","","","3802","",""
"3439","Giovanni Vargas","20","A","STL","","","1","","","","","2934","",""
"3440","Adan Moreno","21","A","SDP","","","1","","","","","2936","",""
"3441","Allan Saathoff","26","AA","SEA","","","2","","2107","","","3767","",""
"3442","A.J. Wilson","25","A+","PHI","","","1","","","","","2942","",""
"3443","Clete Hartzog","25","A+","CHW","","","1","","","","","2945","",""
"3444","Erik Ritchie","23","A+","PHI","","","1","","","","","2946","",""
"3445","Yoel Roque","19","CPX","MIN","","","1","","","","","2952","",""
"3446","Brady Cerkownyk","23","CPX","WSN","","","1","","","","","2956","",""
"3447","Kevin Concepcion","18","CPX","COL","","","1","","","","","2960","",""
"3448","Eddison Septimo","19","CPX","BOS","","","1","","","","","2961","",""
"3449","Brayan Romero","24","A","WSN","","","2","","2128","","","3797","",""
"3450","Wenderlyn King","20","CPX","MIL","","","1","","","","","2964","",""
"3451","Matt Mikulski","27","A+","MIN","","","2","","2088","","","3842","",""
"3452","Diorland Zambrano","19","CPX","CIN","","","1","","","","","2969","",""
"3453","Hunter Breault","27","AAA","OAK","","","2","","2125","","","3821","",""
"3454","Isael Torres","20","CPX","ARI","","","1","","","","","2976","",""
"3455","Tom Reisinger","25","A+","OAK","","","2","","2136","","","3825","",""
"3456","Angel Nieblas","20","CPX","ATL","","","1","","","","","2981","",""
"3457","Andres Herrera","20","CPX","COL","","","1","","","","","2983","",""
"3458","Anthony Garcia","24","A","ATL","","","1","","","","","2985","",""
"3459","Redinson Gomez","21","CPX","COL","","","1","","","","","2986","",""
"3460","Edgar Leon","21","A","LAD","","","1","","","","","2987","",""
"3461","Ariel Ramos","20","CPX","CHC","","","1","","","","","2989","",""
"3462","Jose Gonzalez","21","CPX","LAD","","","1","","","","","2993","",""
"3463","Andre Sanchez","23","A+","LAA","","","2","","2124","","","3865","",""
"3464","Myles Emmerson","28","AA","LAA","","","1","","","","","2998","",""
"3465","Kaleb Sophy","25","A","CHW","","","2","","2134","","","3863","",""
"3466","Kobe Kato","27","AA","ATL","","","1","","","","","3004","",""
"3467","William Privette","24","A","TEX","","","1","","","","","3006","",""
"3468","Angelo Hernandez","20","CPX","CHW","","","1","","","","","3007","",""
"3469","Matt Allan","25","A+","NYM","","","1","","","","","3008","",""
"3470","Anthony Mena","21","CPX","NYY","","","1","","","","","3009","",""
"3471","Vitico Valdez","22","CPX","ARI","","","1","","","","","3014","",""
"3472","Luis Rives","21","CPX","HOU","","","1","","","","","3016","",""
"3473","Jean Robles","19","CPX","WSN","","","1","","","","","3026","",""
"3474","Sandro Pereira","20","CPX","HOU","","","1","","","","","3034","",""
"3475","Bryson Horne","27","A+","ATL","","","1","","","","","3035","",""
"3476","Peter Burns","26","A+","LAA","","","1","","","","","3036","",""
"3477","Zach Murray","24","A","CIN","","","1","","","","","3038","",""
"3478","Ronny Oliver","22","CPX","STL","","","1","","","","","3039","",""
"3479","Alonso Carrera","21","CPX","TBR","","","1","","","","","3044","",""
"3480","Jadon Williamson","23","A","MIA","","","1","","","","","3046","",""
"3481","Carlos Franco","23","A","OAK","","","1","","","","","3053","",""
"3482","Rainer Marin","20","CPX","MIN","","","1","","","","","3055","",""
"3483","Keduar Trujillo","22","A+","HOU","","","1","","","","","3058","",""
"3484","Caden Vire","22","A","BOS","","","1","","","","","3061","",""
"3485","Eric Yang","28","AAA","CHC","","","1","","","","","3062","",""
"3486","Joey Wimpelberg","21","CPX","DET","","","1","","","","","3066","",""
"3487","Casey Opitz","27","AAA","CHC","","","1","","","","","3068","",""
"3488","Juan De Los Santos","24","AA","BAL","","","1","","","","","3069","",""
"3489","Colton Cosper","23","AAA","NYM","","","1","","","","","3071","",""
"3490","Sebastian Pulido","20","CPX","MIN","","","1","","","","","3073","",""
"3491","Angel Castillo","24","CPX","TBR","","","1","","","","","3082","",""
"3492","Milkar Perez","24","A+","SEA","","","1","","","","","3088","",""
"3493","Gabriel Terrero","20","CPX","NYY","","","1","","","","","3090","",""
"3494","Liam Norris","24","AA","ARI","","","1","","","","","3092","",""
"3495","Caswell Smith","25","A","ARI","","","1","","","","","3093","",""
"3496","Darrel Lunar","20","CPX","WSN","","","1","","","","","3095","",""
"3497","Leandro Alsinois","21","CPX","CHW","","","1","","","","","3096","",""
"3498","Daurys Mora","22","CPX","MIL","","","1","","","","","3099","",""
"3499","Robinson Martinez","28","AA","BAL","","","1","","","","","3102","",""
"3500","Kaemyn Franklin","20","CPX","CHC","","","1","","","","","3103","",""
"3501","Jeronimo Palmeros","19","CPX","SDP","","","1","","","","","3104","",""
"3502","Landon Ginn","24","A","CHC","","","1","","","","","3108","",""
"3503","Joel Sierra","24","A","CHC","","","1","","","","","3110","",""
"3504","Liam Rocha","24","A","MIN","","","1","","","","","3113","",""
"3505","Colton Vincent","26","A","SDP","","","1","","","","","3118","",""
"3506","Cesar Espinal","20","CPX","MIL","","","1","","","","","3122","",""
"3507","Josdanner Suarez","21","A","ARI","","","1","","","","","3127","",""
"3508","Diego Godoy","21","CPX","MIA","","","1","","","","","3138","",""
"3509","Jake Hunter","23","CPX","MIN","","","1","","","","","3139","",""
"3510","Bryan Bautista","22","A","BAL","","","1","","","","","3144","",""
"3511","Daniel Ouderkirk","26","A","SEA","","","1","","","","","3145","",""
"3512","Fenuel James","23","CPX","CHC","","","1","","","","","3146","",""
"3513","Curtis Hebert","22","A","HOU","","","1","","","","","3147","",""
"3514","Jeffrey Amparo","21","CPX","ARI","","","1","","","","","3149","",""
"3515","Juan Mendez","27","A+","MIN","","","1","","","","","3153","",""
"3516","Thomas Mangus","23","A","CHC","","","1","","","","","3154","",""
"3517","Julio Gonzalez","19","CPX","NYM","","","1","","","","","3158","",""
"3518","Hunter Hollan","24","A","CIN","","","1","","","","","3162","",""
"3519","Derek Corro","21","A","OAK","","","1","","","","","3167","",""
"3520","Peter Bonilla","21","A","LAD","","","1","","","","","3168","",""
"3521","Sam Gerth","21","CPX","COL","","","1","","","","","3169","",""
"3522","Nate Webb","28","AAA","BAL","","","1","","","","","3170","",""
"3523","Andru Arthur","20","CPX","STL","","","1","","","","","3171","",""
"3524","Freider Rojas","20","CPX","MIL","","","1","","","","","3173","",""
"3525","Chris Williams Jr.","26","A","DET","","","1","","","","","3175","",""
"3526","Josh Bortka","26","A","MIN","","","1","","","","","3177","",""
"3527","Bennett Flynn","25","A","TOR","","","1","","","","","3179","",""
"3528","Melvin Cuevas","21","A","MIA","","","1","","","","","3182","",""
"3529","Rafael Arias","22","CPX","NYY","","","1","","","","","3183","",""
"3530","Jeison Calvo","20","CPX","ARI","","","1","","","","","3184","",""
"3531","Roiner Quintana","21","CPX","HOU","","","1","","","","","3186","",""
"3532","Aneuris Rodriguez","22","A+","BAL","","","1","","","","","3190","",""
"3533","Edgar Alfonso","22","CPX","LAA","","","1","","","","","3193","",""
"3534","Dane Lais","21","CPX","SDP","","","1","","","","","3196","",""
"3535","Jezler Baules","20","CPX","KCR","","","1","","","","","3201","",""
"3536","Ruben Ramirez","21","CPX","SEA","","","1","","","","","3202","",""
"3537","Andry Batista","19","CPX","TEX","","","1","","","","","3203","",""
"3538","Jhoniel Serrano","22","A","MIA","","","1","","","","","3207","",""
"3539","Jorge Gonzalez","23","A+","LAD","","","1","","","","","3209","",""
"3540","Santiago Gomez","22","A","NYY","","","1","","","","","3211","",""
"3541","Braden Osbolt","21","CPX","CIN","","","1","","","","","3212","",""
"3542","Johan Rodriguez","23","A","SFG","","","1","","","","","3213","",""
"3543","Matt Barr","20","CPX","MIN","","","1","","","","","3216","",""
"3544","Johnathan Rogers","21","CPX","DET","","","1","","","","","3219","",""
"3545","Wyatt Hoffman","27","AA","SDP","","","1","","","","","3229","",""
"3546","Spencer Green","21","CPX","LAD","","","1","","","","","3232","",""
"3547","Jesus Clode","24","A","PIT","","","1","","","","","3235","",""
"3548","Jorge De Leon","23","A","NYM","","","1","","","","","3237","",""
"3549","Grant Smith","25","CPX","CHW","","","1","","","","","3250","",""
"3550","Fran Oschell III","23","A+","LAA","","","1","","","","","3254","",""
"3551","Jose Nova","24","A+","MIL","","","1","","","","","3255","",""
"3552","Rainy Mota","20","CPX","PHI","","","1","","","","","3257","",""
"3553","Jacob Remily","20","CPX","CLE","","","1","","","","","3260","",""
"3554","Norbis Diaz","21","A+","HOU","","","1","","","","","3264","",""
"3555","Jermayne Verdu","19","CPX","NYM","","","1","","","","","3265","",""
"3556","Brennen Oxford","26","A+","MIN","","","1","","","","","3267","",""
"3557","Edwin Cervantes","21","CPX","CIN","","","1","","","","","3272","",""
"3558","Anthony Huezo","20","CPX","HOU","","","1","","","","","3276","",""
"3559","Jose Taveras","20","CPX","LAD","","","1","","","","","3281","",""
"3560","Charles Harrison","24","A","STL","","","1","","","","","3284","",""
"3561","Leonardo Leon","20","CPX","DET","","","1","","","","","3285","",""
"3562","Wanmer Ramirez","22","CPX","DET","","","1","","","","","3286","",""
"3563","Ronaldys Jimenez","20","CPX","PIT","","","1","","","","","3287","",""
"3564","Joel Cesar","30","AA","MIN","","","1","","","","","3289","",""
"3565","Raimundo De Los Santos","21","CPX","TOR","","","1","","","","","3291","",""
"3566","Julio Zapata","23","A","CLE","","","1","","","","","3294","",""
"3567","Carson Latimer","22","CPX","CIN","","","1","","","","","3296","",""
"3568","Caleb Pendleton","24","A+","LAA","","","1","","","","","3297","",""
"3569","Yovannki Pascual","23","A","SDP","","","1","","","","","3299","",""
"3570","Diego Perez","17","CPX","CHW","","","1","","","","","3301","",""
"3571","Wyatt Young","26","AA","NYM","","","1","","","","","3304","",""
"3572","David Landeta","23","A","HOU","","","1","","","","","3305","",""
"3573","Austin Aldeano","22","A","CLE","","","1","","","","","3307","",""
"3574","Yoralbert Cadiz","21","CPX","NYM","","","1","","","","","3308","",""
"3575","Andrews Sosa","21","CPX","HOU","","","1","","","","","3309","",""
"3576","Abel Fuerte","21","A","ARI","","","1","","","","","3310","",""
"3577","Shawndrick Oduber","21","A","LAD","","","1","","","","","3312","",""
"3578","Raymon Rosario","21","A","PHI","","","1","","","","","3314","",""
"3579","Juan Sanchez","23","A","NYY","","","1","","","","","3322","",""
"3580","Hudson White","23","A+","BOS","","","1","","","","","3323","",""
"3581","Cory Geinzer","19","CPX","TEX","","","1","","","","","3324","",""
"3582","Albert Polanco","21","CPX","MIA","","","1","","","","","3325","",""
"3583","Roinny Aguiar","21","CPX","PIT","","","1","","","","","3328","",""
"3584","Diego Figueroa","20","CPX","KCR","","","1","","","","","3329","",""
"3585","Moises Meza","20","CPX","COL","","","1","","","","","3331","",""
"3586","Octavio Becerra","25","A","LAD","","","1","","","","","3333","",""
"3587","Branneli Franco","19","CPX","STL","","","1","","","","","3335","",""
"3588","Melvin Rodriguez","20","CPX","MIN","","","1","","","","","3338","",""
"3589","Franyer Noria","21","CPX","BOS","","","1","","","","","3342","",""
"3590","Camilo Hernandez","22","A","OAK","","","1","","","","","3351","",""
"3591","Oliver Sirotti","19","CPX","OAK","","","1","","","","","3352","",""
"3592","Michael Vilchez","22","A","LAD","","","1","","","","","3353","",""
"3593","Alexander De Los Santos","19","CPX","PHI","","","1","","","","","3354","",""
"3594","Bernardo Rivera","21","CPX","TEX","","","1","","","","","3355","",""
"3595","Omar Urbina","20","CPX","BAL","","","1","","","","","3357","",""
"3596","Marlin Willis","28","AA","KCR","","","1","","","","","3358","",""
"3597","Gabriel Agostini","21","A","WSN","","","1","","","","","3359","",""
"3598","Ethan Wagner","20","CPX","HOU","","","1","","","","","3360","",""
"3599","Josue Lopez","24","CPX","CIN","","","1","","","","","3361","",""
"3600","Raminel Almonte","19","CPX","ARI","","","1","","","","","3362","",""
"3601","Alan Trejo","30","MLB","FA","","","1","","","","","3364","",""
"3602","Gregori Ramirez","21","A","ARI","","","1","","","","","3365","",""
"3603","Julio Bonilla","25","A+","MIN","","","1","","","","","3370","",""
"3604","Angel Bello","19","CPX","CHW","","","1","","","","","3372","",""
"3605","Heribert Silva","20","CPX","CLE","","","1","","","","","3374","",""
"3606","Anderson Navas","19","CPX","PHI","","","1","","","","","3377","",""
"3607","Kelvin Rosario","19","CPX","ARI","","","1","","","","","3378","",""
"3608","Oswal Rodriguez","21","CPX","KCR","","","1","","","","","3381","",""
"3609","Mack Estrada","21","CPX","NYY","","","1","","","","","3382","",""
"3610","Mario Zabala","24","A","SDP","","","1","","","","","3383","",""
"3611","Rony Calderon","18","CPX","BOS","","","1","","","","","3384","",""
"3612","Maximo Rodriguez","20","CPX","SEA","","","1","","","","","3385","",""
"3613","Josue Toledo","20","CPX","MIL","","","1","","","","","3386","",""
"3614","Luke Roupe","19","CPX","MIL","","","1","","","","","3387","",""
"3615","David Rodriguez","22","CPX","KCR","","","1","","","","","3391","",""
"3616","Jordan Jackson","27","A+","SEA","","","1","","","","","3393","",""
"3617","Mikey Kane","24","A","CHW","","","1","","","","","3394","",""
"3618","Biembenido Brito","23","CPX","COL","","","1","","","","","3397","",""
"3619","Colby Frieda","23","CPX","WSN","","","1","","","","","3400","",""
"3620","Carlos Avila","22","CPX","LAD","","","1","","","","","3404","",""
"3621","Eider Machuca","21","CPX","MIN","","","1","","","","","3407","",""
"3622","Eyeksson Rojas","20","CPX","WSN","","","1","","","","","3409","",""
"3623","Mason Auer","25","AA","TBR","","","1","","","","","3410","",""
"3624","Freddy Pacheco","28","AAA","FA","","","1","","","","","3412","",""
"3625","Caleb Franzen","25","A+","SEA","","","1","","","","","3413","",""
"3626","Camilo Sanchez","23","A","WSN","","","1","","","","","3414","",""
"3627","Koyo Aoyagi","32","AAA","PHI","","","1","","","","","3415","",""
"3628","Josnaider Orellana","21","CPX","BAL","","","1","","","","","3417","",""
"3629","Ismael Javier","20","CPX","SDP","","","1","","","","","3418","",""
"3630","Jesus Lopez","20","A","SDP","","","1","","","","","3421","",""
"3631","Dan Kubiuk","30","AA","ARI","","","1","","","","","3422","",""
"3632","Manuel Perez","20","CPX","OAK","","","1","","","","","3423","",""
"3633","Hector Salas","22","CPX","HOU","","","1","","","","","3424","",""
"3634","Porfirio Ramos","22","CPX","HOU","","","1","","","","","3425","",""
"3635","Chris Lopez","21","CPX","STL","","","1","","","","","3426","",""
"3636","Bryan Sanchez","23","A","WSN","","","1","","","","","3428","",""
"3637","Reese Sharp","25","A+","BAL","","","1","","","","","3431","",""
"3638","Estarlin Escalante","22","A","NYM","","","1","","","","","3432","",""
"3639","Juan Severino","22","CPX","STL","","","1","","","","","3436","",""
"3640","Carlos Caro","21","CPX","PIT","","","1","","","","","3438","",""
"3641","Maximo Martinez","22","CPX","CHW","","","1","","","","","3439","",""
"3642","Ruben Salinas","23","A","SDP","","","1","","","","","3440","",""
"3643","Rolando De La Cruz","25","A","LAA","","","1","","","","","3444","",""
"3644","Leodarlyn Colon","21","CPX","WSN","","","1","","","","","3447","",""
"3645","Ismael Michel","24","A","KCR","","","1","","","","","3449","",""
"3646","Gabriel Colmenarez","20","CPX","MIL","","","1","","","","","3450","",""
"3647","Aaron Holiday","26","A+","STL","","","1","","","","","3451","",""
"3648","Victor Brea","23","CPX","ARI","","","1","","","","","3453","",""
"3649","Harlin Naut","21","CPX","BAL","","","1","","","","","3455","",""
"3650","Trey Braithwaite","28","AA","CIN","","","1","","","","","3461","",""
"3651","Isaac Silva","23","CPX","BAL","","","1","","","","","3462","",""
"3652","Wilfredo Henriquez","23","A","MIA","","","1","","","","","3467","",""
"3653","Connor Godwin","24","A","LAD","","","1","","","","","3468","",""
"3654","Marcus Morgan","23","A","PHI","","","1","","","","","3470","",""
"3655","Yeison Martinez","18","CPX","PIT","","","1","","","","","3471","",""
"3656","Yan Mago","22","CPX","ARI","","","1","","","","","3472","",""
"3657","Jean Reyes","23","A","MIA","","","1","","","","","3474","",""
"3658","Jorge Herrera","23","CPX","KCR","","","1","","","","","3475","",""
"3659","Marcelo Valladares","21","CPX","CHW","","","1","","","","","3477","",""
"3660","John Cristino","26","CPX","NYY","","","1","","","","","3479","",""
"3661","Vince Vannelle","28","AA","CHW","","","1","","","","","3480","",""
"3662","Endrys Briceno","34","AAA","LAA","","","1","","","","","3482","",""
"3663","Owen Stevenson","23","A","TBR","","","1","","","","","3483","",""
"3664","Deivid Burgos","21","CPX","CIN","","","1","","","","","3486","",""
"3665","Diego Viloria","23","A","BOS","","","1","","","","","3488","",""
"3666","Luis Ghisays","20","CPX","CHC","","","1","","","","","3497","",""
"3667","Amilcar Medina","21","CPX","OAK","","","1","","","","","3498","",""
"3668","Jose Ortega","21","CPX","SDP","","","1","","","","","3499","",""
"3669","Sunayro Martina","22","A","NYY","","","1","","","","","3501","",""
"3670","Gijs Van Den Brink","20","CPX","KCR","","","1","","","","","3503","",""
"3671","Luis Amador","18","CPX","HOU","","","1","","","","","3508","",""
"3672","Cristopher Aranguren","20","CPX","CHC","","","1","","","","","3509","",""
"3673","Christopher Cordero","17","CPX","BOS","","","1","","","","","3510","",""
"3674","Jarol Baez","20","CPX","STL","","","1","","","","","3513","",""
"3675","Aldrin Gonzalez","20","CPX","MIL","","","1","","","","","3518","",""
"3676","Jose Vasquez","21","A","LAD","","","1","","","","","3522","",""
"3677","Juan Cota","21","CPX","MIN","","","1","","","","","3523","",""
"3678","Dailoui Abad","24","A","LAD","","","1","","","","","3524","",""
"3679","Shay Timmer","23","A","DET","","","1","","","","","3525","",""
"3680","Leonardo Rondon","19","CPX","MIN","","","1","","","","","3530","",""
"3681","Naimer Rosario","19","CPX","ARI","","","1","","","","","3532","",""
"3682","Nate LaRue","24","A+","TOR","","","1","","","","","3534","",""
"3683","Fabian Gallardo","20","CPX","LAA","","","1","","","","","3537","",""
"3684","Tejahari Wilson","19","CPX","BOS","","","1","","","","","3538","",""
"3685","Omar Montano","20","CPX","MIN","","","1","","","","","3541","",""
"3686","Maxwel Hernandez","23","A+","PHI","","","1","","","","","3542","",""
"3687","Roberto Medina","21","CPX","TBR","","","1","","","","","3543","",""
"3688","Anthony Steele","23","CPX","BAL","","","1","","","","","3546","",""
"3689","Pitterson Rosa","21","A","PIT","","","1","","","","","3547","",""
"3690","Ayendy Bravo","19","A+","MIL","","","1","","","","","3548","",""
"3691","Michael Valverde","23","A","TEX","","","1","","","","","3550","",""
"3692","Dominic Castellano","22","A","SEA","","","1","","","","","3551","",""
"3693","Grant Cherry","23","A","TEX","","","1","","","","","3554","",""
"3694","Eli Trop","24","A","PHI","","","1","","","","","3562","",""
"3695","Clarence Martina","21","CPX","WSN","","","1","","","","","3564","",""
"3696","Leandro Hernandez","24","A","MIA","","","1","","","","","3567","",""
"3697","Cayman Goode","20","CPX","ATL","","","1","","","","","3568","",""
"3698","Jeckferxon Hernandez","23","A","MIA","","","1","","","","","3569","",""
"3699","Gant Starling","25","CPX","COL","","","1","","","","","3570","",""
"3700","Joel Ibarra","23","AA","PIT","","","1","","","","","3573","",""
"3701","Joneiker Arellano","21","CPX","CIN","","","1","","","","","3575","",""
"3702","Cooper Hummel","31","MLB","FA","","","1","","","","","3577","",""
"3703","Jack Snyder","27","AA","TBR","","","1","","","","","3578","",""
"3704","Reudis Diaz","20","CPX","CHW","","","1","","","","","3580","",""
"3705","Bryce Alewine","21","A","DET","","","1","","","","","3586","",""
"3706","Natanael Polanco","23","AA","MIA","","","1","","","","","3588","",""
"3707","Anthony Crespo","22","CPX","NYM","","","1","","","","","3590","",""
"3708","Jordy Arias","20","CPX","TEX","","","1","","","","","3591","",""
"3709","Yohemy Nolasco","22","A","CHW","","","1","","","","","3592","",""
"3710","Andrew Dunford","21","CPX","DET","","","1","","","","","3600","",""
"3711","Grabiel Salazar","25","A+","BAL","","","1","","","","","3601","",""
"3712","Curtis Washington Jr.","26","A+","SEA","","","1","","","","","3602","",""
"3713","Hansel Rosario","23","CPX","NYY","","","1","","","","","3604","",""
"3714","Cole Raymond","19","CPX","LAA","","","1","","","","","3605","",""
"3715","Yonny Hernandez","28","MLB","MIL","","","1","","","","","3607","",""
"3716","Patrick Crotty","18","CPX","PHI","","","1","","","","","3609","",""
"3717","Keiber Armas","23","A","TEX","","","1","","","","","3614","",""
"3718","Engel Silvestre","20","CPX","COL","","","1","","","","","3615","",""
"3719","Alexander Almonte","19","CPX","NYY","","","1","","","","","3616","",""
"3720","Manuel Davila","18","CPX","MIL","","","1","","","","","3617","",""
"3721","Jorge Luna","21","CPX","NYY","","","1","","","","","3620","",""
"3722","Victor Trejo","20","CPX","PIT","","","1","","","","","3623","",""
"3723","Jun-Seok Shim","22","CPX","MIA","","","1","","","","","3624","",""
"3724","Gilberto Lopez","22","CPX","TEX","","","1","","","","","3625","",""
"3725","Juan Olmos","21","CPX","ATL","","","1","","","","","3626","",""
"3726","Dawel Serda","21","CPX","ARI","","","1","","","","","3629","",""
"3727","Jose Fernandez","22","A","MIA","","","1","","","","","3630","",""
"3728","Yander Maria","19","CPX","CHC","","","1","","","","","3631","",""
"3729","Cesar Familia","18","CPX","CHW","","","1","","","","","3633","",""
"3730","Yeimison Arias","21","CPX","TEX","","","1","","","","","3636","",""
"3731","Yomar De La Rosa","21","CPX","BOS","","","1","","","","","3637","",""
"3732","Roderick Flores","19","CPX","MIL","","","1","","","","","3639","",""
"3733","Alejandro Mendez","25","A+","BAL","","","1","","","","","3641","",""
"3734","Jhon Cabral","20","CPX","MIA","","","1","","","","","3646","",""
"3735","Jovi Galvez","21","A","STL","","","1","","","","","3647","",""
"3736","Francis Marte","20","CPX","OAK","","","1","","","","","3648","",""
"3737","Will Frisch","25","A","CHC","","","1","","","","","3649","",""
"3738","Denny Lima","21","CPX","CHW","","","1","","","","","3650","",""
"3739","Pedro Reyes","23","A","PHI","","","1","","","","","3651","",""
"3740","Enderjer Sifontes","23","A","LAA","","","1","","","","","3652","",""
"3741","Cesar Maiz","18","CPX","CIN","","","1","","","","","3653","",""
"3742","Luke Anderson","27","A+","OAK","","","1","","","","","3655","",""
"3743","Franderly Morel","22","CPX","LAD","","","1","","","","","3656","",""
"3744","Teague Conrad","25","CPX","MIN","","","1","","","","","3659","",""
"3745","Nick Bitsko","24","A","TBR","","","1","","","","","3660","",""
"3746","Freigher Barco","20","CPX","TOR","","","1","","","","","3661","",""
"3747","Evelio Hernandez","22","CPX","CLE","","","1","","","","","3662","",""
"3748","Geovanny Vasquez","22","CPX","CHC","","","1","","","","","3663","",""
"3749","Mason Pelio","25","A+","CIN","","","1","","","","","3664","",""
"3750","Samuel Fabian","23","A","STL","","","1","","","","","3665","",""
"3751","Kendal Meza","20","CPX","SEA","","","1","","","","","3667","",""
"3752","Alvin Guzman","24","A","ARI","","","1","","","","","3668","",""
"3753","Jackson Grounds","21","CPX","PIT","","","1","","","","","3669","",""
"3754","Colson Lawrence","24","A","ATL","","","1","","","","","3670","",""
"3755","Yarison Ruiz","26","CPX","NYY","","","1","","","","","3671","",""
"3756","Matthew Hoskins","22","CPX","TBR","","","1","","","","","3672","",""
"3757","Andrew Huffman","26","CPX","MIN","","","1","","","","","3674","",""
"3758","John Valle","21","CPX","NYM","","","1","","","","","3676","",""
"3759","Cole Zaffiro","24","A","NYY","","","1","","","","","3677","",""
"3760","Fernando Ramos","23","CPX","PHI","","","1","","","","","3678","",""
"3761","Cam Brown","24","A+","PHI","","","1","","","","","3679","",""
"3762","Ismael Yanez","20","A","MIL","","","1","","","","","3683","",""
"3763","Jose Rengel","20","CPX","SFG","","","1","","","","","3684","",""
"3764","Sergio Villa","20","CPX","CIN","","","1","","","","","3688","",""
"3765","Julio Gutierrez","21","CPX","KCR","","","1","","","","","3689","",""
"3766","Dioris Martinez","20","CPX","PIT","","","1","","","","","3691","",""
"3767","Luke Jewett","23","A","COL","","","1","","","","","3693","",""
"3768","Yuliangel De La Cruz","21","CPX","LAD","","","1","","","","","3695","",""
"3769","Reilin Ramirez","22","CPX","WSN","","","1","","","","","3698","",""
"3770","Jose Ramirez","21","A+","FA","","","1","","","","","3701","",""
"3771","Miguel Valdez","22","A","SDP","","","1","","","","","3702","",""
"3772","Jorge Mercedes","25","AA","MIA","","","1","","","","","3703","",""
"3773","Bladimir Pichardo","20","CPX","PIT","","","1","","","","","3705","",""
"3774","Rolando Anzola","21","CPX","LAA","","","1","","","","","3706","",""
"3775","Modesto Vargas","21","CPX","ARI","","","1","","","","","3707","",""
"3776","Angel Camacho","22","CPX","PIT","","","1","","","","","3709","",""
"3777","Rudit Pina","20","CPX","ATL","","","1","","","","","3711","",""
"3778","Hector Castillo","19","CPX","CLE","","","1","","","","","3714","",""
"3779","Miguel Alvarez","21","CPX","SDP","","","1","","","","","3715","",""
"3780","Weskendry Espinosa","24","CPX","KCR","","","1","","","","","3718","",""
"3781","Daury Zapata","23","CPX","ATL","","","1","","","","","3719","",""
"3782","Jordany Chirinos","20","CPX","CHW","","","1","","","","","3720","",""
"3783","Bryce Schaum","23","A","MIL","","","1","","","","","3722","",""
"3784","Aiberson Ventura","20","CPX","MIN","","","1","","","","","3724","",""
"3785","Paul Chacon","20","CPX","OAK","","","1","","","","","3725","",""
"3786","Yatner Crisostomo","23","CPX","CLE","","","1","","","","","3726","",""
"3787","Noah Manning","24","CPX","SEA","","","1","","","","","3730","",""
"3788","Jesus Delgado","22","CPX","TEX","","","1","","","","","3732","",""
"3789","Nicholas Judice","25","A","BOS","","","1","","","","","3733","",""
"3790","Andres Silvera","21","CPX","PIT","","","1","","","","","3736","",""
"3791","Yoryi Simarra","21","CPX","LAD","","","1","","","","","3739","",""
"3792","Mauricio Colmenares","22","CPX","CIN","","","1","","","","","3740","",""
"3793","Victor Farias","23","A","WSN","","","1","","","","","3741","",""
"3794","Nixon Encarnacion","21","A","LAA","","","1","","","","","3742","",""
"3795","Simon Leandro","24","A","BAL","","","1","","","","","3743","",""
"3796","Carlos Rondon","20","CPX","NYY","","","1","","","","","3745","",""
"3797","Joel Heredia","22","CPX","PHI","","","1","","","","","3746","",""
"3798","Kevin Dowdell","26","A","WSN","","","1","","","","","3747","",""
"3799","William Maynard","23","A","LAD","","","1","","","","","3748","",""
"3800","Joelvis Perez","21","CPX","CLE","","","1","","","","","3749","",""
"3801","Wilson Lopez","23","A","NYM","","","1","","","","","3754","",""
"3802","Joe Perez","26","CPX","FA","","","1","","","","","3755","",""
"3803","Randy Beriguete","23","A","BAL","","","1","","","","","3758","",""
"3804","Deivy Paulino","21","CPX","NYM","","","1","","","","","3760","",""
"3805","Jeyderson Mora","21","CPX","BAL","","","1","","","","","3761","",""
"3806","Omari Daniel","22","CPX","DET","","","1","","","","","3764","",""
"3807","Luis Morellis","22","CPX","CIN","","","1","","","","","3766","",""
"3808","Samuel Perez","21","CPX","CIN","","","1","","","","","3768","",""
"3809","Angel Vizcaino","20","CPX","OAK","","","1","","","","","3769","",""
"3810","Johan Contreras","21","CPX","NYY","","","1","","","","","3770","",""
"3811","Jesus Anton","20","CPX","NYM","","","1","","","","","3772","",""
"3812","Carlos De La Rosa","21","CPX","KCR","","","1","","","","","3773","",""
"3813","Cesar Nunez","19","CPX","CHW","","","1","","","","","3774","",""
"3814","Alan Carpinteiro","19","CPX","SEA","","","1","","","","","3776","",""
"3815","Sthiven Benitez","21","CPX","KCR","","","1","","","","","3777","",""
"3816","Mendry Solano","22","CPX","CIN","","","1","","","","","3779","",""
"3817","Gage Boehm","24","A","SEA","","","1","","","","","3780","",""
"3818","Santiago Peraza","21","CPX","CLE","","","1","","","","","3781","",""
"3819","Jose G. Gonzalez","24","CPX","SFG","","","1","","","","","3782","",""
"3820","Albert Feliz","24","A+","BOS","","","1","","","","","3784","",""
"3821","Diovel Mariano","22","CPX","CLE","","","1","","","","","3786","",""
"3822","Onias Jimenez","22","CPX","ARI","","","1","","","","","3787","",""
"3823","Hayden Vucinovich","19","CPX","MIL","","","1","","","","","3788","",""
"3824","Alexis Paulino","23","CPX","NYY","","","1","","","","","3790","",""
"3825","Alejandro Loaiza","22","CPX","STL","","","1","","","","","3791","",""
"3826","Christian Oliveira","20","CPX","LAD","","","1","","","","","3792","",""
"3827","Angel Bolivar","20","CPX","BAL","","","1","","","","","3794","",""
"3828","Juan Rasquin","20","CPX","BAL","","","1","","","","","3795","",""
"3829","Dawson Price","21","CPX","DET","","","1","","","","","3796","",""
"3830","Andy Luis","23","A","WSN","","","1","","","","","3799","",""
"3831","Eduardo Castillo","22","CPX","CHC","","","1","","","","","3800","",""
"3832","Merlin Bido","20","CPX","BOS","","","1","","","","","3801","",""
"3833","Whilmer Guerra","20","CPX","ATL","","","1","","","","","3804","",""
"3834","Dariel Jaquez","19","CPX","MIL","","","1","","","","","3805","",""
"3835","Will Eldridge","22","CPX","ATL","","","1","","","","","3811","",""
"3836","Elian Serrata","24","A","MIA","","","1","","","","","3812","",""
"3837","Pedro Tucent","23","CPX","TOR","","","1","","","","","3815","",""
"3838","Jesus Castro","21","CPX","SDP","","","1","","","","","3817","",""
"3839","Peyton Glavine","27","A+","WSN","","","1","","","","","3819","",""
"3840","Argenis Aparicio","20","CPX","MIL","","","1","","","","","3820","",""
"3841","Ronny Lopez","23","A","CHC","","","1","","","","","3824","",""
"3842","Doimil Perez","22","CPX","WSN","","","1","","","","","3826","",""
"3843","Jimmy Reyes","20","A","SDP","","","1","","","","","3827","",""
"3844","McLane Moody","19","CPX","PIT","","","1","","","","","3828","",""
"3845","Abis Prado","19","CPX","BOS","","","1","","","","","3829","",""
"3846","Christian Mracna","26","A","TOR","","","1","","","","","3831","",""
"3847","Michael Ramirez","21","CPX","LAD","","","1","","","","","3832","",""
"3848","Elijah Pleasants","26","A+","SFG","","","1","","","","","3833","",""
"3849","Tommy Sheehan","27","CPX","CHW","","","1","","","","","3834","",""
"3850","Gray Thomas","23","CPX","CHW","","","1","","","","","3836","",""
"3851","David Lee","26","CPX","COL","","","1","","","","","3837","",""
"3852","Eddy Alvarez","36","MLB","ATL","","","1","","","","","3838","",""
"3853","Nick Borquez","19","CPX","HOU","","","1","","","","","3839","",""
"3854","Yorvi Pirela","21","CPX","ATL","","","1","","","","","3840","",""
"3855","Chance Nolan","26","CPX","NYY","","","1","","","","","3841","",""
"3856","Fred Fajardo","21","CPX","CHC","","","1","","","","","3843","",""
"3857","Brailyn Paulino","20","CPX","STL","","","1","","","","","3844","",""
"3858","Josue Arias","21","CPX","MIA","","","1","","","","","3847","",""
"3859","Jose Regalado","24","CPX","PIT","","","1","","","","","3848","",""
"3860","Seth Keller","22","A","ATL","","","1","","","","","3849","",""
"3861","Brennan Malone","25","A","PIT","","","1","","","","","3850","",""
"3862","Jhosep Ospino","21","CPX","MIL","","","1","","","","","3851","",""
"3863","Edinson Salgado","21","CPX","KCR","","","1","","","","","3852","",""
"3864","Joaquin Tejada","22","A","PIT","","","1","","","","","3853","",""
"3865","Ernie Day","24","A","STL","","","1","","","","","3854","",""
"3866","Joel Canizalez","23","A","TBR","","","1","","","","","3855","",""
"3867","Luciano Romero","21","CPX","LAD","","","1","","","","","3856","",""
"3868","Luis Mata","20","CPX","CHC","","","1","","","","","3858","",""
"3869","Luis Tejeda","21","CPX","COL","","","1","","","","","3859","",""
"3870","Haminton Mendez","22","A+","LAA","","","1","","","","","3860","",""
"3871","Jan Hechavarria","22","CPX","LAA","","","1","","","","","3862","",""
"3872","Darian Rivero","20","CPX","CHC","","","1","","","","","3864","",""
"3873","Alvaro Benua","23","CPX","LAD","","","1","","","","","3866","",""
"3874","Jeison Payano","20","CPX","BOS","","","1","","","","","3867","",""
"3875","Alexis De La Cruz","21","CPX","PHI","","","1","","","","","3868","",""
"3876","Darlin Mendez","21","CPX","SDP","","","1","","","","","3870","",""
"3877","Braden Quinn","23","A","ARI","","","1","","","","","3871","",""
"3878","Andrew Carson","26","A","SEA","","","1","","","","","3872","",""
"3879","Juan Henriquez","20","CPX","BOS","","","1","","","","","3873","",""
"3880","Cesar Rodriguez","21","CPX","ATL","","","1","","","","","3875","",""
"3881","Janzen Keisel","23","A","TBR","","","1","","","","","3876","",""
"3882","Jharold Clemente","23","CPX","TBR","","","1","","","","","3878","",""
"3883","Jeiki Beltran","22","CPX","ATL","","","1","","","","","3879","",""
"3884","Tyler Naquin","35","A+","FA","","","1","","","","","3880","",""
"3885","Luis Garcia","22","CPX","TEX","","","1","","","","","3881","",""
"3886","Langston Burkett","21","CPX","SDP","","","1","","","","","3882","",""
"3887","Carter Rasmussen","22","CPX","BOS","","","1","","","","","3883","",""
"3888","Aneudy Almonte","18","CPX","LAD","","","1","","","","","3884","",""
"3889","Denison Sanchez","20","CPX","BOS","","","1","","","","","3885","",""
"3890","Roiber Talavera","22","CPX","SEA","","","1","","","","","3886","",""
"3891","Jhonly Taveras","21","A","ATL","","","1","","","","","3888","",""
"3892","Yohandri Contreras","19","CPX","OAK","","","1","","","","","3889","",""
"3893","Luis Guillorme","31","MLB","FA","","","1","","","","","3891","",""
"3894","Yoandys Veraza","19","CPX","BOS","","","1","","","","","3892","",""
"3895","Eliazar De Los Santos","23","CPX","OAK","","","1","","","","","3893","",""
"3896","Ezequiel Jimenez","23","CPX","CLE","","","1","","","","","3895","",""
"3897","Ayendy Pena","22","CPX","CIN","","","1","","","","","3896","",""
"3898","Mathew Peters","25","A","CHC","","","1","","","","","3897","",""
"3899","Adrian Acosta","21","CPX","LAA","","","1","","","","","3898","",""
"3900","Luke Thelen","23","A","COL","","","1","","","","","3899","",""
"3901","Roberto Burgos","22","CPX","SDP","","","1","","","","","3901","",""
"3902","Yeferson Silva","21","CPX","OAK","","","1","","","","","3902","",""
"3903","Edward Cedano","20","CPX","ATL","","","1","","","","","3903","",""
"3904","Yoel Correa","24","CPX","ATL","","","1","","","","","3904","",""
"3905","Tim Fischer","21","CPX","LAD","","","1","","","","","3905","",""
"3906","Melvin Hidalgo","20","CPX","ATL","","","1","","","","","3906","",""
"3907","Robinson Narciso","21","CPX","ATL","","","1","","","","","3907","",""
"3908","Jose Pinto","23","CPX","OAK","","","1","","","","","3908","",""
"3909","Bryan Regalado","19","CPX","MIL","","","1","","","","","3909","",""
"3910","Alison Zacarias","20","CPX","COL","","","1","","","","","3910","",""
"3911","Baldemix Cabrera","23","CPX","TBR","","","1","","","","","3911","",""
"3912","Jommy Hernandez","20","CPX","CHW","","","1","","","","","3912","",""
"3913","Marco Patino","21","CPX","ATL","","","1","","","","","3913","",""
"3914","Elvis Reyes","23","CPX","SDP","","","1","","","","","3914","",""
"3915","Donovan Walton","32","MLB","PHI","","","1","","","","","3915","",""
"3916","Yoelvin Chirino","21","CPX","BOS","","","1","","","","","3916","",""
"3917","Wilme Mora","23","CPX","CHC","","","1","","","","","3917","",""
"3918","Noslen Marquez","21","CPX","ATL","","","1","","","","","3918","",""
"3919","Miguel Cruz","22","CPX","CHC","","","1","","","","","3919","",""
"3920","Tyler Kennedy","24","A","PIT","","","1","","","","","3920","",""
"3921","Logan Porter","30","MLB","FA","","","1","","","","","3921","",""