day,mlbam_id,name,role,level,score_030,score_031,delta,rank_030,rank_031,class,continuity_floor_applied,arm_b_buckets
2026-07-23,816113,Eli Willits,hitter,A+,67.55,67.96,0.41,2,2,unintended,False,
2026-07-23,815394,Theo Gillen,hitter,AA,39.38,40.18,0.8,46,42,unintended,False,
2026-07-23,815785,Braylon Doughty,pitcher,AA,33.89,34.73,0.84,69,62,unintended,False,
2026-07-23,703596,Karson Milbrandt,pitcher,AAA,30.34,34.67,4.33,109,63,unintended,False,moderate_thin_sample_confidence
2026-07-23,815352,Caleb Bonemer,hitter,AA,33.32,33.98,0.66,76,69,unintended,False,
2026-07-23,803849,Devin Fitz-Gerald,hitter,AA,29.46,33.72,4.26,130,75,unintended,False,
2026-07-23,694211,Manuel Pena,hitter,AAA,26.33,33.39,7.06,210,78,unintended,False,
2026-07-23,800611,Noble Meyer,pitcher,A,26.26,33.28,7.02,213,80,intended,True,thin_current_sample_confidence
2026-07-23,815792,Chase Harlan,hitter,A+,30.99,31.85,0.86,101,95,unintended,False,
2026-07-23,814409,Seaver King,hitter,AAA,31.73,31.83,0.1,91,96,unintended,False,
2026-07-23,695667,Ben Kudrna,pitcher,AAA,14.53,31.2,16.67,840,103,intended,True,thin_current_sample_confidence
2026-07-23,815304,Josh Adamczewski,hitter,AA,24.38,30.96,6.58,264,108,unintended,False,
2026-07-23,816111,Tate Southisene,hitter,A+,30.45,30.75,0.3,105,110,unintended,False,
2026-07-23,809100,Ixan Henderson,pitcher,A,19.16,30.73,11.57,526,111,intended,True,thin_current_sample_confidence
2026-07-23,703197,Michael Arroyo,hitter,AAA,15.12,29.37,14.25,785,138,unintended,False,
2026-07-23,700164,Bryant Betancourt,hitter,AAA,14.7,29.02,14.32,820,147,unintended,False,
2026-07-23,802126,Joe Whitman,pitcher,AAA,27.7,28.76,1.06,171,155,unintended,False,
2026-07-23,806957,Alfredo Duno,hitter,AA,14.87,28.51,13.64,803,162,unintended,False,
2026-07-23,702484,Jackson Cox,pitcher,AA,26.76,28.27,1.51,200,166,unintended,False,
2026-07-23,828137,Miguel Sime Jr.,pitcher,A+,27.26,27.39,0.13,181,188,unintended,False,
2026-07-23,805207,Caden Bodine,hitter,AA,26.38,26.9,0.52,208,204,unintended,False,
2026-07-23,815873,Sean Keys,hitter,AAA,15.92,26.39,10.47,725,217,unintended,False,
2026-07-23,702650,Michael Forret,pitcher,AAA,22.4,26.13,3.73,350,226,unintended,False,
2026-07-23,694370,Levi Wells,pitcher,AAA,26.1,26.12,0.02,220,227,unintended,False,thin_current_sample_confidence
2026-07-23,815929,Jhonny Level,hitter,A+,23.76,25.84,2.08,285,238,unintended,False,
2026-07-23,800537,Christian Zazueta,pitcher,AA,19.11,25.61,6.5,529,245,unintended,False,moderate_thin_sample_confidence
2026-07-23,803833,Garrett Baumann,pitcher,AAA,21.38,25.45,4.07,405,250,unintended,False,
2026-07-23,691641,Jose Acuna,pitcher,AAA,18.0,25.39,7.39,598,253,unintended,False,
2026-07-23,830402,Kendry Chourio,pitcher,A+,17.81,25.29,7.48,612,258,unintended,False,moderate_thin_sample_confidence
2026-07-23,814351,Lucas Braun,pitcher,AAA,22.65,25.11,2.46,332,261,unintended,False,
2026-07-23,702652,Andrew Fischer,hitter,AA,23.99,24.55,0.56,276,274,unintended,False,
2026-07-23,800540,Hector Osorio,hitter,A+,21.24,24.34,3.1,409,280,unintended,False,
2026-07-23,683363,Matt Wilkinson,pitcher,AAA,18.69,24.02,5.33,560,289,unintended,False,moderate_thin_sample_confidence
2026-07-23,805796,Arjun Nimmala,hitter,AA,23.55,23.66,0.11,292,301,unintended,False,moderate_thin_sample_confidence
2026-07-23,702619,Luke Hill,hitter,AA,14.86,23.5,8.64,807,309,unintended,False,moderate_thin_sample_confidence
2026-07-23,808087,Junior Sanchez,pitcher,AA,19.5,23.49,3.99,503,312,unintended,False,moderate_thin_sample_confidence
2026-07-23,701339,Marek Houston,hitter,AA,22.47,23.16,0.69,345,328,unintended,False,
2026-07-23,815617,Kayson Cunningham,hitter,A+,22.7,23.12,0.42,331,331,unintended,False,
2026-07-23,808129,Juan Flores,hitter,AA,12.24,22.91,10.67,1032,343,unintended,False,moderate_thin_sample_confidence
2026-07-23,694753,Khristian Curtis,pitcher,AAA,17.17,22.77,5.6,653,346,unintended,False,
2026-07-23,809733,Connor Wietgrefe,pitcher,AAA,19.28,22.76,3.48,517,348,unintended,False,
2026-07-23,815626,Ethan Bagwell,pitcher,A+,10.0,22.49,12.49,1217,361,unintended,False,
2026-07-23,691828,Sem Robberse,pitcher,A,22.04,22.46,0.42,368,363,intended,True,thin_current_sample_confidence
2026-07-23,826315,Cole Hertzler,pitcher,AA,15.07,22.41,7.34,791,366,unintended,False,moderate_thin_sample_confidence
2026-07-23,800176,Carlos Sanchez,hitter,AA,9.98,22.32,12.34,1221,372,unintended,False,
2026-07-23,806258,Thomas White,pitcher,AAA,24.68,22.1,-2.58,258,383,unintended,False,thin_current_sample_confidence
2026-07-23,699115,Carlos Jorge,hitter,AAA,10.18,21.93,11.75,1201,389,unintended,False,
2026-07-23,700731,Keiner Delgado,hitter,AAA,10.77,21.7,10.93,1149,400,unintended,False,
2026-07-23,808365,Dameury Pena,hitter,A+,11.05,21.48,10.43,1126,417,unintended,False,
2026-07-23,800305,Jesús  Báez,hitter,AA,12.24,21.32,9.08,1031,428,unintended,False,
2026-07-23,827719,Jake Munroe,hitter,AA,12.86,21.26,8.4,979,430,unintended,False,
2026-07-23,692150,Émilien Pitre,hitter,AA,20.76,21.21,0.45,430,431,unintended,False,
2026-07-23,701178,Rafe Schlesinger,pitcher,AA,18.06,20.8,2.74,595,448,unintended,False,moderate_thin_sample_confidence
2026-07-23,703615,Jose Cabrera,pitcher,AAA,12.25,20.76,8.51,1029,453,unintended,False,moderate_thin_sample_confidence
2026-07-23,696143,Anthony Solometo,pitcher,AA,9.83,20.68,10.85,1243,458,intended,True,thin_current_sample_confidence
2026-07-23,813536,Juan Valera,pitcher,A+,19.55,20.63,1.08,497,462,intended,True,thin_current_sample_confidence
2026-07-23,814430,Brett Callahan,hitter,AAA,11.39,20.53,9.14,1094,469,unintended,False,
2026-07-23,694860,Jake Brooks,pitcher,AAA,13.05,20.39,7.34,960,478,unintended,False,
2026-07-23,807720,Garret Forrester,hitter,AAA,23.01,20.17,-2.84,319,494,unintended,False,thin_current_sample_confidence
2026-07-23,703610,Justin Lamkin,pitcher,AA,22.61,20.17,-2.44,335,495,unintended,False,thin_current_sample_confidence
2026-07-23,702270,Malcolm Moore,hitter,AA,19.54,20.08,0.54,500,502,unintended,False,
2026-07-23,807267,JD Dix,hitter,A+,19.39,19.92,0.53,509,508,unintended,False,
2026-07-23,699151,Jedixson Paez,pitcher,AA,19.92,19.91,-0.01,479,510,unintended,False,thin_current_sample_confidence
2026-07-23,828824,Josiah Ragsdale,hitter,AA,8.6,19.75,11.15,1363,517,unintended,False,
2026-07-23,691021,A.J. Vukovich,hitter,AAA,19.68,19.7,0.02,491,521,unintended,False,thin_current_sample_confidence
2026-07-23,825576,Brandt Thompson,pitcher,AAA,10.77,19.7,8.93,1150,523,unintended,False,moderate_thin_sample_confidence
2026-07-23,689818,David Sandlin,pitcher,AAA,20.18,19.54,-0.64,467,531,unintended,False,thin_current_sample_confidence
2026-07-23,803385,Jay Harry,hitter,AAA,15.83,19.26,3.43,737,547,unintended,False,moderate_thin_sample_confidence
2026-07-23,806263,Brandon Winokur,hitter,AA,13.34,19.01,5.67,935,563,unintended,False,
2026-07-23,701056,Josh Grosz,pitcher,AA,18.99,19.0,0.01,537,564,unintended,False,thin_current_sample_confidence
2026-07-23,679922,Carlos Duran,pitcher,AAA,18.97,18.99,0.02,539,565,unintended,False,thin_current_sample_confidence
2026-07-23,800125,Fernando Perez,pitcher,AA,17.01,18.73,1.72,659,583,intended,True,thin_current_sample_confidence
2026-07-23,805127,Devin Taylor,hitter,AA,18.35,18.67,0.32,579,587,unintended,False,
2026-07-23,701780,Tanner McDougal,pitcher,AAA,19.03,18.38,-0.65,535,605,unintended,False,thin_current_sample_confidence
2026-07-23,701750,Bennett Thompson,hitter,AA,5.3,18.2,12.9,1662,611,unintended,False,
2026-07-23,678142,Cedric De Grandpre,pitcher,AA,14.84,18.09,3.25,809,617,unintended,False,
2026-07-23,809844,Kien Vu,hitter,AA,4.6,17.74,13.14,1751,640,unintended,False,
2026-07-23,824600,Riley Maddox,pitcher,AA,5.84,17.69,11.85,1618,646,unintended,False,
2026-07-23,682982,Daniel Espino,pitcher,AAA,17.62,17.64,0.02,626,651,unintended,False,thin_current_sample_confidence
2026-07-23,834978,Danny Thompson Jr.,pitcher,AA,11.11,17.59,6.48,1115,655,unintended,False,moderate_thin_sample_confidence
2026-07-23,701337,Ethan Petry,hitter,AA,16.99,17.4,0.41,661,666,unintended,False,
2026-07-23,682769,Eiberson Castellano,pitcher,AAA,13.08,17.26,4.18,957,676,unintended,False,
2026-07-23,809840,Micah Ashman,pitcher,AA,17.49,17.22,-0.27,634,678,unintended,False,thin_current_sample_confidence
2026-07-23,800231,Won-Bin Cho,hitter,AA,6.77,17.18,10.41,1523,682,unintended,False,
2026-07-23,805790,Cody Bowker,pitcher,A+,11.14,17.15,6.01,1111,683,unintended,False,moderate_thin_sample_confidence
2026-07-23,807716,Ty Langenberg,pitcher,AAA,16.04,17.05,1.01,718,688,unintended,False,moderate_thin_sample_confidence
2026-07-23,800569,Alberto Barriga,hitter,AA,10.2,16.97,6.77,1199,692,unintended,False,moderate_thin_sample_confidence
2026-07-23,703680,Brandon Compton,hitter,AA,15.89,16.93,1.04,729,696,unintended,False,
2026-07-23,805942,Zach Royse,pitcher,A+,9.66,16.93,7.27,1260,697,unintended,False,
2026-07-23,828599,Lucas Spence,hitter,AAA,5.2,16.92,11.72,1674,699,unintended,False,
2026-07-23,807485,Davian Garcia,pitcher,AA,16.88,16.85,-0.03,670,703,unintended,False,thin_current_sample_confidence
2026-07-23,682620,Richard Gallardo,pitcher,AAA,15.42,16.5,1.08,765,722,unintended,False,moderate_thin_sample_confidence
2026-07-23,813715,Khadim Diaw,hitter,AA,9.99,16.49,6.5,1219,723,unintended,False,
2026-07-23,800017,Jose Montero,pitcher,AA,13.11,16.2,3.09,950,743,unintended,False,moderate_thin_sample_confidence
2026-07-23,827408,Ramon Marquez,pitcher,A+,12.07,15.88,3.81,1044,765,unintended,False,moderate_thin_sample_confidence
2026-07-23,699314,David Davalillo,pitcher,AAA,14.4,15.86,1.46,852,768,unintended,False,moderate_thin_sample_confidence
2026-07-23,687223,Carson Palmquist,pitcher,AAA,15.71,15.73,0.02,746,775,unintended,False,thin_current_sample_confidence
2026-07-23,691437,Adrian Pinto,hitter,AA,17.98,15.66,-2.32,599,781,unintended,False,thin_current_sample_confidence
2026-07-23,801796,Eli Jones,pitcher,AA,5.51,15.61,10.1,1643,785,unintended,False,moderate_thin_sample_confidence
2026-07-23,821150,Enddy Azocar,hitter,A+,15.29,15.39,0.1,774,801,unintended,False,moderate_thin_sample_confidence
2026-07-23,695604,T.J. White,hitter,AA,8.33,15.38,7.05,1395,804,unintended,False,moderate_thin_sample_confidence
2026-07-23,700255,Jacob Steinmetz,pitcher,A,12.6,15.17,2.57,996,815,intended,True,thin_current_sample_confidence
2026-07-23,802357,Drue Hackenberg,pitcher,AAA,18.83,15.12,-3.71,549,819,unintended,False,thin_current_sample_confidence
2026-07-23,802410,Jacob Zibin,pitcher,A+,10.09,15.12,5.03,1207,820,unintended,False,moderate_thin_sample_confidence
2026-07-23,695722,Boston Smith,hitter,AA,2.08,15.06,12.98,2073,827,unintended,False,
2026-07-23,807993,Nicolas Carreno,pitcher,A+,9.17,15.0,5.83,1316,831,unintended,False,moderate_thin_sample_confidence
2026-07-23,804123,Joey Volini,pitcher,AA,15.78,14.99,-0.79,742,833,unintended,False,thin_current_sample_confidence
2026-07-23,811765,Deniel Ortiz,hitter,AA,16.9,14.93,-1.97,667,835,unintended,False,thin_current_sample_confidence
2026-07-23,691292,Angel Ortiz,hitter,AAA,14.69,14.92,0.23,824,836,unintended,False,moderate_thin_sample_confidence
2026-07-23,805074,Yunior Marte,pitcher,AA,13.66,14.83,1.17,909,846,unintended,False,moderate_thin_sample_confidence
2026-07-23,815793,Carter Johnson,hitter,A+,13.88,14.77,0.89,894,851,unintended,False,
2026-07-23,529017,Alexander Cornielle,pitcher,AAA,17.85,14.62,-3.23,609,864,unintended,False,thin_current_sample_confidence
2026-07-23,815501,Bryce Meccage,pitcher,A+,14.4,14.38,-0.02,851,884,unintended,False,thin_current_sample_confidence
2026-07-23,800452,Jose Chirinos,pitcher,A+,13.66,14.32,0.66,908,889,unintended,False,moderate_thin_sample_confidence
2026-07-23,831572,Carson Fischer,pitcher,A+,2.35,14.29,11.94,2049,892,unintended,False,
2026-07-23,691414,Yorman Gómez,pitcher,AAA,14.15,14.17,0.02,873,901,unintended,False,thin_current_sample_confidence
2026-07-23,687210,Nathan Martorella,hitter,AAA,14.15,14.13,-0.02,871,906,unintended,False,thin_current_sample_confidence
2026-07-23,805880,Tanner Thach,hitter,A+,2.65,14.08,11.43,2016,914,unintended,False,
2026-07-23,808893,Bryan Balzer,pitcher,A+,1.42,14.05,12.63,2122,917,unintended,False,
2026-07-23,702331,Noah Mendlinger,hitter,AAA,9.0,13.96,4.96,1326,923,unintended,False,moderate_thin_sample_confidence
2026-07-23,824028,Gage Miller,hitter,AAA,13.72,13.9,0.18,903,927,unintended,False,moderate_thin_sample_confidence
2026-07-23,804614,Marco Vargas,hitter,AA,14.57,13.9,-0.67,835,928,unintended,False,thin_current_sample_confidence
2026-07-23,804985,Jack Anker,pitcher,A+,5.05,13.89,8.84,1691,930,unintended,False,
2026-07-23,834240,Ryan Wideman,hitter,A+,5.18,13.84,8.66,1675,932,unintended,False,
2026-07-23,808024,Carlos Virahonda,hitter,A+,4.0,13.79,9.79,1828,938,unintended,False,
2026-07-23,686544,Nestor Lorant,pitcher,AA,8.17,13.7,5.53,1411,944,unintended,False,moderate_thin_sample_confidence
2026-07-23,696062,Wilber Dotel,pitcher,AAA,14.87,13.68,-1.19,805,945,unintended,False,thin_current_sample_confidence
2026-07-23,691006,Kevin Parada,hitter,AAA,8.38,13.58,5.2,1391,951,unintended,False,moderate_thin_sample_confidence;upper_level_low_impact_hitter_model_sample
2026-07-23,682633,Eduardo Garcia,hitter,AAA,4.2,13.5,9.3,1800,956,unintended,False,moderate_thin_sample_confidence
2026-07-23,807291,Caden Scarborough,pitcher,A+,13.39,13.36,-0.03,928,971,unintended,False,thin_current_sample_confidence
2026-07-23,691616,Hedbert Perez,hitter,AA,14.4,13.23,-1.17,849,981,unintended,False,thin_current_sample_confidence
2026-07-23,691185,Maximo Acosta,hitter,AAA,13.19,13.21,0.02,946,984,unintended,False,thin_current_sample_confidence
2026-07-23,691893,Jean Cabrera,pitcher,AAA,10.51,13.19,2.68,1170,985,unintended,False,moderate_thin_sample_confidence
2026-07-23,692405,Jeremy Rivas,hitter,AAA,9.59,13.11,3.52,1268,989,unintended,False,moderate_thin_sample_confidence
2026-07-23,804670,Ryan Birchard,pitcher,AA,13.06,13.04,-0.02,959,998,unintended,False,thin_current_sample_confidence
2026-07-23,691941,Calvin Harris,hitter,AA,13.01,12.81,-0.2,965,1019,unintended,False,thin_current_sample_confidence
2026-07-23,815043,Simon Miller,pitcher,AA,11.15,12.76,1.61,1109,1021,intended,True,thin_current_sample_confidence
2026-07-23,813400,Jack Winnay,hitter,AA,3.32,12.75,9.43,1918,1022,unintended,False,
2026-07-23,806270,Dominic Perachi,pitcher,AA,13.36,12.71,-0.65,933,1024,unintended,False,thin_current_sample_confidence
2026-07-23,690985,Colby Halter,hitter,AAA,5.94,12.66,6.72,1612,1026,unintended,False,moderate_thin_sample_confidence
2026-07-23,822514,Max Banks,pitcher,A+,4.15,12.63,8.48,1810,1031,unintended,False,
2026-07-23,800387,Fernando Peguero,hitter,AAA,4.1,12.56,8.46,1819,1038,unintended,False,moderate_thin_sample_confidence
2026-07-23,823790,Will McCausland,pitcher,A+,2.2,12.41,10.21,2061,1054,unintended,False,
2026-07-23,699276,Jose Olivares,pitcher,AA,13.02,12.35,-0.67,964,1059,unintended,False,thin_current_sample_confidence
2026-07-23,692368,Adrián Sugastey,hitter,AAA,12.49,12.21,-0.28,1006,1072,unintended,False,thin_current_sample_confidence
2026-07-23,814346,Dylan Watts,pitcher,A+,1.67,12.19,10.52,2105,1076,unintended,False,moderate_thin_sample_confidence
2026-07-23,688354,Hayden Minton,pitcher,AA,6.19,12.11,5.92,1589,1080,unintended,False,
2026-07-23,807728,Carter Graham,hitter,AA,0.79,11.88,11.09,2182,1097,unintended,False,
2026-07-23,832307,Jack Kartsonas,pitcher,AA,0.2,11.88,11.68,2239,1098,unintended,False,
2026-07-23,822477,JB Middleton,pitcher,A,11.43,11.45,0.02,1089,1125,unintended,False,thin_current_sample_confidence
2026-07-23,801075,Walker Janek,hitter,AA,11.45,11.11,-0.34,1086,1148,unintended,False,thin_current_sample_confidence
2026-07-23,803291,Christian Oppor,pitcher,AA,11.06,11.08,0.02,1124,1150,unintended,False,thin_current_sample_confidence
2026-07-23,686445,Sammy Siani,hitter,AA,10.96,10.98,0.02,1133,1163,unintended,False,thin_current_sample_confidence
2026-07-23,691405,Juan Benjamin,hitter,AAA,0,10.96,10.96,2384,1165,unintended,False,moderate_thin_sample_confidence
2026-07-23,814384,Alexander Meckley,pitcher,A+,5.59,10.91,5.32,1635,1166,unintended,False,moderate_thin_sample_confidence
2026-07-23,807748,Kannon Kemp,pitcher,A+,9.75,10.9,1.15,1250,1170,intended,True,thin_current_sample_confidence
2026-07-23,696286,Davis Diaz,hitter,AA,10.71,10.85,0.14,1155,1174,unintended,False,moderate_thin_sample_confidence
2026-07-23,822966,John Taylor,hitter,AAA,8.62,10.74,2.12,1362,1187,unintended,False,moderate_thin_sample_confidence
2026-07-23,801507,Jake Cunningham,hitter,AA,1.97,10.42,8.45,2082,1208,unintended,False,
2026-07-23,677601,Keyber Rodriguez,hitter,AAA,6.66,10.37,3.71,1539,1212,unintended,False,moderate_thin_sample_confidence
2026-07-23,695646,Peter Heubeck,pitcher,AA,9.99,9.96,-0.03,1220,1250,unintended,False,thin_current_sample_confidence
2026-07-23,801643,Owen Wild,pitcher,AAA,9.18,9.83,0.65,1312,1268,unintended,False,moderate_thin_sample_confidence
2026-07-23,808825,Andrew Sears,pitcher,AA,14.24,9.78,-4.46,861,1273,unintended,False,thin_current_sample_confidence
2026-07-23,800254,Abrahan Ramirez,hitter,A+,2.87,9.73,6.86,1986,1277,unintended,False,moderate_thin_sample_confidence
2026-07-23,801957,Dub Gleed,hitter,AA,2.48,9.73,7.25,2037,1278,unintended,False,
2026-07-23,800223,Yorman Galindez,pitcher,AA,14.8,9.65,-5.15,812,1287,unintended,False,thin_current_sample_confidence
2026-07-23,694633,Chase Hampton,pitcher,AA,16.19,9.55,-6.64,709,1301,unintended,False,thin_current_sample_confidence
2026-07-23,693739,Alexander Alberto,pitcher,AAA,12.66,9.41,-3.25,989,1312,unintended,False,thin_current_sample_confidence
2026-07-23,683349,Calvin Ziegler,pitcher,A+,2.16,9.31,7.15,2064,1326,intended,True,thin_current_sample_confidence
2026-07-23,694408,Riley Eikhoff,pitcher,A+,0,9.17,9.17,2787,1341,unintended,False,
2026-07-23,691913,Jesus Castillo,hitter,AAA,6.2,9.11,2.91,1587,1345,unintended,False,moderate_thin_sample_confidence
2026-07-23,691621,Jheremy Vargas,hitter,AAA,10.08,9.09,-0.99,1208,1347,unintended,False,thin_current_sample_confidence
2026-07-23,809059,Danny Macchiarola,pitcher,A,8.92,8.9,-0.02,1334,1360,unintended,False,thin_current_sample_confidence
2026-07-23,694689,Dominic Pitelli,hitter,AAA,5.99,8.87,2.88,1606,1362,unintended,False,moderate_thin_sample_confidence
2026-07-23,700251,Brandon Clarke,pitcher,A,0.8,8.81,8.01,2181,1366,intended,True,thin_current_sample_confidence
2026-07-23,805279,Jason Reitz,pitcher,A,8.7,8.71,0.01,1348,1374,unintended,False,thin_current_sample_confidence
2026-07-23,813636,Phil Fox,pitcher,AA,8.7,8.71,0.01,1349,1375,unintended,False,thin_current_sample_confidence
2026-07-23,692243,Jaden Woods,pitcher,AAA,12.9,8.65,-4.25,976,1383,unintended,False,thin_current_sample_confidence
2026-07-23,691186,Arol Vera,hitter,AAA,10.03,8.54,-1.49,1212,1396,unintended,False,thin_current_sample_confidence
2026-07-23,815653,Tyson Lewis,hitter,A+,7.5,8.38,0.88,1460,1417,unintended,False,
2026-07-23,684081,Erick Brito,hitter,AA,9.47,8.32,-1.15,1280,1421,unintended,False,thin_current_sample_confidence
2026-07-23,803183,Luke Fox,pitcher,AA,8.3,8.32,0.02,1398,1422,unintended,False,thin_current_sample_confidence
2026-07-23,695771,Jacob Kmatz,pitcher,AA,3.42,8.3,4.88,1902,1424,unintended,False,moderate_thin_sample_confidence
2026-07-23,813706,Owen Hackman,pitcher,AA,11.43,8.25,-3.18,1090,1431,unintended,False,thin_current_sample_confidence
2026-07-23,811948,Tony Santa Maria,hitter,AAA,0,8.21,8.21,2452,1437,unintended,False,
2026-07-23,805311,Nick Sando,pitcher,AAA,10.99,8.21,-2.78,1130,1438,unintended,False,thin_current_sample_confidence
2026-07-23,802407,Joe Lampe,hitter,AAA,0,8.12,8.12,2364,1446,unintended,False,moderate_thin_sample_confidence;upper_level_low_impact_hitter_model_sample
2026-07-23,696070,Kendry Rojas,pitcher,AAA,8.72,8.11,-0.61,1346,1447,unintended,False,thin_current_sample_confidence
2026-07-23,687282,Gabriel Rincones Jr.,hitter,AAA,14.21,8.07,-6.14,865,1450,unintended,False,thin_current_sample_confidence
2026-07-23,683494,Euribiel Angeles,hitter,AAA,2.63,8.03,5.4,2020,1455,unintended,False,moderate_thin_sample_confidence
2026-07-23,685763,Jonatan Bernal,pitcher,AAA,2.93,7.77,4.84,1978,1474,unintended,False,moderate_thin_sample_confidence
2026-07-23,808903,Emilio Barreras,hitter,A+,6.76,7.6,0.84,1524,1485,unintended,False,moderate_thin_sample_confidence
2026-07-23,684128,Reidis Sena,pitcher,AAA,10.21,7.44,-2.77,1198,1495,unintended,False,thin_current_sample_confidence
2026-07-23,806637,Jordan Woods,pitcher,A+,0,7.41,7.41,2686,1499,unintended,False,moderate_thin_sample_confidence
2026-07-23,694186,Shalin Polanco,hitter,AA,0,7.39,7.39,2445,1502,unintended,False,moderate_thin_sample_confidence
2026-07-23,824613,Cole Tolbert,pitcher,A,7.18,7.2,0.02,1492,1525,unintended,False,thin_current_sample_confidence
2026-07-23,814388,Hayden Snelsire,pitcher,AAA,8.33,7.18,-1.15,1396,1527,unintended,False,thin_current_sample_confidence
2026-07-23,806121,Mac Heuer,pitcher,A,7.1,7.11,0.01,1497,1532,unintended,False,thin_current_sample_confidence
2026-07-23,806522,Irving Cota,pitcher,AA,8.69,6.86,-1.83,1351,1552,unintended,False,thin_current_sample_confidence
2026-07-23,800212,Francis Peña,pitcher,AA,6.87,6.85,-0.02,1517,1553,unintended,False,thin_current_sample_confidence
2026-07-23,703566,Carson Messina,pitcher,A,6.81,6.83,0.02,1519,1554,unintended,False,thin_current_sample_confidence
2026-07-23,691398,Yerlin Confidan,hitter,AA,0,6.81,6.81,2468,1556,unintended,False,
2026-07-23,823242,Tanner Gresham,pitcher,A+,0,6.79,6.79,2814,1558,unintended,False,moderate_thin_sample_confidence
2026-07-23,808291,Tyler Rodriguez,hitter,A+,2.14,6.75,4.61,2066,1564,unintended,False,moderate_thin_sample_confidence
2026-07-23,694991,Mitch Jebb,hitter,AAA,11.55,6.72,-4.83,1080,1570,unintended,False,thin_current_sample_confidence
2026-07-23,806441,Nehomar Ochoa Jr.,hitter,A+,5.07,6.72,1.65,1686,1571,unintended,False,moderate_thin_sample_confidence
2026-07-23,702576,Mason McGwire,pitcher,A+,5.04,6.59,1.55,1694,1584,unintended,False,moderate_thin_sample_confidence
2026-07-23,695556,Shane Panzini,pitcher,AAA,6.44,6.46,0.02,1566,1603,unintended,False,thin_current_sample_confidence
2026-07-23,823295,Jay Thomason,hitter,AA,0,6.41,6.41,2360,1606,unintended,False,
2026-07-23,805590,Dylan Palmer,hitter,A+,0,6.39,6.39,2317,1607,unintended,False,
2026-07-23,805273,Frank Camarillo,pitcher,A+,3.04,6.38,3.34,1967,1609,unintended,False,moderate_thin_sample_confidence
2026-07-23,702582,Dallas Macias,hitter,A+,0,6.36,6.36,2302,1612,unintended,False,
2026-07-23,801367,Matt Jachec,pitcher,AAA,6.67,6.29,-0.38,1538,1622,unintended,False,thin_current_sample_confidence
2026-07-23,809633,Michael Dattalo,hitter,A+,1.12,6.15,5.03,2149,1632,unintended,False,moderate_thin_sample_confidence
2026-07-23,701734,Ryan McCrystal,hitter,AA,2.55,6.13,3.58,2029,1635,unintended,False,moderate_thin_sample_confidence
2026-07-23,808547,Keyner Benitez,pitcher,A,6.11,6.08,-0.03,1595,1638,unintended,False,thin_current_sample_confidence
2026-07-23,693311,Tink Hence,pitcher,AAA,5.82,5.84,0.02,1620,1657,unintended,False,thin_current_sample_confidence
2026-07-23,702526,Eric Snow,hitter,AA,1.57,5.7,4.13,2108,1666,unintended,False,moderate_thin_sample_confidence
2026-07-23,800260,Anthony Flores,pitcher,AA,5.71,5.69,-0.02,1628,1668,unintended,False,thin_current_sample_confidence
2026-07-23,702495,Josh Tate,hitter,A+,0,5.63,5.63,2382,1671,unintended,False,
2026-07-23,689296,Anthony Nunez,pitcher,AAA,2.43,5.49,3.06,2043,1683,intended,True,thin_current_sample_confidence
2026-07-23,811312,Justin Riemer,hitter,AA,0,5.44,5.44,2391,1688,unintended,False,moderate_thin_sample_confidence
2026-07-23,804946,Tyler Howard,hitter,A+,0,5.41,5.41,2456,1691,unintended,False,moderate_thin_sample_confidence
2026-07-23,692290,Carter Holton,pitcher,A,5.25,5.27,0.02,1668,1703,unintended,False,thin_current_sample_confidence
2026-07-23,814005,Jake Bloss,pitcher,AAA,11.15,5.18,-5.97,1108,1709,unintended,False,thin_current_sample_confidence
2026-07-23,701820,Jacob Friend,hitter,A+,3.34,5.17,1.83,1913,1710,unintended,False,moderate_thin_sample_confidence
2026-07-23,700357,Juan Rojas,pitcher,AA,9.49,5.15,-4.34,1279,1715,unintended,False,thin_current_sample_confidence
2026-07-23,693781,Wilian Bormie,pitcher,AAA,9.51,5.15,-4.36,1278,1716,unintended,False,thin_current_sample_confidence
2026-07-23,806128,Antonio Jimenez,hitter,A+,0,5.04,5.04,2266,1727,unintended,False,moderate_thin_sample_confidence
2026-07-23,694742,Josh Moylan,hitter,AA,0,4.87,4.87,2381,1750,unintended,False,
2026-07-23,694266,D'Andre Smith,hitter,AA,5.86,4.81,-1.05,1615,1760,unintended,False,thin_current_sample_confidence
2026-07-23,806640,Daniel Keaney,pitcher,A,4.81,4.79,-0.02,1724,1764,unintended,False,thin_current_sample_confidence
2026-07-23,699134,Bradgley Rodriguez,pitcher,AA,0,4.73,4.73,2515,1771,intended,True,thin_current_sample_confidence
2026-07-23,695000,Poncho Ruiz,hitter,AA,4.6,4.61,0.01,1752,1786,unintended,False,thin_current_sample_confidence
2026-07-23,806083,J.D. Gonzalez,hitter,A+,0,4.35,4.35,2348,1815,unintended,False,moderate_thin_sample_confidence
2026-07-23,804556,Braden Nett,pitcher,AAA,4.31,4.32,0.01,1786,1821,unintended,False,thin_current_sample_confidence
2026-07-23,694181,Carlos Colmenarez,hitter,AAA,3.39,4.29,0.9,1906,1825,unintended,False,moderate_thin_sample_confidence
2026-07-23,700179,Connor Oliver,pitcher,AA,2.45,4.24,1.79,2040,1830,unintended,False,moderate_thin_sample_confidence
2026-07-23,814366,Cade Feeney,pitcher,AAA,5.39,4.21,-1.18,1656,1834,unintended,False,thin_current_sample_confidence
2026-07-23,690804,Ryan Nicholson,hitter,AAA,0,4.2,4.2,2440,1838,unintended,False,
2026-07-23,815292,Luis Martinez-Gomez,pitcher,AA,6.74,4.1,-2.64,1532,1856,unintended,False,thin_current_sample_confidence
2026-07-23,809685,Aiven Cabral,pitcher,A+,0,4.07,4.07,2482,1859,unintended,False,moderate_thin_sample_confidence
2026-07-23,671748,Casey Yamauchi,hitter,AAA,0,4.01,4.01,2292,1864,unintended,False,
2026-07-23,683353,Connor Caskenette,hitter,AA,0,3.94,3.94,2297,1873,unintended,False,moderate_thin_sample_confidence
2026-07-23,814269,Kevin Verde,hitter,AA,8.05,3.86,-4.19,1423,1883,unintended,False,thin_current_sample_confidence
2026-07-23,693243,Garrett Pennington,hitter,AA,0,3.8,3.8,2332,1888,unintended,False,
2026-07-23,683568,Jairo Iriarte,pitcher,AAA,3.04,3.66,0.62,1968,1909,unintended,False,moderate_thin_sample_confidence
2026-07-23,699228,Jakey Josepha,hitter,A+,0,3.61,3.61,2357,1917,unintended,False,
2026-07-23,805517,Jackson Steensma,pitcher,A,3.61,3.59,-0.02,1876,1920,unintended,False,thin_current_sample_confidence
2026-07-23,812363,Marlon Nieves,pitcher,A,3.56,3.55,-0.01,1887,1930,unintended,False,thin_current_sample_confidence
2026-07-23,701136,Kerrington Cross,hitter,A+,0,3.46,3.46,2392,1937,unintended,False,
2026-07-23,807740,Luke Shliger,hitter,AAA,4.11,3.45,-0.66,1815,1939,unintended,False,thin_current_sample_confidence
2026-07-23,823817,Jake McCutcheon,hitter,A+,0,3.44,3.44,2355,1942,unintended,False,moderate_thin_sample_confidence
2026-07-23,683103,Cade Doughty,hitter,AA,4.4,3.33,-1.07,1773,1954,unintended,False,thin_current_sample_confidence
2026-07-23,814343,Danny Flatt,pitcher,A,3.3,3.31,0.01,1920,1959,unintended,False,thin_current_sample_confidence
2026-07-23,700845,Adam Zebrowski,hitter,AAA,0,3.3,3.3,2255,1960,unintended,False,moderate_thin_sample_confidence
2026-07-23,701404,Fisher Jameson,pitcher,AAA,0,3.29,3.29,2602,1963,unintended,False,moderate_thin_sample_confidence
2026-07-23,696040,Po-Yu Chen,pitcher,AA,3.22,3.24,0.02,1934,1972,unintended,False,thin_current_sample_confidence
2026-07-23,696098,Jose Romero,pitcher,A+,0,3.21,3.21,2695,1977,intended,True,thin_current_sample_confidence
2026-07-23,701860,Carter Cunningham,hitter,AA,0,3.16,3.16,2291,1988,unintended,False,
2026-07-23,683104,Trey Faltine,hitter,AAA,4.29,2.98,-1.31,1789,2016,unintended,False,thin_current_sample_confidence
2026-07-23,800544,Cesar Lares,pitcher,A+,2.87,2.89,0.02,1987,2024,unintended,False,thin_current_sample_confidence
2026-07-23,807697,Jervis Alfaro,pitcher,A+,0.97,2.82,1.85,2161,2032,unintended,False,moderate_thin_sample_confidence
2026-07-23,833381,Jack Moroknek,hitter,A+,0,2.8,2.8,2349,2034,unintended,False,moderate_thin_sample_confidence
2026-07-23,824742,Logan Braunschweig,hitter,AA,0.78,2.8,2.02,2183,2035,unintended,False,moderate_thin_sample_confidence
2026-07-23,695605,Travis Smith,pitcher,AA,0,2.73,2.73,2825,2042,unintended,False,moderate_thin_sample_confidence
2026-07-23,686981,Brenden Dixon,hitter,AA,2.69,2.7,0.01,2006,2049,unintended,False,thin_current_sample_confidence
2026-07-23,693832,Tre Richardson III,hitter,AA,0,2.69,2.69,2453,2050,unintended,False,moderate_thin_sample_confidence
2026-07-23,703821,Myles Caba,pitcher,AA,5.77,2.62,-3.15,1626,2065,unintended,False,thin_current_sample_confidence
2026-07-23,701862,Jacob Walsh,hitter,A+,0,2.48,2.48,2352,2077,unintended,False,moderate_thin_sample_confidence
2026-07-23,690053,Chris Sargent,hitter,AA,2.33,2.35,0.02,2052,2087,unintended,False,thin_current_sample_confidence
2026-07-23,682999,Will Childers,pitcher,AAA,3.04,2.28,-0.76,1969,2093,unintended,False,thin_current_sample_confidence
2026-07-23,827620,Jake Shirk,pitcher,AA,3.47,2.27,-1.2,1894,2095,unintended,False,thin_current_sample_confidence
2026-07-23,687195,Jake Garland,pitcher,AAA,5.47,2.2,-3.27,1649,2100,unintended,False,thin_current_sample_confidence
2026-07-23,805879,Connor Foley,pitcher,A,2.13,2.11,-0.02,2067,2106,unintended,False,thin_current_sample_confidence
2026-07-23,702563,Mason Neville,hitter,A+,0,2.01,2.01,2413,2115,unintended,False,moderate_thin_sample_confidence
2026-07-23,681495,Cade Fergus,hitter,AAA,5.62,2.0,-3.62,1633,2116,unintended,False,thin_current_sample_confidence
2026-07-23,809231,Tom Poole,hitter,A+,0,1.96,1.96,2451,2120,unintended,False,moderate_thin_sample_confidence
2026-07-23,815586,Joe Olsavsky,hitter,AAA,1.81,1.76,-0.05,2092,2134,unintended,False,thin_current_sample_confidence
2026-07-23,835054,Cale Wetwiska,pitcher,A,1.73,1.74,0.01,2100,2136,unintended,False,thin_current_sample_confidence
2026-07-23,804466,Carter Garate,hitter,AAA,2.07,1.7,-0.37,2075,2139,unintended,False,thin_current_sample_confidence
2026-07-23,685719,Fernando Sanchez,pitcher,AAA,7.84,1.61,-6.23,1437,2142,unintended,False,thin_current_sample_confidence
2026-07-23,815133,Cameron Sisneros,hitter,AA,0.85,1.6,0.75,2172,2144,unintended,False,moderate_thin_sample_confidence
2026-07-23,811573,Myles Patton,pitcher,A,1.6,1.59,-0.01,2107,2145,unintended,False,thin_current_sample_confidence
2026-07-23,692226,Ty Floyd,pitcher,A+,1.52,1.53,0.01,2116,2152,unintended,False,thin_current_sample_confidence
2026-07-23,691942,Jack O'Dowd,hitter,AA,0,1.47,1.47,2350,2155,unintended,False,moderate_thin_sample_confidence
2026-07-23,813869,Ryan Degges,pitcher,A+,3.41,1.47,-1.94,1905,2156,unintended,False,thin_current_sample_confidence
2026-07-23,679754,Alberto Rodriguez,hitter,AA,1.46,1.44,-0.02,2118,2158,unintended,False,thin_current_sample_confidence
2026-07-23,687268,K.C. Hunt,pitcher,AAA,3.51,1.23,-2.28,1892,2177,unintended,False,thin_current_sample_confidence
2026-07-23,702631,Adonys Guzman,hitter,A+,0,1.22,1.22,2256,2178,unintended,False,moderate_thin_sample_confidence
2026-07-23,695046,Drew Brutcher,hitter,AA,0,1.17,1.17,2315,2184,unintended,False,moderate_thin_sample_confidence
2026-07-23,827637,Dalton McIntyre,hitter,AA,0,1.13,1.13,2303,2189,unintended,False,moderate_thin_sample_confidence
2026-07-23,703198,Kenni Gomez,hitter,AA,1.35,0.79,-0.56,2127,2219,unintended,False,thin_current_sample_confidence
2026-07-23,700784,Jeron Williams,hitter,AA,0.54,0.57,0.03,2206,2238,unintended,False,thin_current_sample_confidence
2026-07-23,811229,Ubert Mejias,pitcher,A+,0,0.46,0.46,2839,2247,unintended,False,moderate_thin_sample_confidence
2026-07-23,806998,Hendry Chivilli,pitcher,A,0.43,0.4,-0.03,2215,2253,unintended,False,thin_current_sample_confidence
2026-07-23,683061,Alexander Vargas,hitter,AA,0.32,0.34,0.02,2222,2256,unintended,False,thin_current_sample_confidence
2026-07-23,694399,Elijah Nunez,hitter,AA,0,0.34,0.34,2321,2257,unintended,False,moderate_thin_sample_confidence
2026-07-23,822163,Kellan Oakes,pitcher,A+,0,0.34,0.34,2715,2258,unintended,False,moderate_thin_sample_confidence
2026-07-23,801039,John Garcia,hitter,AA,0,0.27,0.27,2367,2265,unintended,False,moderate_thin_sample_confidence
2026-07-23,821092,Dalvinson Reyes,pitcher,A,0.28,0.25,-0.03,2227,2270,unintended,False,thin_current_sample_confidence
2026-07-23,808333,Dariel Francia,pitcher,A,0.16,0.18,0.02,2245,2278,unintended,False,thin_current_sample_confidence
2026-07-23,833080,Ethan Walker,pitcher,A,0.06,0.04,-0.02,2251,2287,unintended,False,thin_current_sample_confidence
2026-07-23,699305,Diego Mosquera,hitter,AA,2.52,0,-2.52,2033,2342,unintended,False,thin_current_sample_confidence
2026-07-23,694204,Maikol Hernández,hitter,AAA,0.15,0,-0.15,2246,2419,unintended,False,thin_current_sample_confidence
2026-07-23,692366,Onil Perez,hitter,AA,0.78,0,-0.78,2184,2438,unintended,False,thin_current_sample_confidence
2026-07-23,815084,Ben Simon,pitcher,AAA,4.61,0,-4.61,1748,2514,unintended,False,thin_current_sample_confidence
2026-07-23,682981,Derek Diamond,pitcher,AAA,1.83,0,-1.83,2091,2576,unintended,False,thin_current_sample_confidence
2026-07-23,828506,Joey Danielson,pitcher,AA,0.49,0,-0.49,2210,2685,unintended,False,thin_current_sample_confidence
2026-07-23,681328,Jonny Cuevas,pitcher,AAA,2.56,0,-2.56,2028,2689,unintended,False,thin_current_sample_confidence
2026-07-23,687881,Kenten Egbert,pitcher,AAA,0.27,0,-0.27,2230,2719,unintended,False,thin_current_sample_confidence
2026-07-23,692589,Victor Juarez,pitcher,AAA,5.47,0,-5.47,1650,2840,unintended,False,thin_current_sample_confidence
2026-07-24,816113,Eli Willits,hitter,A+,67.89,68.26,0.37,2,2,unintended,False,
2026-07-24,703155,Lazaro Montes,hitter,AAA,40.81,42.02,1.21,39,37,unintended,False,
2026-07-24,815394,Theo Gillen,hitter,AA,39.26,40.03,0.77,46,42,unintended,False,
2026-07-24,815785,Braylon Doughty,pitcher,AA,33.87,34.71,0.84,67,63,unintended,False,
2026-07-24,703596,Karson Milbrandt,pitcher,AAA,30.28,34.61,4.33,112,64,unintended,False,moderate_thin_sample_confidence
2026-07-24,803849,Devin Fitz-Gerald,hitter,AA,29.66,33.92,4.26,130,69,unintended,False,
2026-07-24,815352,Caleb Bonemer,hitter,AA,33.27,33.91,0.64,79,70,unintended,False,
2026-07-24,800611,Noble Meyer,pitcher,A,26.21,33.23,7.02,218,84,intended,True,thin_current_sample_confidence
2026-07-24,694211,Manuel Pena,hitter,AAA,26.92,33.04,6.12,195,87,unintended,False,
2026-07-24,815792,Chase Harlan,hitter,A+,31.47,32.3,0.83,95,95,unintended,False,
2026-07-24,814409,Seaver King,hitter,AAA,31.76,31.86,0.1,93,97,unintended,False,
2026-07-24,695667,Ben Kudrna,pitcher,AAA,14.53,31.2,16.67,844,102,intended,True,thin_current_sample_confidence
2026-07-24,815304,Josh Adamczewski,hitter,AA,24.55,30.74,6.19,265,109,unintended,False,
2026-07-24,809100,Ixan Henderson,pitcher,A,19.15,30.72,11.57,524,110,intended,True,thin_current_sample_confidence
2026-07-24,816111,Tate Southisene,hitter,A+,30.08,30.36,0.28,117,119,unintended,False,
2026-07-24,703197,Michael Arroyo,hitter,AAA,16.56,29.36,12.8,695,140,unintended,False,
2026-07-24,700164,Bryant Betancourt,hitter,AAA,14.76,29.08,14.32,828,150,unintended,False,
2026-07-24,802126,Joe Whitman,pitcher,AAA,27.81,28.87,1.06,170,156,unintended,False,
2026-07-24,806957,Alfredo Duno,hitter,AA,14.97,28.61,13.64,807,162,unintended,False,
2026-07-24,702484,Jackson Cox,pitcher,AA,26.85,28.36,1.51,198,166,unintended,False,
2026-07-24,828137,Miguel Sime Jr.,pitcher,A+,27.41,27.53,0.12,177,185,unintended,False,
2026-07-24,805207,Caden Bodine,hitter,AA,26.33,26.81,0.48,216,206,unintended,False,
2026-07-24,815873,Sean Keys,hitter,AAA,15.98,26.31,10.33,730,224,unintended,False,
2026-07-24,702650,Michael Forret,pitcher,AAA,22.45,26.19,3.74,355,227,unintended,False,
2026-07-24,694370,Levi Wells,pitcher,AAA,26.12,26.14,0.02,221,228,unintended,False,thin_current_sample_confidence
2026-07-24,691181,Emmanuel Rodriguez,hitter,AAA,26.02,26.03,0.01,225,233,unintended,False,thin_current_sample_confidence
2026-07-24,815929,Jhonny Level,hitter,A+,24.45,25.97,1.52,267,235,unintended,False,
2026-07-24,800537,Christian Zazueta,pitcher,AA,19.14,25.64,6.5,525,246,unintended,False,moderate_thin_sample_confidence
2026-07-24,803833,Garrett Baumann,pitcher,AAA,21.41,25.48,4.07,407,249,unintended,False,
2026-07-24,691641,Jose Acuna,pitcher,AAA,18.01,25.41,7.4,602,255,unintended,False,
2026-07-24,830402,Kendry Chourio,pitcher,A+,17.89,25.37,7.48,614,256,unintended,False,moderate_thin_sample_confidence
2026-07-24,814351,Lucas Braun,pitcher,AAA,22.72,25.18,2.46,336,260,unintended,False,
2026-07-24,800540,Hector Osorio,hitter,A+,21.23,24.32,3.09,413,285,unintended,False,
2026-07-24,702652,Andrew Fischer,hitter,AA,23.68,24.22,0.54,292,288,unintended,False,
2026-07-24,683363,Matt Wilkinson,pitcher,AAA,19.52,23.76,4.24,497,302,unintended,False,moderate_thin_sample_confidence
2026-07-24,702619,Luke Hill,hitter,AA,14.94,23.58,8.64,808,312,unintended,False,moderate_thin_sample_confidence
2026-07-24,808087,Junior Sanchez,pitcher,AA,19.47,23.46,3.99,502,317,unintended,False,moderate_thin_sample_confidence
2026-07-24,815617,Kayson Cunningham,hitter,A+,22.79,23.15,0.36,332,332,unintended,False,
2026-07-24,701339,Marek Houston,hitter,AA,22.19,22.86,0.67,364,347,unintended,False,
2026-07-24,808129,Juan Flores,hitter,AA,12.13,22.8,10.67,1044,348,unintended,False,moderate_thin_sample_confidence
2026-07-24,809733,Connor Wietgrefe,pitcher,AAA,19.3,22.78,3.48,514,349,unintended,False,
2026-07-24,694753,Khristian Curtis,pitcher,AAA,17.17,22.77,5.6,658,351,unintended,False,
2026-07-24,815626,Ethan Bagwell,pitcher,A+,13.06,22.73,9.67,964,354,unintended,False,
2026-07-24,826315,Cole Hertzler,pitcher,AA,15.22,22.56,7.34,792,368,unintended,False,moderate_thin_sample_confidence
2026-07-24,691828,Sem Robberse,pitcher,A,22.03,22.45,0.42,374,373,intended,True,thin_current_sample_confidence
2026-07-24,800176,Carlos Sanchez,hitter,AA,10.62,22.4,11.78,1171,377,unintended,False,
2026-07-24,806258,Thomas White,pitcher,AAA,24.71,22.13,-2.58,259,387,unintended,False,thin_current_sample_confidence
2026-07-24,800305,Jesús  Báez,hitter,AA,13.45,21.96,8.51,930,394,unintended,False,
2026-07-24,699115,Carlos Jorge,hitter,AAA,10.73,21.87,11.14,1164,398,unintended,False,
2026-07-24,700731,Keiner Delgado,hitter,AAA,10.68,21.62,10.94,1167,412,unintended,False,
2026-07-24,808365,Dameury Pena,hitter,A+,10.92,21.36,10.44,1142,430,unintended,False,
2026-07-24,692150,Émilien Pitre,hitter,AA,20.79,21.22,0.43,432,434,unintended,False,
2026-07-24,827719,Jake Munroe,hitter,AA,12.95,20.94,7.99,975,446,unintended,False,
2026-07-24,701178,Rafe Schlesinger,pitcher,AA,18.08,20.82,2.74,595,452,unintended,False,moderate_thin_sample_confidence
2026-07-24,703615,Jose Cabrera,pitcher,AAA,12.23,20.75,8.52,1036,458,unintended,False,moderate_thin_sample_confidence
2026-07-24,696143,Anthony Solometo,pitcher,AA,9.86,20.71,10.85,1245,462,intended,True,thin_current_sample_confidence
2026-07-24,813536,Juan Valera,pitcher,A+,19.43,20.51,1.08,506,474,intended,True,thin_current_sample_confidence
2026-07-24,694860,Jake Brooks,pitcher,AAA,14.22,20.38,6.16,870,483,unintended,False,
2026-07-24,814430,Brett Callahan,hitter,AAA,11.64,20.21,8.57,1079,487,unintended,False,
2026-07-24,703610,Justin Lamkin,pitcher,AA,22.62,20.18,-2.44,345,492,unintended,False,thin_current_sample_confidence
2026-07-24,820832,Blake Aita,pitcher,AA,8.77,20.1,11.33,1348,500,unintended,False,
2026-07-24,807720,Garret Forrester,hitter,AAA,22.89,20.05,-2.84,331,502,unintended,False,thin_current_sample_confidence
2026-07-24,702270,Malcolm Moore,hitter,AA,19.47,20.01,0.54,501,507,unintended,False,
2026-07-24,699151,Jedixson Paez,pitcher,AA,19.92,19.91,-0.01,483,513,unintended,False,thin_current_sample_confidence
2026-07-24,807267,JD Dix,hitter,A+,19.36,19.84,0.48,509,517,unintended,False,
2026-07-24,828824,Josiah Ragsdale,hitter,AA,9.08,19.72,10.64,1320,523,unintended,False,
2026-07-24,825576,Brandt Thompson,pitcher,AAA,12.67,19.72,7.05,999,524,unintended,False,moderate_thin_sample_confidence
2026-07-24,689818,David Sandlin,pitcher,AAA,20.22,19.58,-0.64,461,527,unintended,False,thin_current_sample_confidence
2026-07-24,691021,A.J. Vukovich,hitter,AAA,19.52,19.54,0.02,496,529,unintended,False,thin_current_sample_confidence
2026-07-24,804249,Tate Kuehner,pitcher,AAA,19.28,19.27,-0.01,515,543,unintended,False,thin_current_sample_confidence
2026-07-24,803385,Jay Harry,hitter,AAA,15.84,19.26,3.42,747,544,unintended,False,moderate_thin_sample_confidence
2026-07-24,701056,Josh Grosz,pitcher,AA,19.02,19.03,0.01,535,560,unintended,False,thin_current_sample_confidence
2026-07-24,806263,Brandon Winokur,hitter,AA,13.58,19.02,5.44,916,561,unintended,False,
2026-07-24,805127,Devin Taylor,hitter,AA,18.69,19.0,0.31,561,564,unintended,False,
2026-07-24,679922,Carlos Duran,pitcher,AAA,18.96,18.98,0.02,539,566,unintended,False,thin_current_sample_confidence
2026-07-24,800125,Fernando Perez,pitcher,AA,17.13,18.85,1.72,661,576,intended,True,thin_current_sample_confidence
2026-07-24,701780,Tanner McDougal,pitcher,AAA,19.1,18.45,-0.65,527,607,unintended,False,thin_current_sample_confidence
2026-07-24,701750,Bennett Thompson,hitter,AA,5.9,18.23,12.33,1620,616,unintended,False,
2026-07-24,678142,Cedric De Grandpre,pitcher,AA,14.81,18.06,3.25,823,626,unintended,False,
2026-07-24,824600,Riley Maddox,pitcher,AA,5.87,17.72,11.85,1625,648,unintended,False,
2026-07-24,834978,Danny Thompson Jr.,pitcher,AA,11.18,17.66,6.48,1114,652,unintended,False,moderate_thin_sample_confidence
2026-07-24,809844,Kien Vu,hitter,AA,4.94,17.65,12.71,1721,654,unintended,False,
2026-07-24,682982,Daniel Espino,pitcher,AAA,17.62,17.64,0.02,627,655,unintended,False,thin_current_sample_confidence
2026-07-24,701337,Ethan Petry,hitter,AA,17.24,17.62,0.38,656,656,unintended,False,
2026-07-24,809840,Micah Ashman,pitcher,AA,17.53,17.3,-0.23,631,679,unintended,False,thin_current_sample_confidence
2026-07-24,682769,Eiberson Castellano,pitcher,AAA,13.08,17.26,4.18,961,684,unintended,False,
2026-07-24,703680,Brandon Compton,hitter,AA,16.23,17.21,0.98,716,686,unintended,False,
2026-07-24,805790,Cody Bowker,pitcher,A+,11.13,17.14,6.01,1122,690,unintended,False,moderate_thin_sample_confidence
2026-07-24,807716,Ty Langenberg,pitcher,AAA,16.0,17.01,1.01,728,696,unintended,False,moderate_thin_sample_confidence
2026-07-24,800569,Alberto Barriga,hitter,AA,10.18,16.95,6.77,1209,698,unintended,False,moderate_thin_sample_confidence
2026-07-24,807485,Davian Garcia,pitcher,AA,16.96,16.93,-0.03,668,700,unintended,False,thin_current_sample_confidence
2026-07-24,805942,Zach Royse,pitcher,A+,9.61,16.88,7.27,1266,704,unintended,False,
2026-07-24,828599,Lucas Spence,hitter,AAA,5.13,16.84,11.71,1694,706,unintended,False,
2026-07-24,813715,Khadim Diaw,hitter,AA,10.04,16.54,6.5,1227,727,unintended,False,
2026-07-24,800231,Won-Bin Cho,hitter,AA,6.64,16.49,9.85,1555,733,unintended,False,
2026-07-24,800017,Jose Montero,pitcher,AA,13.12,16.22,3.1,957,749,unintended,False,moderate_thin_sample_confidence
2026-07-24,702965,Hiro Wyatt,pitcher,A,16.15,16.16,0.01,722,754,unintended,False,thin_current_sample_confidence
2026-07-24,682620,Richard Gallardo,pitcher,AAA,15.83,16.12,0.29,749,756,unintended,False,moderate_thin_sample_confidence
2026-07-24,827408,Ramon Marquez,pitcher,A+,12.14,15.95,3.81,1043,765,unintended,False,moderate_thin_sample_confidence
2026-07-24,699314,David Davalillo,pitcher,AAA,14.4,15.86,1.46,857,778,unintended,False,moderate_thin_sample_confidence
2026-07-24,687223,Carson Palmquist,pitcher,AAA,15.75,15.77,0.02,756,786,unintended,False,thin_current_sample_confidence
2026-07-24,801796,Eli Jones,pitcher,AA,5.55,15.66,10.11,1651,793,unintended,False,moderate_thin_sample_confidence
2026-07-24,691437,Adrian Pinto,hitter,AA,17.93,15.61,-2.32,607,796,unintended,False,thin_current_sample_confidence
2026-07-24,695604,T.J. White,hitter,AA,8.79,15.41,6.62,1345,810,unintended,False,moderate_thin_sample_confidence
2026-07-24,821150,Enddy Azocar,hitter,A+,15.28,15.37,0.09,787,814,unintended,False,moderate_thin_sample_confidence
2026-07-24,802357,Drue Hackenberg,pitcher,AAA,18.89,15.18,-3.71,544,824,unintended,False,thin_current_sample_confidence
2026-07-24,700255,Jacob Steinmetz,pitcher,A,12.95,15.15,2.2,976,828,intended,True,thin_current_sample_confidence
2026-07-24,802410,Jacob Zibin,pitcher,A+,10.1,15.14,5.04,1219,832,unintended,False,moderate_thin_sample_confidence
2026-07-24,695722,Boston Smith,hitter,AA,2.62,15.03,12.41,2036,838,unintended,False,
2026-07-24,804123,Joey Volini,pitcher,AA,15.8,15.01,-0.79,752,839,unintended,False,thin_current_sample_confidence
2026-07-24,807993,Nicolas Carreno,pitcher,A+,11.46,14.99,3.53,1094,842,unintended,False,moderate_thin_sample_confidence
2026-07-24,811765,Deniel Ortiz,hitter,AA,16.82,14.85,-1.97,675,851,unintended,False,thin_current_sample_confidence
2026-07-24,815793,Carter Johnson,hitter,A+,13.83,14.69,0.86,903,864,unintended,False,
2026-07-24,529017,Alexander Cornielle,pitcher,AAA,17.9,14.67,-3.23,613,869,unintended,False,thin_current_sample_confidence
2026-07-24,815501,Bryce Meccage,pitcher,A+,14.4,14.38,-0.02,856,889,unintended,False,thin_current_sample_confidence
2026-07-24,800452,Jose Chirinos,pitcher,A+,13.64,14.3,0.66,913,894,unintended,False,moderate_thin_sample_confidence
2026-07-24,831572,Carson Fischer,pitcher,A+,5.05,14.28,9.23,1706,899,unintended,False,
2026-07-24,691616,Hedbert Perez,hitter,AA,15.27,14.18,-1.09,789,905,unintended,False,thin_current_sample_confidence
2026-07-24,691414,Yorman Gómez,pitcher,AAA,14.14,14.16,0.02,875,907,unintended,False,thin_current_sample_confidence
2026-07-24,687210,Nathan Martorella,hitter,AAA,14.11,14.09,-0.02,879,913,unintended,False,thin_current_sample_confidence
2026-07-24,808893,Bryan Balzer,pitcher,A+,1.45,14.09,12.64,2131,914,unintended,False,
2026-07-24,702331,Noah Mendlinger,hitter,AAA,9.33,14.02,4.69,1297,922,unintended,False,moderate_thin_sample_confidence
2026-07-24,805880,Tanner Thach,hitter,A+,3.12,13.94,10.82,1968,928,unintended,False,
2026-07-24,804614,Marco Vargas,hitter,AA,14.78,13.88,-0.9,825,934,unintended,False,thin_current_sample_confidence
2026-07-24,804985,Jack Anker,pitcher,A+,5.04,13.88,8.84,1708,935,unintended,False,
2026-07-24,824028,Gage Miller,hitter,AAA,13.68,13.86,0.18,911,936,unintended,False,moderate_thin_sample_confidence
2026-07-24,834240,Ryan Wideman,hitter,A+,5.18,13.84,8.66,1688,939,unintended,False,
2026-07-24,808024,Carlos Virahonda,hitter,A+,5.06,13.81,8.75,1704,941,unintended,False,
2026-07-24,686544,Nestor Lorant,pitcher,AA,8.18,13.71,5.53,1414,948,unintended,False,moderate_thin_sample_confidence
2026-07-24,696062,Wilber Dotel,pitcher,AAA,14.87,13.68,-1.19,815,950,unintended,False,thin_current_sample_confidence
2026-07-24,691006,Kevin Parada,hitter,AAA,8.26,13.63,5.37,1404,952,unintended,False,moderate_thin_sample_confidence;upper_level_low_impact_hitter_model_sample
2026-07-24,682633,Eduardo Garcia,hitter,AAA,4.23,13.53,9.3,1815,961,unintended,False,moderate_thin_sample_confidence
2026-07-24,807291,Caden Scarborough,pitcher,A+,13.34,13.31,-0.03,942,983,unintended,False,thin_current_sample_confidence
2026-07-24,691185,Maximo Acosta,hitter,AAA,13.3,13.28,-0.02,947,985,unintended,False,thin_current_sample_confidence
2026-07-24,691893,Jean Cabrera,pitcher,AAA,10.52,13.21,2.69,1178,989,unintended,False,moderate_thin_sample_confidence
2026-07-24,692405,Jeremy Rivas,hitter,AAA,9.53,13.06,3.53,1275,999,unintended,False,moderate_thin_sample_confidence
2026-07-24,804670,Ryan Birchard,pitcher,AA,13.04,13.02,-0.02,967,1003,unintended,False,thin_current_sample_confidence
2026-07-24,691941,Calvin Harris,hitter,AA,13.27,12.79,-0.48,949,1023,unintended,False,thin_current_sample_confidence
2026-07-24,813400,Jack Winnay,hitter,AA,3.81,12.77,8.96,1857,1025,unintended,False,
2026-07-24,806270,Dominic Perachi,pitcher,AA,13.37,12.72,-0.65,938,1027,unintended,False,thin_current_sample_confidence
2026-07-24,690985,Colby Halter,hitter,AAA,6.36,12.65,6.29,1589,1034,unintended,False,moderate_thin_sample_confidence
2026-07-24,815043,Simon Miller,pitcher,AA,11.04,12.65,1.61,1130,1035,intended,True,thin_current_sample_confidence
2026-07-24,822514,Max Banks,pitcher,A+,4.54,12.61,8.07,1773,1039,unintended,False,
2026-07-24,823790,Will McCausland,pitcher,A+,3.59,12.44,8.85,1895,1054,unintended,False,
2026-07-24,699276,Jose Olivares,pitcher,AA,13.0,12.33,-0.67,969,1064,unintended,False,thin_current_sample_confidence
2026-07-24,692368,Adrián Sugastey,hitter,AAA,12.78,12.23,-0.55,992,1071,unintended,False,thin_current_sample_confidence
2026-07-24,814346,Dylan Watts,pitcher,A+,1.65,12.17,10.52,2115,1076,unintended,False,moderate_thin_sample_confidence
2026-07-24,688354,Hayden Minton,pitcher,AA,6.18,12.09,5.91,1603,1084,unintended,False,
2026-07-24,832307,Jack Kartsonas,pitcher,AA,0.2,11.88,11.68,2243,1102,unintended,False,
2026-07-24,807728,Carter Graham,hitter,AA,1.28,11.85,10.57,2151,1104,unintended,False,
2026-07-24,694393,Jaxon Wiggins,pitcher,AAA,15.26,11.72,-3.54,791,1115,unintended,False,thin_current_sample_confidence
2026-07-24,822477,JB Middleton,pitcher,A,11.43,11.45,0.02,1096,1129,unintended,False,thin_current_sample_confidence
2026-07-24,801075,Walker Janek,hitter,AA,11.46,11.12,-0.34,1092,1153,unintended,False,thin_current_sample_confidence
2026-07-24,803291,Christian Oppor,pitcher,AA,11.01,11.03,0.02,1134,1160,unintended,False,thin_current_sample_confidence
2026-07-24,807748,Kannon Kemp,pitcher,A+,9.88,11.03,1.15,1241,1162,intended,True,thin_current_sample_confidence
2026-07-24,691405,Juan Benjamin,hitter,AAA,0,10.93,10.93,2392,1171,unintended,False,moderate_thin_sample_confidence
2026-07-24,814384,Alexander Meckley,pitcher,A+,5.59,10.91,5.32,1647,1176,unintended,False,moderate_thin_sample_confidence
2026-07-24,822966,John Taylor,hitter,AAA,9.07,10.71,1.64,1324,1196,unintended,False,moderate_thin_sample_confidence
2026-07-24,800387,Fernando Peguero,hitter,AAA,1.89,10.69,8.8,2097,1197,unintended,False,moderate_thin_sample_confidence;upper_level_low_impact_hitter_model_sample
2026-07-24,677601,Keyber Rodriguez,hitter,AAA,7.17,10.41,3.24,1496,1218,unintended,False,moderate_thin_sample_confidence
2026-07-24,801507,Jake Cunningham,hitter,AA,2.19,10.31,8.12,2070,1228,unintended,False,
2026-07-24,695646,Peter Heubeck,pitcher,AA,9.92,9.89,-0.03,1237,1265,unintended,False,thin_current_sample_confidence
2026-07-24,801643,Owen Wild,pitcher,AAA,9.2,9.85,0.65,1314,1273,unintended,False,moderate_thin_sample_confidence
2026-07-24,808825,Andrew Sears,pitcher,AA,14.25,9.79,-4.46,869,1276,unintended,False,thin_current_sample_confidence
2026-07-24,800254,Abrahan Ramirez,hitter,A+,2.89,9.75,6.86,1999,1279,unintended,False,moderate_thin_sample_confidence
2026-07-24,801957,Dub Gleed,hitter,AA,2.77,9.69,6.92,2011,1284,unintended,False,
2026-07-24,684128,Reidis Sena,pitcher,AAA,11.5,9.55,-1.95,1088,1301,unintended,False,thin_current_sample_confidence
2026-07-24,694633,Chase Hampton,pitcher,AA,16.16,9.52,-6.64,721,1304,unintended,False,thin_current_sample_confidence
2026-07-24,693739,Alexander Alberto,pitcher,AAA,12.68,9.43,-3.25,997,1311,unintended,False,thin_current_sample_confidence
2026-07-24,683349,Calvin Ziegler,pitcher,A+,2.25,9.4,7.15,2067,1315,intended,True,thin_current_sample_confidence
2026-07-24,691621,Jheremy Vargas,hitter,AAA,10.12,9.13,-0.99,1216,1345,unintended,False,thin_current_sample_confidence
2026-07-24,694408,Riley Eikhoff,pitcher,A+,0,9.11,9.11,2799,1346,unintended,False,
2026-07-24,691913,Jesus Castillo,hitter,AAA,5.63,8.98,3.35,1641,1357,unintended,False,moderate_thin_sample_confidence
2026-07-24,694689,Dominic Pitelli,hitter,AAA,6.5,8.95,2.45,1572,1358,unintended,False,moderate_thin_sample_confidence
2026-07-24,809059,Danny Macchiarola,pitcher,A,8.93,8.91,-0.02,1334,1364,unintended,False,thin_current_sample_confidence
2026-07-24,700251,Brandon Clarke,pitcher,A,0.84,8.85,8.01,2189,1369,intended,True,thin_current_sample_confidence
2026-07-24,805279,Jason Reitz,pitcher,A,8.7,8.71,0.01,1355,1379,unintended,False,thin_current_sample_confidence
2026-07-24,692243,Jaden Woods,pitcher,AAA,12.9,8.65,-4.25,982,1389,unintended,False,thin_current_sample_confidence
2026-07-24,691186,Arol Vera,hitter,AAA,10.0,8.51,-1.49,1229,1404,unintended,False,thin_current_sample_confidence
2026-07-24,695771,Jacob Kmatz,pitcher,AA,3.48,8.36,4.88,1909,1417,unintended,False,moderate_thin_sample_confidence
2026-07-24,684081,Erick Brito,hitter,AA,9.48,8.33,-1.15,1280,1420,unintended,False,thin_current_sample_confidence
2026-07-24,815653,Tyson Lewis,hitter,A+,7.48,8.33,0.85,1470,1421,unintended,False,
2026-07-24,803183,Luke Fox,pitcher,AA,8.28,8.3,0.02,1402,1426,unintended,False,thin_current_sample_confidence
2026-07-24,805311,Nick Sando,pitcher,AAA,11.05,8.27,-2.78,1129,1432,unintended,False,thin_current_sample_confidence
2026-07-24,813706,Owen Hackman,pitcher,AA,11.43,8.25,-3.18,1097,1436,unintended,False,thin_current_sample_confidence
2026-07-24,811948,Tony Santa Maria,hitter,AAA,0,8.18,8.18,2460,1443,unintended,False,
2026-07-24,696070,Kendry Rojas,pitcher,AAA,8.73,8.12,-0.61,1350,1447,unintended,False,thin_current_sample_confidence
2026-07-24,683494,Euribiel Angeles,hitter,AAA,2.65,8.06,5.41,2033,1451,unintended,False,moderate_thin_sample_confidence
2026-07-24,802407,Joe Lampe,hitter,AAA,0,8.02,8.02,2370,1455,unintended,False,moderate_thin_sample_confidence;upper_level_low_impact_hitter_model_sample
2026-07-24,687282,Gabriel Rincones Jr.,hitter,AAA,14.13,7.99,-6.14,877,1459,unintended,False,thin_current_sample_confidence
2026-07-24,685763,Jonatan Bernal,pitcher,AAA,2.92,7.76,4.84,1995,1474,unintended,False,moderate_thin_sample_confidence
2026-07-24,808903,Emilio Barreras,hitter,A+,7.09,7.6,0.51,1502,1493,unintended,False,moderate_thin_sample_confidence
2026-07-24,694186,Shalin Polanco,hitter,AA,0,7.4,7.4,2452,1508,unintended,False,moderate_thin_sample_confidence
2026-07-24,806637,Jordan Woods,pitcher,A+,0,7.4,7.4,2695,1509,unintended,False,moderate_thin_sample_confidence
2026-07-24,814388,Hayden Snelsire,pitcher,AAA,8.33,7.18,-1.15,1393,1530,unintended,False,thin_current_sample_confidence
2026-07-24,824613,Cole Tolbert,pitcher,A,7.15,7.17,0.02,1497,1531,unintended,False,thin_current_sample_confidence
2026-07-24,804556,Braden Nett,pitcher,AAA,7.07,7.09,0.02,1507,1536,unintended,False,thin_current_sample_confidence
2026-07-24,806522,Irving Cota,pitcher,AA,8.71,6.88,-1.83,1354,1563,unintended,False,thin_current_sample_confidence
2026-07-24,703566,Carson Messina,pitcher,A,6.81,6.83,0.02,1534,1567,unintended,False,thin_current_sample_confidence
2026-07-24,823242,Tanner Gresham,pitcher,A+,0,6.83,6.83,2826,1568,unintended,False,moderate_thin_sample_confidence
2026-07-24,691398,Yerlin Confidan,hitter,AA,0,6.82,6.82,2476,1570,unintended,False,
2026-07-24,806441,Nehomar Ochoa Jr.,hitter,A+,5.12,6.76,1.64,1695,1576,unintended,False,moderate_thin_sample_confidence
2026-07-24,694991,Mitch Jebb,hitter,AAA,11.57,6.74,-4.83,1083,1578,unintended,False,thin_current_sample_confidence
2026-07-24,808291,Tyler Rodriguez,hitter,A+,2.42,6.61,4.19,2057,1595,unintended,False,moderate_thin_sample_confidence
2026-07-24,702576,Mason McGwire,pitcher,A+,5.01,6.56,1.55,1711,1604,unintended,False,moderate_thin_sample_confidence
2026-07-24,695556,Shane Panzini,pitcher,AAA,6.45,6.47,0.02,1581,1612,unintended,False,thin_current_sample_confidence
2026-07-24,805273,Frank Camarillo,pitcher,A+,3.07,6.41,3.34,1975,1619,unintended,False,moderate_thin_sample_confidence
2026-07-24,823295,Jay Thomason,hitter,AA,0,6.4,6.4,2366,1621,unintended,False,
2026-07-24,702582,Dallas Macias,hitter,A+,0,6.35,6.35,2307,1626,unintended,False,
2026-07-24,815300,Hayden Robinson,pitcher,A,6.36,6.35,-0.01,1591,1627,unintended,False,thin_current_sample_confidence
2026-07-24,805590,Dylan Palmer,hitter,A+,0,6.33,6.33,2322,1628,unintended,False,
2026-07-24,801367,Matt Jachec,pitcher,AAA,6.67,6.29,-0.38,1553,1634,unintended,False,thin_current_sample_confidence
2026-07-24,809633,Michael Dattalo,hitter,A+,1.54,6.1,4.56,2125,1643,unintended,False,moderate_thin_sample_confidence
2026-07-24,808547,Keyner Benitez,pitcher,A,6.13,6.1,-0.03,1607,1645,unintended,False,thin_current_sample_confidence
2026-07-24,701734,Ryan McCrystal,hitter,AA,2.01,5.92,3.91,2087,1656,unintended,False,moderate_thin_sample_confidence
2026-07-24,812363,Marlon Nieves,pitcher,A,5.89,5.9,0.01,1623,1658,unintended,False,thin_current_sample_confidence
2026-07-24,693311,Tink Hence,pitcher,AAA,5.83,5.85,0.02,1626,1662,unintended,False,thin_current_sample_confidence
2026-07-24,800260,Anthony Flores,pitcher,AA,5.69,5.67,-0.02,1633,1670,unintended,False,thin_current_sample_confidence
2026-07-24,702526,Eric Snow,hitter,AA,1.97,5.63,3.66,2091,1677,unintended,False,moderate_thin_sample_confidence
2026-07-24,702495,Josh Tate,hitter,A+,0,5.6,5.6,2390,1681,unintended,False,
2026-07-24,689296,Anthony Nunez,pitcher,AAA,2.51,5.57,3.06,2050,1684,intended,True,thin_current_sample_confidence
2026-07-24,811312,Justin Riemer,hitter,AA,0,5.46,5.46,2399,1695,unintended,False,moderate_thin_sample_confidence
2026-07-24,804946,Tyler Howard,hitter,A+,0,5.42,5.42,2463,1700,unintended,False,moderate_thin_sample_confidence
2026-07-24,692222,Jose Izarra,hitter,AA,0,5.37,5.37,2382,1704,unintended,False,
2026-07-24,692290,Carter Holton,pitcher,A,5.25,5.27,0.02,1681,1713,unintended,False,thin_current_sample_confidence
2026-07-24,806128,Antonio Jimenez,hitter,A+,0,5.23,5.23,2270,1720,unintended,False,moderate_thin_sample_confidence
2026-07-24,814005,Jake Bloss,pitcher,AAA,11.17,5.2,-5.97,1118,1724,unintended,False,thin_current_sample_confidence
2026-07-24,701820,Jacob Friend,hitter,A+,3.66,5.17,1.51,1880,1727,unintended,False,moderate_thin_sample_confidence
2026-07-24,693781,Wilian Bormie,pitcher,AAA,9.51,5.15,-4.36,1278,1729,unintended,False,thin_current_sample_confidence
2026-07-24,700357,Juan Rojas,pitcher,AA,9.47,5.13,-4.34,1282,1732,unintended,False,thin_current_sample_confidence
2026-07-24,694266,D'Andre Smith,hitter,AA,6.48,5.1,-1.38,1576,1736,unintended,False,thin_current_sample_confidence
2026-07-24,694742,Josh Moylan,hitter,AA,0,4.89,4.89,2389,1763,unintended,False,
2026-07-24,806640,Daniel Keaney,pitcher,A,4.82,4.8,-0.02,1742,1778,unintended,False,thin_current_sample_confidence
2026-07-24,835054,Cale Wetwiska,pitcher,A,4.67,4.64,-0.03,1759,1795,unintended,False,thin_current_sample_confidence
2026-07-24,694181,Carlos Colmenarez,hitter,AAA,3.2,4.52,1.32,1953,1807,unintended,False,moderate_thin_sample_confidence
2026-07-24,806083,J.D. Gonzalez,hitter,A+,0,4.35,4.35,2353,1828,unintended,False,moderate_thin_sample_confidence
2026-07-24,690804,Ryan Nicholson,hitter,AAA,0,4.22,4.22,2447,1850,unintended,False,
2026-07-24,700179,Connor Oliver,pitcher,AA,2.42,4.22,1.8,2058,1851,unintended,False,moderate_thin_sample_confidence
2026-07-24,814366,Cade Feeney,pitcher,AAA,5.36,4.18,-1.18,1670,1857,unintended,False,thin_current_sample_confidence
2026-07-24,815292,Luis Martinez-Gomez,pitcher,AA,6.79,4.15,-2.64,1536,1860,unintended,False,thin_current_sample_confidence
2026-07-24,809685,Aiven Cabral,pitcher,A+,0,4.07,4.07,2491,1868,unintended,False,moderate_thin_sample_confidence
2026-07-24,671748,Casey Yamauchi,hitter,AAA,0,4.04,4.04,2297,1871,unintended,False,
2026-07-24,683353,Connor Caskenette,hitter,AA,0,3.91,3.91,2302,1886,unintended,False,moderate_thin_sample_confidence
2026-07-24,814269,Kevin Verde,hitter,AA,8.05,3.86,-4.19,1423,1892,unintended,False,thin_current_sample_confidence
2026-07-24,693243,Garrett Pennington,hitter,AA,0,3.84,3.84,2337,1895,unintended,False,
2026-07-24,820833,Joey Broughton,pitcher,A,3.73,3.74,0.01,1866,1904,unintended,False,thin_current_sample_confidence
2026-07-24,823817,Jake McCutcheon,hitter,A+,0,3.72,3.72,2360,1907,unintended,False,moderate_thin_sample_confidence
2026-07-24,702640,Tyler Gough,pitcher,A+,2.05,3.69,1.64,2082,1914,unintended,False,moderate_thin_sample_confidence
2026-07-24,700845,Adam Zebrowski,hitter,AAA,0,3.68,3.68,2258,1915,unintended,False,moderate_thin_sample_confidence
2026-07-24,683568,Jairo Iriarte,pitcher,AAA,3.01,3.63,0.62,1985,1926,unintended,False,moderate_thin_sample_confidence
2026-07-24,699228,Jakey Josepha,hitter,A+,0,3.61,3.61,2363,1932,unintended,False,
2026-07-24,805517,Jackson Steensma,pitcher,A,3.63,3.61,-0.02,1885,1933,unintended,False,thin_current_sample_confidence
2026-07-24,683103,Cade Doughty,hitter,AA,4.52,3.52,-1.0,1774,1947,unintended,False,thin_current_sample_confidence
2026-07-24,701136,Kerrington Cross,hitter,A+,0,3.42,3.42,2400,1961,unintended,False,
2026-07-24,703821,Myles Caba,pitcher,AA,6.36,3.37,-2.99,1592,1966,unintended,False,thin_current_sample_confidence
2026-07-24,701404,Fisher Jameson,pitcher,AAA,0,3.26,3.26,2610,1985,unintended,False,moderate_thin_sample_confidence
2026-07-24,692285,Luis Guerrero,pitcher,AAA,3.22,3.21,-0.01,1952,1994,unintended,False,thin_current_sample_confidence
2026-07-24,696098,Jose Romero,pitcher,A+,0,3.2,3.2,2704,1996,intended,True,thin_current_sample_confidence
2026-07-24,696040,Po-Yu Chen,pitcher,AA,3.17,3.19,0.02,1961,2000,unintended,False,thin_current_sample_confidence
2026-07-24,701860,Carter Cunningham,hitter,AA,0,3.16,3.16,2296,2003,unintended,False,
2026-07-24,802192,Daniel Corniel,pitcher,A+,3.18,3.16,-0.02,1959,2004,unintended,False,thin_current_sample_confidence
2026-07-24,683104,Trey Faltine,hitter,AAA,4.33,3.02,-1.31,1798,2026,unintended,False,thin_current_sample_confidence
2026-07-24,800544,Cesar Lares,pitcher,A+,2.87,2.89,0.02,2002,2039,unintended,False,thin_current_sample_confidence
2026-07-24,833381,Jack Moroknek,hitter,A+,0,2.83,2.83,2354,2043,unintended,False,moderate_thin_sample_confidence
2026-07-24,824742,Logan Braunschweig,hitter,AA,1.15,2.8,1.65,2159,2047,unintended,False,moderate_thin_sample_confidence
2026-07-24,807697,Jervis Alfaro,pitcher,A+,0.94,2.78,1.84,2173,2051,unintended,False,moderate_thin_sample_confidence
2026-07-24,695605,Travis Smith,pitcher,AA,0,2.73,2.73,2836,2058,unintended,False,moderate_thin_sample_confidence
2026-07-24,686981,Brenden Dixon,hitter,AA,2.65,2.66,0.01,2032,2070,unintended,False,thin_current_sample_confidence
2026-07-24,693832,Tre Richardson III,hitter,AA,0,2.65,2.65,2461,2074,unintended,False,moderate_thin_sample_confidence
2026-07-24,701862,Jacob Walsh,hitter,A+,0,2.47,2.47,2357,2091,unintended,False,moderate_thin_sample_confidence
2026-07-24,682999,Will Childers,pitcher,AAA,3.43,2.31,-1.12,1919,2102,unintended,False,thin_current_sample_confidence
2026-07-24,827620,Jake Shirk,pitcher,AA,3.46,2.26,-1.2,1912,2104,unintended,False,thin_current_sample_confidence
2026-07-24,687195,Jake Garland,pitcher,AAA,5.48,2.21,-3.27,1660,2106,unintended,False,thin_current_sample_confidence
2026-07-24,809231,Tom Poole,hitter,A+,0,2.16,2.16,2458,2111,unintended,False,moderate_thin_sample_confidence
2026-07-24,805879,Connor Foley,pitcher,A,2.16,2.14,-0.02,2074,2113,unintended,False,thin_current_sample_confidence
2026-07-24,679754,Alberto Rodriguez,hitter,AA,1.99,2.01,0.02,2088,2121,unintended,False,thin_current_sample_confidence
2026-07-24,681495,Cade Fergus,hitter,AAA,5.6,1.98,-3.62,1644,2126,unintended,False,thin_current_sample_confidence
2026-07-24,702563,Mason Neville,hitter,A+,0,1.91,1.91,2421,2132,unintended,False,moderate_thin_sample_confidence
2026-07-24,804466,Carter Garate,hitter,AAA,2.12,1.75,-0.37,2077,2145,unintended,False,thin_current_sample_confidence
2026-07-24,685719,Fernando Sanchez,pitcher,AAA,7.88,1.65,-6.23,1434,2150,unintended,False,thin_current_sample_confidence
2026-07-24,815133,Cameron Sisneros,hitter,AA,0.85,1.6,0.75,2185,2153,unintended,False,moderate_thin_sample_confidence
2026-07-24,811573,Myles Patton,pitcher,A,1.57,1.56,-0.01,2119,2156,unintended,False,thin_current_sample_confidence
2026-07-24,692226,Ty Floyd,pitcher,A+,1.54,1.55,0.01,2126,2160,unintended,False,thin_current_sample_confidence
2026-07-24,691942,Jack O'Dowd,hitter,AA,0,1.51,1.51,2355,2161,unintended,False,moderate_thin_sample_confidence
2026-07-24,813869,Ryan Degges,pitcher,A+,3.41,1.47,-1.94,1922,2165,unintended,False,thin_current_sample_confidence
2026-07-24,687268,K.C. Hunt,pitcher,AAA,4.14,1.22,-2.92,1826,2188,unintended,False,thin_current_sample_confidence
2026-07-24,702631,Adonys Guzman,hitter,A+,0,1.21,1.21,2259,2189,unintended,False,moderate_thin_sample_confidence
2026-07-24,695046,Drew Brutcher,hitter,AA,0,1.17,1.17,2320,2192,unintended,False,moderate_thin_sample_confidence
2026-07-24,703198,Kenni Gomez,hitter,AA,1.35,0.79,-0.56,2141,2225,unintended,False,thin_current_sample_confidence
2026-07-24,694399,Elijah Nunez,hitter,AA,0,0.75,0.75,2326,2229,unintended,False,moderate_thin_sample_confidence
2026-07-24,700784,Jeron Williams,hitter,AA,0.58,0.61,0.03,2210,2241,unintended,False,thin_current_sample_confidence
2026-07-24,801039,John Garcia,hitter,AA,0,0.6,0.6,2374,2245,unintended,False,moderate_thin_sample_confidence
2026-07-24,680846,Pablo Aliendo,hitter,AA,0.56,0.58,0.02,2211,2246,unintended,False,thin_current_sample_confidence
2026-07-24,827637,Dalton McIntyre,hitter,AA,0,0.5,0.5,2308,2250,unintended,False,moderate_thin_sample_confidence
2026-07-24,806927,Luis De La Cruz,pitcher,A+,0,0.48,0.48,2740,2253,unintended,False,moderate_thin_sample_confidence
2026-07-24,811229,Ubert Mejias,pitcher,A+,0,0.46,0.46,2849,2255,unintended,False,moderate_thin_sample_confidence
2026-07-24,683061,Alexander Vargas,hitter,AA,0.38,0.4,0.02,2224,2259,unintended,False,thin_current_sample_confidence
2026-07-24,806998,Hendry Chivilli,pitcher,A,0.41,0.38,-0.03,2221,2261,unintended,False,thin_current_sample_confidence
2026-07-24,822163,Kellan Oakes,pitcher,A+,0,0.34,0.34,2724,2264,unintended,False,moderate_thin_sample_confidence
2026-07-24,696020,Raudelis Martinez,hitter,AA,0.32,0.33,0.01,2227,2265,unintended,False,thin_current_sample_confidence
2026-07-24,821092,Dalvinson Reyes,pitcher,A,0.25,0.22,-0.03,2236,2276,unintended,False,thin_current_sample_confidence
2026-07-24,808333,Dariel Francia,pitcher,A,0.14,0.16,0.02,2249,2283,unintended,False,thin_current_sample_confidence
2026-07-24,833080,Ethan Walker,pitcher,A,0.06,0.04,-0.02,2254,2290,unintended,False,thin_current_sample_confidence
2026-07-24,699305,Diego Mosquera,hitter,AA,2.53,0,-2.53,2046,2347,unintended,False,thin_current_sample_confidence
2026-07-24,687248,Keshawn Ogans,hitter,AAA,2.84,0,-2.84,2003,2410,unintended,False,thin_current_sample_confidence
2026-07-24,694204,Maikol Hernández,hitter,AAA,0.2,0,-0.2,2242,2427,unintended,False,thin_current_sample_confidence
2026-07-24,692366,Onil Perez,hitter,AA,1.56,0,-1.56,2120,2446,unintended,False,thin_current_sample_confidence
2026-07-24,815084,Ben Simon,pitcher,AAA,5.15,0,-5.15,1691,2523,unintended,False,thin_current_sample_confidence
2026-07-24,682981,Derek Diamond,pitcher,AAA,1.83,0,-1.83,2102,2585,unintended,False,thin_current_sample_confidence
2026-07-24,828506,Joey Danielson,pitcher,AA,0.49,0,-0.49,2216,2695,unintended,False,thin_current_sample_confidence
2026-07-24,681328,Jonny Cuevas,pitcher,AAA,2.56,0,-2.56,2042,2699,unintended,False,thin_current_sample_confidence
2026-07-24,687881,Kenten Egbert,pitcher,AAA,0.27,0,-0.27,2233,2729,unintended,False,thin_current_sample_confidence
2026-07-24,692589,Victor Juarez,pitcher,AAA,6.4,0,-6.4,1585,2851,unintended,False,thin_current_sample_confidence
2026-07-25,816113,Eli Willits,hitter,A+,67.97,68.31,0.34,2,2,unintended,False,
2026-07-25,703155,Lazaro Montes,hitter,AAA,40.51,41.67,1.16,41,38,unintended,False,
2026-07-25,815394,Theo Gillen,hitter,AA,39.63,40.37,0.74,46,42,unintended,False,
2026-07-25,815785,Braylon Doughty,pitcher,AA,33.81,34.64,0.83,69,61,unintended,False,
2026-07-25,703596,Karson Milbrandt,pitcher,AAA,30.31,34.64,4.33,112,62,unintended,False,moderate_thin_sample_confidence
2026-07-25,803849,Devin Fitz-Gerald,hitter,AA,30.18,34.11,3.93,119,66,unintended,False,
2026-07-25,815352,Caleb Bonemer,hitter,AA,33.38,34.01,0.63,78,67,unintended,False,
2026-07-25,800611,Noble Meyer,pitcher,A,26.53,33.55,7.02,208,78,intended,True,thin_current_sample_confidence
2026-07-25,694211,Manuel Pena,hitter,AAA,27.05,32.79,5.74,190,89,unintended,False,
2026-07-25,815792,Chase Harlan,hitter,A+,31.74,32.53,0.79,97,92,unintended,False,
2026-07-25,814409,Seaver King,hitter,AAA,31.78,31.88,0.1,95,99,unintended,False,
2026-07-25,815304,Josh Adamczewski,hitter,AA,25.54,31.26,5.72,244,103,unintended,False,
2026-07-25,695667,Ben Kudrna,pitcher,AAA,14.51,31.18,16.67,843,105,intended,True,thin_current_sample_confidence
2026-07-25,809100,Ixan Henderson,pitcher,A,19.16,30.73,11.57,527,112,intended,True,thin_current_sample_confidence
2026-07-25,816111,Tate Southisene,hitter,A+,30.23,30.51,0.28,116,117,unintended,False,
2026-07-25,802126,Joe Whitman,pitcher,AAA,28.4,29.41,1.01,156,140,unintended,False,
2026-07-25,703197,Michael Arroyo,hitter,AAA,17.2,29.34,12.14,659,143,unintended,False,
2026-07-25,700164,Bryant Betancourt,hitter,AAA,14.86,29.18,14.32,817,149,unintended,False,
2026-07-25,702484,Jackson Cox,pitcher,AA,26.76,28.27,1.51,201,168,unintended,False,
2026-07-25,806957,Alfredo Duno,hitter,AA,14.96,27.89,12.93,811,180,unintended,False,
2026-07-25,805207,Caden Bodine,hitter,AA,26.28,26.76,0.48,218,209,unintended,False,
2026-07-25,815873,Sean Keys,hitter,AAA,16.76,26.53,9.77,687,215,unintended,False,
2026-07-25,682982,Daniel Espino,pitcher,AAA,26.24,26.26,0.02,219,226,unintended,False,thin_current_sample_confidence
2026-07-25,815929,Jhonny Level,hitter,A+,24.98,26.22,1.24,257,228,unintended,False,
2026-07-25,702650,Michael Forret,pitcher,AAA,22.43,26.16,3.73,353,231,unintended,False,
2026-07-25,694370,Levi Wells,pitcher,AAA,25.92,25.94,0.02,229,238,unintended,False,thin_current_sample_confidence
2026-07-25,800537,Christian Zazueta,pitcher,AA,19.01,25.51,6.5,538,253,unintended,False,moderate_thin_sample_confidence
2026-07-25,803833,Garrett Baumann,pitcher,AAA,21.4,25.48,4.08,403,254,unintended,False,
2026-07-25,691641,Jose Acuna,pitcher,AAA,17.96,25.35,7.39,611,259,unintended,False,
2026-07-25,830402,Kendry Chourio,pitcher,A+,17.83,25.31,7.48,622,261,unintended,False,moderate_thin_sample_confidence
2026-07-25,814351,Lucas Braun,pitcher,AAA,22.7,25.16,2.46,337,266,unintended,False,
2026-07-25,702652,Andrew Fischer,hitter,AA,24.33,24.84,0.51,277,275,unintended,False,
2026-07-25,800540,Hector Osorio,hitter,A+,21.24,24.34,3.1,412,289,unintended,False,
2026-07-25,683363,Matt Wilkinson,pitcher,AAA,19.39,23.64,4.25,512,310,unintended,False,moderate_thin_sample_confidence
2026-07-25,702619,Luke Hill,hitter,AA,14.85,23.49,8.64,819,316,unintended,False,moderate_thin_sample_confidence
2026-07-25,808087,Junior Sanchez,pitcher,AA,21.47,23.35,1.88,400,322,unintended,False,moderate_thin_sample_confidence
2026-07-25,701339,Marek Houston,hitter,AA,22.48,23.11,0.63,350,332,unintended,False,
2026-07-25,815617,Kayson Cunningham,hitter,A+,22.75,23.09,0.34,335,334,unintended,False,
2026-07-25,808129,Juan Flores,hitter,AA,12.61,22.91,10.3,1007,346,unintended,False,moderate_thin_sample_confidence
2026-07-25,809733,Connor Wietgrefe,pitcher,AAA,19.3,22.77,3.47,517,350,unintended,False,
2026-07-25,694753,Khristian Curtis,pitcher,AAA,18.11,22.75,4.64,600,353,unintended,False,
2026-07-25,815626,Ethan Bagwell,pitcher,A+,13.04,22.71,9.67,970,355,unintended,False,
2026-07-25,826315,Cole Hertzler,pitcher,AA,15.21,22.54,7.33,792,366,unintended,False,moderate_thin_sample_confidence
2026-07-25,691828,Sem Robberse,pitcher,A,22.06,22.48,0.42,373,368,intended,True,thin_current_sample_confidence
2026-07-25,800176,Carlos Sanchez,hitter,AA,10.99,22.16,11.17,1142,384,unintended,False,
2026-07-25,806258,Thomas White,pitcher,AAA,24.68,22.1,-2.58,266,390,unintended,False,thin_current_sample_confidence
2026-07-25,699115,Carlos Jorge,hitter,AAA,11.22,21.85,10.63,1115,401,unintended,False,
2026-07-25,808365,Dameury Pena,hitter,A+,11.74,21.7,9.96,1079,412,unintended,False,
2026-07-25,800305,Jesús  Báez,hitter,AA,13.67,21.67,8.0,918,413,unintended,False,
2026-07-25,700731,Keiner Delgado,hitter,AAA,10.7,21.65,10.95,1173,415,unintended,False,
2026-07-25,692150,Émilien Pitre,hitter,AA,20.86,21.27,0.41,427,431,unintended,False,
2026-07-25,827719,Jake Munroe,hitter,AA,13.69,21.25,7.56,916,432,unintended,False,
2026-07-25,691021,A.J. Vukovich,hitter,AAA,20.59,20.57,-0.02,441,464,unintended,False,thin_current_sample_confidence
2026-07-25,701178,Rafe Schlesinger,pitcher,AA,18.98,20.53,1.55,540,470,unintended,False,moderate_thin_sample_confidence
2026-07-25,813536,Juan Valera,pitcher,A+,19.4,20.48,1.08,510,475,intended,True,thin_current_sample_confidence
2026-07-25,694860,Jake Brooks,pitcher,AAA,14.22,20.38,6.16,871,479,unintended,False,
2026-07-25,696143,Anthony Solometo,pitcher,AA,9.47,20.32,10.85,1286,480,intended,True,thin_current_sample_confidence
2026-07-25,807720,Garret Forrester,hitter,AAA,23.39,20.31,-3.08,305,482,unintended,False,thin_current_sample_confidence
2026-07-25,703615,Jose Cabrera,pitcher,AAA,13.71,20.21,6.5,914,490,unintended,False,moderate_thin_sample_confidence
2026-07-25,703610,Justin Lamkin,pitcher,AA,22.64,20.2,-2.44,341,491,unintended,False,thin_current_sample_confidence
2026-07-25,814430,Brett Callahan,hitter,AAA,11.56,20.14,8.58,1087,496,unintended,False,
2026-07-25,820832,Blake Aita,pitcher,AA,8.75,20.09,11.34,1350,501,unintended,False,
2026-07-25,699151,Jedixson Paez,pitcher,AA,19.94,19.93,-0.01,482,510,unintended,False,thin_current_sample_confidence
2026-07-25,702270,Malcolm Moore,hitter,AA,19.37,19.88,0.51,514,512,unintended,False,
2026-07-25,828824,Josiah Ragsdale,hitter,AA,9.69,19.86,10.17,1262,513,unintended,False,
2026-07-25,807267,JD Dix,hitter,A+,19.37,19.82,0.45,513,516,unintended,False,
2026-07-25,825576,Brandt Thompson,pitcher,AAA,12.71,19.76,7.05,1000,521,unintended,False,moderate_thin_sample_confidence
2026-07-25,702505,J.D. Thompson,pitcher,A+,19.61,19.62,0.01,496,528,unintended,False,thin_current_sample_confidence
2026-07-25,689818,David Sandlin,pitcher,AAA,20.19,19.55,-0.64,466,532,unintended,False,thin_current_sample_confidence
2026-07-25,803385,Jay Harry,hitter,AAA,15.8,19.23,3.43,752,552,unintended,False,moderate_thin_sample_confidence
2026-07-25,806263,Brandon Winokur,hitter,AA,13.66,19.1,5.44,919,560,unintended,False,
2026-07-25,805127,Devin Taylor,hitter,AA,18.72,19.0,0.28,559,567,unintended,False,
2026-07-25,679922,Carlos Duran,pitcher,AAA,18.96,18.98,0.02,542,568,unintended,False,thin_current_sample_confidence
2026-07-25,800125,Fernando Perez,pitcher,AA,16.91,18.63,1.72,675,589,intended,True,thin_current_sample_confidence
2026-07-25,701780,Tanner McDougal,pitcher,AAA,19.02,18.37,-0.65,537,609,unintended,False,thin_current_sample_confidence
2026-07-25,701750,Bennett Thompson,hitter,AA,6.5,18.16,11.66,1584,620,unintended,False,
2026-07-25,678142,Cedric De Grandpre,pitcher,AA,14.8,18.06,3.26,823,631,unintended,False,
2026-07-25,809844,Kien Vu,hitter,AA,5.68,17.73,12.05,1647,651,unintended,False,
2026-07-25,824600,Riley Maddox,pitcher,AA,5.84,17.69,11.85,1636,652,unintended,False,
2026-07-25,701337,Ethan Petry,hitter,AA,17.25,17.62,0.37,653,657,unintended,False,
2026-07-25,834978,Danny Thompson Jr.,pitcher,AA,11.11,17.59,6.48,1127,663,unintended,False,moderate_thin_sample_confidence
2026-07-25,682769,Eiberson Castellano,pitcher,AAA,13.11,17.29,4.18,966,680,unintended,False,
2026-07-25,703680,Brandon Compton,hitter,AA,16.32,17.28,0.96,715,681,unintended,False,
2026-07-25,687721,Cameron Weston,pitcher,AAA,17.25,17.26,0.01,655,682,unintended,False,thin_current_sample_confidence
2026-07-25,809840,Micah Ashman,pitcher,AA,17.48,17.25,-0.23,639,684,unintended,False,thin_current_sample_confidence
2026-07-25,805790,Cody Bowker,pitcher,A+,11.17,17.18,6.01,1121,688,unintended,False,moderate_thin_sample_confidence
2026-07-25,807716,Ty Langenberg,pitcher,AAA,15.97,16.98,1.01,741,696,unintended,False,moderate_thin_sample_confidence
2026-07-25,807485,Davian Garcia,pitcher,AA,16.97,16.94,-0.03,669,701,unintended,False,thin_current_sample_confidence
2026-07-25,800569,Alberto Barriga,hitter,AA,10.81,16.92,6.11,1161,702,unintended,False,moderate_thin_sample_confidence
2026-07-25,828599,Lucas Spence,hitter,AAA,5.16,16.87,11.71,1696,708,unintended,False,
2026-07-25,800231,Won-Bin Cho,hitter,AA,7.6,16.83,9.23,1466,712,unintended,False,
2026-07-25,805942,Zach Royse,pitcher,A+,9.55,16.82,7.27,1278,713,unintended,False,
2026-07-25,827408,Ramon Marquez,pitcher,A+,14.99,16.59,1.6,808,729,unintended,False,moderate_thin_sample_confidence
2026-07-25,813715,Khadim Diaw,hitter,AA,10.19,16.23,6.04,1218,756,unintended,False,
2026-07-25,800017,Jose Montero,pitcher,AA,13.12,16.22,3.1,965,757,unintended,False,moderate_thin_sample_confidence
2026-07-25,682620,Richard Gallardo,pitcher,AAA,15.87,16.17,0.3,748,763,unintended,False,moderate_thin_sample_confidence
2026-07-25,699314,David Davalillo,pitcher,AAA,14.4,15.86,1.46,854,780,unintended,False,moderate_thin_sample_confidence
2026-07-25,687223,Carson Palmquist,pitcher,AAA,15.7,15.72,0.02,761,790,unintended,False,thin_current_sample_confidence
2026-07-25,691437,Adrian Pinto,hitter,AA,17.97,15.65,-2.32,609,796,unintended,False,thin_current_sample_confidence
2026-07-25,801796,Eli Jones,pitcher,AA,5.55,15.65,10.1,1662,797,unintended,False,moderate_thin_sample_confidence
2026-07-25,695604,T.J. White,hitter,AA,9.24,15.45,6.21,1311,804,unintended,False,moderate_thin_sample_confidence
2026-07-25,811765,Deniel Ortiz,hitter,AA,17.03,15.17,-1.86,665,826,unintended,False,thin_current_sample_confidence
2026-07-25,700255,Jacob Steinmetz,pitcher,A,12.92,15.12,2.2,981,831,intended,True,thin_current_sample_confidence
2026-07-25,802410,Jacob Zibin,pitcher,A+,10.08,15.12,5.04,1231,832,unintended,False,moderate_thin_sample_confidence
2026-07-25,802357,Drue Hackenberg,pitcher,AAA,18.78,15.07,-3.71,555,836,unintended,False,thin_current_sample_confidence
2026-07-25,814489,Brett Wichrowski,pitcher,AAA,3.32,15.02,11.7,1940,841,unintended,False,moderate_thin_sample_confidence
2026-07-25,804123,Joey Volini,pitcher,AA,15.79,15.0,-0.79,754,844,unintended,False,thin_current_sample_confidence
2026-07-25,807993,Nicolas Carreno,pitcher,A+,11.43,14.96,3.53,1099,848,unintended,False,moderate_thin_sample_confidence
2026-07-25,695722,Boston Smith,hitter,AA,3.03,14.8,11.77,1987,855,unintended,False,
2026-07-25,529017,Alexander Cornielle,pitcher,AAA,17.91,14.68,-3.23,614,866,unintended,False,thin_current_sample_confidence
2026-07-25,815793,Carter Johnson,hitter,A+,13.8,14.66,0.86,904,868,unintended,False,
2026-07-25,815501,Bryce Meccage,pitcher,A+,14.44,14.42,-0.02,848,882,unintended,False,thin_current_sample_confidence
2026-07-25,800452,Jose Chirinos,pitcher,A+,13.52,14.19,0.67,926,906,unintended,False,moderate_thin_sample_confidence
2026-07-25,831572,Carson Fischer,pitcher,A+,4.96,14.18,9.22,1725,908,unintended,False,
2026-07-25,687210,Nathan Martorella,hitter,AAA,14.17,14.15,-0.02,878,909,unintended,False,thin_current_sample_confidence
2026-07-25,691414,Yorman Gómez,pitcher,AAA,14.08,14.1,0.02,883,910,unintended,False,thin_current_sample_confidence
2026-07-25,808893,Bryan Balzer,pitcher,A+,1.4,14.04,12.64,2141,918,unintended,False,
2026-07-25,805880,Tanner Thach,hitter,A+,3.67,14.02,10.35,1880,921,unintended,False,
2026-07-25,702331,Noah Mendlinger,hitter,AAA,9.49,14.01,4.52,1284,922,unintended,False,moderate_thin_sample_confidence
2026-07-25,691292,Angel Ortiz,hitter,AAA,13.56,13.98,0.42,925,924,unintended,False,moderate_thin_sample_confidence
2026-07-25,824028,Gage Miller,hitter,AAA,13.74,13.93,0.19,910,929,unintended,False,moderate_thin_sample_confidence
2026-07-25,804614,Marco Vargas,hitter,AA,14.83,13.93,-0.9,820,930,unintended,False,thin_current_sample_confidence
2026-07-25,834240,Ryan Wideman,hitter,A+,5.72,13.86,8.14,1644,933,unintended,False,
2026-07-25,808024,Carlos Virahonda,hitter,A+,5.09,13.84,8.75,1709,935,unintended,False,
2026-07-25,804985,Jack Anker,pitcher,A+,4.96,13.8,8.84,1726,943,unintended,False,
2026-07-25,691006,Kevin Parada,hitter,AAA,8.17,13.73,5.56,1414,948,unintended,False,moderate_thin_sample_confidence;upper_level_low_impact_hitter_model_sample
2026-07-25,686544,Nestor Lorant,pitcher,AA,8.13,13.66,5.53,1419,955,unintended,False,moderate_thin_sample_confidence
2026-07-25,696062,Wilber Dotel,pitcher,AAA,14.8,13.61,-1.19,825,958,unintended,False,thin_current_sample_confidence
2026-07-25,682633,Eduardo Garcia,hitter,AAA,4.62,13.55,8.93,1767,961,unintended,False,moderate_thin_sample_confidence
2026-07-25,691616,Hedbert Perez,hitter,AA,14.44,13.39,-1.05,847,977,unintended,False,thin_current_sample_confidence
2026-07-25,691185,Maximo Acosta,hitter,AAA,13.37,13.35,-0.02,943,979,unintended,False,thin_current_sample_confidence
2026-07-25,691893,Jean Cabrera,pitcher,AAA,10.47,13.15,2.68,1190,995,unintended,False,moderate_thin_sample_confidence
2026-07-25,692405,Jeremy Rivas,hitter,AAA,9.59,13.11,3.52,1273,1000,unintended,False,moderate_thin_sample_confidence
2026-07-25,804670,Ryan Birchard,pitcher,AA,12.98,12.96,-0.02,976,1010,unintended,False,thin_current_sample_confidence
2026-07-25,703804,Romeo Sanabria,hitter,AAA,0,12.93,12.93,2459,1012,unintended,False,
2026-07-25,691941,Calvin Harris,hitter,AA,13.3,12.82,-0.48,951,1025,unintended,False,thin_current_sample_confidence
2026-07-25,816014,Ryan McDonagh,pitcher,A,12.8,12.79,-0.01,996,1028,unintended,False,thin_current_sample_confidence
2026-07-25,813400,Jack Winnay,hitter,AA,3.81,12.77,8.96,1861,1030,unintended,False,
2026-07-25,690985,Colby Halter,hitter,AAA,6.43,12.72,6.29,1591,1032,unintended,False,moderate_thin_sample_confidence
2026-07-25,806270,Dominic Perachi,pitcher,AA,13.36,12.71,-0.65,944,1033,unintended,False,thin_current_sample_confidence
2026-07-25,822514,Max Banks,pitcher,A+,4.57,12.63,8.06,1775,1039,unintended,False,
2026-07-25,815043,Simon Miller,pitcher,AA,11.0,12.61,1.61,1141,1041,intended,True,thin_current_sample_confidence
2026-07-25,823790,Will McCausland,pitcher,A+,3.54,12.38,8.84,1907,1059,unintended,False,
2026-07-25,699276,Jose Olivares,pitcher,AA,12.97,12.3,-0.67,978,1066,unintended,False,thin_current_sample_confidence
2026-07-25,692368,Adrián Sugastey,hitter,AAA,13.03,12.23,-0.8,971,1072,unintended,False,thin_current_sample_confidence
2026-07-25,814346,Dylan Watts,pitcher,A+,1.61,12.13,10.52,2117,1081,unintended,False,moderate_thin_sample_confidence
2026-07-25,688354,Hayden Minton,pitcher,AA,7.26,12.12,4.86,1503,1083,unintended,False,
2026-07-25,807728,Carter Graham,hitter,AA,1.87,11.88,10.01,2100,1103,unintended,False,
2026-07-25,832307,Jack Kartsonas,pitcher,AA,0.17,11.85,11.68,2253,1106,unintended,False,
2026-07-25,683085,Landon Sims,pitcher,AAA,9.26,11.65,2.39,1309,1120,unintended,False,moderate_thin_sample_confidence
2026-07-25,694393,Jaxon Wiggins,pitcher,AAA,15.18,11.64,-3.54,794,1121,unintended,False,thin_current_sample_confidence
2026-07-25,801075,Walker Janek,hitter,AA,11.94,11.6,-0.34,1061,1125,unintended,False,thin_current_sample_confidence
2026-07-25,822477,JB Middleton,pitcher,A,11.42,11.44,0.02,1101,1135,unintended,False,thin_current_sample_confidence
2026-07-25,691405,Juan Benjamin,hitter,AAA,0,10.98,10.98,2402,1171,unintended,False,moderate_thin_sample_confidence
2026-07-25,803291,Christian Oppor,pitcher,AA,10.94,10.96,0.02,1147,1173,unintended,False,thin_current_sample_confidence
2026-07-25,814384,Alexander Meckley,pitcher,A+,5.58,10.9,5.32,1655,1181,unintended,False,moderate_thin_sample_confidence
2026-07-25,807748,Kannon Kemp,pitcher,A+,9.66,10.81,1.15,1265,1192,intended,True,thin_current_sample_confidence
2026-07-25,822966,John Taylor,hitter,AAA,9.06,10.71,1.65,1326,1203,unintended,False,moderate_thin_sample_confidence
2026-07-25,800387,Fernando Peguero,hitter,AAA,1.9,10.69,8.79,2097,1205,unintended,False,moderate_thin_sample_confidence;upper_level_low_impact_hitter_model_sample
2026-07-25,815292,Luis Martinez-Gomez,pitcher,AA,12.58,10.57,-2.01,1013,1216,unintended,False,thin_current_sample_confidence
2026-07-25,691913,Jesus Castillo,hitter,AAA,6.68,10.5,3.82,1562,1220,unintended,False,moderate_thin_sample_confidence
2026-07-25,677601,Keyber Rodriguez,hitter,AAA,7.14,10.38,3.24,1514,1231,unintended,False,moderate_thin_sample_confidence
2026-07-25,801507,Jake Cunningham,hitter,AA,2.62,10.32,7.7,2038,1239,unintended,False,
2026-07-25,695646,Peter Heubeck,pitcher,AA,9.86,9.83,-0.03,1247,1279,unintended,False,thin_current_sample_confidence
2026-07-25,801643,Owen Wild,pitcher,AAA,9.16,9.81,0.65,1318,1282,unintended,False,moderate_thin_sample_confidence
2026-07-25,800254,Abrahan Ramirez,hitter,A+,2.93,9.79,6.86,2005,1284,unintended,False,moderate_thin_sample_confidence
2026-07-25,808825,Andrew Sears,pitcher,AA,14.24,9.78,-4.46,868,1286,unintended,False,thin_current_sample_confidence
2026-07-25,694633,Chase Hampton,pitcher,AA,16.2,9.56,-6.64,726,1307,unintended,False,thin_current_sample_confidence
2026-07-25,684128,Reidis Sena,pitcher,AAA,11.48,9.53,-1.95,1094,1310,unintended,False,thin_current_sample_confidence
2026-07-25,801957,Dub Gleed,hitter,AA,2.96,9.5,6.54,2000,1313,unintended,False,
2026-07-25,693739,Alexander Alberto,pitcher,AAA,12.66,9.41,-3.25,1004,1321,unintended,False,thin_current_sample_confidence
2026-07-25,683349,Calvin Ziegler,pitcher,A+,2.12,9.27,7.15,2080,1336,intended,True,thin_current_sample_confidence
2026-07-25,691621,Jheremy Vargas,hitter,AAA,10.16,9.17,-0.99,1224,1345,unintended,False,thin_current_sample_confidence
2026-07-25,694408,Riley Eikhoff,pitcher,A+,0,9.09,9.09,2809,1352,unintended,False,
2026-07-25,809059,Danny Macchiarola,pitcher,A,8.93,8.91,-0.02,1338,1365,unintended,False,thin_current_sample_confidence
2026-07-25,694689,Dominic Pitelli,hitter,AAA,6.43,8.87,2.44,1592,1368,unintended,False,moderate_thin_sample_confidence
2026-07-25,700251,Brandon Clarke,pitcher,A,0.8,8.81,8.01,2197,1374,intended,True,thin_current_sample_confidence
2026-07-25,692243,Jaden Woods,pitcher,AAA,12.87,8.62,-4.25,988,1394,unintended,False,thin_current_sample_confidence
2026-07-25,691186,Arol Vera,hitter,AAA,10.1,8.61,-1.49,1229,1395,unintended,False,thin_current_sample_confidence
2026-07-25,813636,Phil Fox,pitcher,AA,8.42,8.44,0.02,1389,1414,unintended,False,thin_current_sample_confidence
2026-07-25,695771,Jacob Kmatz,pitcher,AA,4.46,8.36,3.9,1790,1423,unintended,False,moderate_thin_sample_confidence
2026-07-25,803183,Luke Fox,pitcher,AA,8.31,8.33,0.02,1399,1427,unintended,False,thin_current_sample_confidence
2026-07-25,684081,Erick Brito,hitter,AA,9.46,8.31,-1.15,1287,1428,unintended,False,thin_current_sample_confidence
2026-07-25,813706,Owen Hackman,pitcher,AA,11.42,8.24,-3.18,1102,1438,unintended,False,thin_current_sample_confidence
2026-07-25,805311,Nick Sando,pitcher,AAA,11.0,8.22,-2.78,1140,1439,unintended,False,thin_current_sample_confidence
2026-07-25,696070,Kendry Rojas,pitcher,AAA,8.75,8.14,-0.61,1351,1446,unintended,False,thin_current_sample_confidence
2026-07-25,815653,Tyson Lewis,hitter,A+,7.3,8.1,0.8,1496,1453,unintended,False,
2026-07-25,802407,Joe Lampe,hitter,AAA,0,8.08,8.08,2381,1457,unintended,False,moderate_thin_sample_confidence;upper_level_low_impact_hitter_model_sample
2026-07-25,811948,Tony Santa Maria,hitter,AAA,0,8.05,8.05,2474,1460,unintended,False,
2026-07-25,683494,Euribiel Angeles,hitter,AAA,2.57,7.98,5.41,2047,1465,unintended,False,moderate_thin_sample_confidence
2026-07-25,687282,Gabriel Rincones Jr.,hitter,AAA,14.11,7.97,-6.14,879,1466,unintended,False,thin_current_sample_confidence
2026-07-25,685763,Jonatan Bernal,pitcher,AAA,2.96,7.79,4.83,2002,1481,unintended,False,moderate_thin_sample_confidence
2026-07-25,807974,Adrian Bohorquez,pitcher,A+,7.63,7.65,0.02,1462,1494,unintended,False,thin_current_sample_confidence
2026-07-25,808903,Emilio Barreras,hitter,A+,7.34,7.58,0.24,1489,1502,unintended,False,moderate_thin_sample_confidence
2026-07-25,694186,Shalin Polanco,hitter,AA,0,7.44,7.44,2466,1516,unintended,False,moderate_thin_sample_confidence
2026-07-25,806637,Jordan Woods,pitcher,A+,0,7.39,7.39,2707,1519,unintended,False,moderate_thin_sample_confidence
2026-07-25,814388,Hayden Snelsire,pitcher,AAA,8.3,7.15,-1.15,1400,1547,unintended,False,thin_current_sample_confidence
2026-07-25,824613,Cole Tolbert,pitcher,A,7.1,7.12,0.02,1521,1552,unintended,False,thin_current_sample_confidence
2026-07-25,804556,Braden Nett,pitcher,AAA,7.06,7.08,0.02,1525,1555,unintended,False,thin_current_sample_confidence
2026-07-25,806121,Mac Heuer,pitcher,A,7.06,7.07,0.01,1526,1559,unintended,False,thin_current_sample_confidence
2026-07-25,823242,Tanner Gresham,pitcher,A+,0,6.83,6.83,2836,1582,unintended,False,moderate_thin_sample_confidence
2026-07-25,703566,Carson Messina,pitcher,A,6.8,6.82,0.02,1549,1583,unintended,False,thin_current_sample_confidence
2026-07-25,691398,Yerlin Confidan,hitter,AA,0,6.8,6.8,2489,1584,unintended,False,
2026-07-25,694991,Mitch Jebb,hitter,AAA,11.96,6.79,-5.17,1059,1585,unintended,False,thin_current_sample_confidence
2026-07-25,806522,Irving Cota,pitcher,AA,8.62,6.79,-1.83,1367,1587,unintended,False,thin_current_sample_confidence
2026-07-25,806441,Nehomar Ochoa Jr.,hitter,A+,5.11,6.75,1.64,1707,1594,unintended,False,moderate_thin_sample_confidence
2026-07-25,701734,Ryan McCrystal,hitter,AA,2.45,6.68,4.23,2059,1600,unintended,False,moderate_thin_sample_confidence
2026-07-25,702576,Mason McGwire,pitcher,A+,5.0,6.55,1.55,1721,1617,unintended,False,moderate_thin_sample_confidence
2026-07-25,695556,Shane Panzini,pitcher,AAA,6.45,6.47,0.02,1589,1623,unintended,False,thin_current_sample_confidence
2026-07-25,804751,Logan Poteet,hitter,A+,0,6.43,6.43,2417,1627,unintended,False,
2026-07-25,823295,Jay Thomason,hitter,AA,0,6.4,6.4,2377,1629,unintended,False,
2026-07-25,702582,Dallas Macias,hitter,A+,0,6.38,6.38,2318,1632,unintended,False,
2026-07-25,805590,Dylan Palmer,hitter,A+,0,6.37,6.37,2332,1633,unintended,False,
2026-07-25,820940,Eiver Mosquera,pitcher,A,6.39,6.37,-0.02,1596,1634,unintended,False,thin_current_sample_confidence
2026-07-25,815300,Hayden Robinson,pitcher,A,6.36,6.35,-0.01,1600,1636,unintended,False,thin_current_sample_confidence
2026-07-25,805273,Frank Camarillo,pitcher,A+,3.0,6.34,3.34,1995,1637,unintended,False,moderate_thin_sample_confidence
2026-07-25,801367,Matt Jachec,pitcher,AAA,6.6,6.22,-0.38,1573,1646,unintended,False,thin_current_sample_confidence
2026-07-25,808291,Tyler Rodriguez,hitter,A+,2.52,6.19,3.67,2055,1648,unintended,False,moderate_thin_sample_confidence
2026-07-25,809633,Michael Dattalo,hitter,A+,1.58,6.14,4.56,2120,1651,unintended,False,moderate_thin_sample_confidence
2026-07-25,808547,Keyner Benitez,pitcher,A,6.09,6.06,-0.03,1616,1660,unintended,False,thin_current_sample_confidence
2026-07-25,801686,Michael Carico,hitter,A+,0,6.0,6.0,2433,1664,unintended,False,
2026-07-25,693311,Tink Hence,pitcher,AAA,5.84,5.86,0.02,1637,1674,unintended,False,thin_current_sample_confidence
2026-07-25,702526,Eric Snow,hitter,AA,2.46,5.69,3.23,2057,1684,unintended,False,moderate_thin_sample_confidence
2026-07-25,800260,Anthony Flores,pitcher,AA,5.71,5.69,-0.02,1646,1685,unintended,False,thin_current_sample_confidence
2026-07-25,702495,Josh Tate,hitter,A+,0,5.57,5.57,2400,1693,unintended,False,
2026-07-25,689296,Anthony Nunez,pitcher,AAA,2.41,5.47,3.06,2064,1708,intended,True,thin_current_sample_confidence
2026-07-25,811312,Justin Riemer,hitter,AA,0,5.46,5.46,2409,1709,unintended,False,moderate_thin_sample_confidence
2026-07-25,806128,Antonio Jimenez,hitter,A+,0,5.42,5.42,2281,1710,unintended,False,moderate_thin_sample_confidence
2026-07-25,692222,Jose Izarra,hitter,AA,0,5.41,5.41,2392,1711,unintended,False,
2026-07-25,804946,Tyler Howard,hitter,A+,0,5.41,5.41,2476,1712,unintended,False,moderate_thin_sample_confidence
2026-07-25,692290,Carter Holton,pitcher,A,5.27,5.29,0.02,1685,1723,unintended,False,thin_current_sample_confidence
2026-07-25,701820,Jacob Friend,hitter,A+,4.07,5.24,1.17,1834,1729,unintended,False,moderate_thin_sample_confidence
2026-07-25,693781,Wilian Bormie,pitcher,AAA,9.54,5.18,-4.36,1279,1735,unintended,False,thin_current_sample_confidence
2026-07-25,814005,Jake Bloss,pitcher,AAA,11.12,5.15,-5.97,1126,1738,unintended,False,thin_current_sample_confidence
2026-07-25,694266,D'Andre Smith,hitter,AA,6.47,5.09,-1.38,1586,1748,unintended,False,thin_current_sample_confidence
2026-07-25,700357,Juan Rojas,pitcher,AA,9.43,5.09,-4.34,1292,1751,unintended,False,thin_current_sample_confidence
2026-07-25,694742,Josh Moylan,hitter,AA,0,4.87,4.87,2399,1776,unintended,False,
2026-07-25,805800,Zander Mueth,pitcher,A,4.77,4.78,0.01,1753,1788,unintended,False,thin_current_sample_confidence
2026-07-25,806640,Daniel Keaney,pitcher,A,4.78,4.76,-0.02,1749,1791,unintended,False,thin_current_sample_confidence
2026-07-25,814522,Caden Kendle,hitter,AA,0,4.7,4.7,2300,1799,unintended,False,moderate_thin_sample_confidence
2026-07-25,806083,J.D. Gonzalez,hitter,A+,0,4.58,4.58,2364,1810,unintended,False,moderate_thin_sample_confidence
2026-07-25,694181,Carlos Colmenarez,hitter,AAA,3.24,4.57,1.33,1951,1811,unintended,False,moderate_thin_sample_confidence
2026-07-25,835054,Cale Wetwiska,pitcher,A,4.58,4.55,-0.03,1773,1817,unintended,False,thin_current_sample_confidence
2026-07-25,813869,Ryan Degges,pitcher,A+,6.09,4.51,-1.58,1617,1824,unintended,False,thin_current_sample_confidence
2026-07-25,700845,Adam Zebrowski,hitter,AAA,0,4.33,4.33,2269,1841,unintended,False,moderate_thin_sample_confidence
2026-07-25,700179,Connor Oliver,pitcher,AA,2.43,4.23,1.8,2061,1857,unintended,False,moderate_thin_sample_confidence
2026-07-25,814366,Cade Feeney,pitcher,AAA,5.35,4.17,-1.18,1679,1866,unintended,False,thin_current_sample_confidence
2026-07-25,690804,Ryan Nicholson,hitter,AAA,0,4.16,4.16,2461,1868,unintended,False,
2026-07-25,809685,Aiven Cabral,pitcher,A+,0,4.07,4.07,2504,1874,unintended,False,moderate_thin_sample_confidence
2026-07-25,823817,Jake McCutcheon,hitter,A+,0,4.05,4.05,2371,1879,unintended,False,moderate_thin_sample_confidence
2026-07-25,671748,Casey Yamauchi,hitter,AAA,0,4.04,4.04,2308,1881,unintended,False,
2026-07-25,683353,Connor Caskenette,hitter,AA,0,3.93,3.93,2313,1897,unintended,False,moderate_thin_sample_confidence
2026-07-25,693243,Garrett Pennington,hitter,AA,0,3.85,3.85,2348,1903,unintended,False,
2026-07-25,814269,Kevin Verde,hitter,AA,8.03,3.84,-4.19,1430,1905,unintended,False,thin_current_sample_confidence
2026-07-25,800348,Edwin Amparo,hitter,A+,0,3.79,3.79,2335,1907,unintended,False,
2026-07-25,683103,Cade Doughty,hitter,AA,4.75,3.78,-0.97,1755,1908,unintended,False,thin_current_sample_confidence
2026-07-25,691947,Ronan Kopp,pitcher,AAA,3.76,3.77,0.01,1867,1910,unintended,False,thin_current_sample_confidence
2026-07-25,683568,Jairo Iriarte,pitcher,AAA,3.03,3.65,0.62,1989,1930,unintended,False,moderate_thin_sample_confidence
2026-07-25,702640,Tyler Gough,pitcher,A+,2.01,3.65,1.64,2092,1931,unintended,False,moderate_thin_sample_confidence
2026-07-25,820833,Joey Broughton,pitcher,A,3.63,3.64,0.01,1888,1934,unintended,False,thin_current_sample_confidence
2026-07-25,699228,Jakey Josepha,hitter,A+,0,3.63,3.63,2374,1935,unintended,False,
2026-07-25,701136,Kerrington Cross,hitter,A+,0,3.42,3.42,2410,1969,unintended,False,
2026-07-25,703821,Myles Caba,pitcher,AA,6.37,3.38,-2.99,1598,1976,unintended,False,thin_current_sample_confidence
2026-07-25,805517,Jackson Steensma,pitcher,A,3.39,3.37,-0.02,1930,1977,unintended,False,thin_current_sample_confidence
2026-07-25,701404,Fisher Jameson,pitcher,AAA,0,3.29,3.29,2622,1989,unintended,False,moderate_thin_sample_confidence
2026-07-25,692285,Luis Guerrero,pitcher,AAA,3.22,3.21,-0.01,1956,2001,unintended,False,thin_current_sample_confidence
2026-07-25,696040,Po-Yu Chen,pitcher,AA,3.16,3.18,0.02,1966,2010,unintended,False,thin_current_sample_confidence
2026-07-25,701860,Carter Cunningham,hitter,AA,0,3.17,3.17,2307,2011,unintended,False,
2026-07-25,696098,Jose Romero,pitcher,A+,0,3.17,3.17,2716,2012,intended,True,thin_current_sample_confidence
2026-07-25,802192,Daniel Corniel,pitcher,A+,3.15,3.13,-0.02,1968,2019,unintended,False,thin_current_sample_confidence
2026-07-25,686981,Brenden Dixon,hitter,AA,2.99,3.01,0.02,1997,2039,unintended,False,thin_current_sample_confidence
2026-07-25,683104,Trey Faltine,hitter,AAA,4.32,3.01,-1.31,1804,2040,unintended,False,thin_current_sample_confidence
2026-07-25,800544,Cesar Lares,pitcher,A+,2.84,2.86,0.02,2013,2055,unintended,False,thin_current_sample_confidence
2026-07-25,833381,Jack Moroknek,hitter,A+,0,2.81,2.81,2365,2059,unintended,False,moderate_thin_sample_confidence
2026-07-25,824742,Logan Braunschweig,hitter,AA,1.15,2.79,1.64,2164,2060,unintended,False,moderate_thin_sample_confidence
2026-07-25,807697,Jervis Alfaro,pitcher,A+,1.55,2.77,1.22,2129,2063,unintended,False,moderate_thin_sample_confidence
2026-07-25,695605,Travis Smith,pitcher,AA,0,2.73,2.73,2846,2067,unintended,False,moderate_thin_sample_confidence
2026-07-25,693832,Tre Richardson III,hitter,AA,0.42,2.69,2.27,2229,2075,unintended,False,moderate_thin_sample_confidence
2026-07-25,701862,Jacob Walsh,hitter,A+,0.17,2.48,2.31,2252,2097,unintended,False,moderate_thin_sample_confidence
2026-07-25,804466,Carter Garate,hitter,AAA,2.79,2.44,-0.35,2017,2099,unintended,False,thin_current_sample_confidence
2026-07-25,809231,Tom Poole,hitter,A+,0,2.43,2.43,2472,2101,unintended,False,moderate_thin_sample_confidence
2026-07-25,682999,Will Childers,pitcher,AAA,3.44,2.32,-1.12,1922,2109,unintended,False,thin_current_sample_confidence
2026-07-25,807187,Mathias LaCombe,pitcher,AA,3.57,2.23,-1.34,1902,2114,unintended,False,thin_current_sample_confidence
2026-07-25,687195,Jake Garland,pitcher,AAA,5.49,2.22,-3.27,1670,2116,unintended,False,thin_current_sample_confidence
2026-07-25,805879,Connor Foley,pitcher,A,2.09,2.07,-0.02,2084,2127,unintended,False,thin_current_sample_confidence
2026-07-25,679754,Alberto Rodriguez,hitter,AA,2.03,2.05,0.02,2089,2130,unintended,False,thin_current_sample_confidence
2026-07-25,681495,Cade Fergus,hitter,AAA,5.6,1.98,-3.62,1652,2134,unintended,False,thin_current_sample_confidence
2026-07-25,702631,Adonys Guzman,hitter,A+,0,1.93,1.93,2270,2138,unintended,False,moderate_thin_sample_confidence
2026-07-25,702563,Mason Neville,hitter,A+,0,1.89,1.89,2431,2139,unintended,False,moderate_thin_sample_confidence
2026-07-25,685719,Fernando Sanchez,pitcher,AAA,7.88,1.65,-6.23,1439,2156,unintended,False,thin_current_sample_confidence
2026-07-25,815133,Cameron Sisneros,hitter,AA,1.18,1.6,0.42,2160,2158,unintended,False,moderate_thin_sample_confidence
2026-07-25,811573,Myles Patton,pitcher,A,1.59,1.58,-0.01,2119,2159,unintended,False,thin_current_sample_confidence
2026-07-25,692226,Ty Floyd,pitcher,A+,1.53,1.54,0.01,2130,2168,unintended,False,thin_current_sample_confidence
2026-07-25,691942,Jack O'Dowd,hitter,AA,0,1.51,1.51,2366,2170,unintended,False,moderate_thin_sample_confidence
2026-07-25,695046,Drew Brutcher,hitter,AA,0,1.21,1.21,2330,2197,unintended,False,moderate_thin_sample_confidence
2026-07-25,687268,K.C. Hunt,pitcher,AAA,4.12,1.2,-2.92,1831,2198,unintended,False,thin_current_sample_confidence
2026-07-25,694399,Elijah Nunez,hitter,AA,0,1.16,1.16,2336,2202,unintended,False,moderate_thin_sample_confidence
2026-07-25,801039,John Garcia,hitter,AA,0,0.88,0.88,2384,2228,unintended,False,moderate_thin_sample_confidence
2026-07-25,703198,Kenni Gomez,hitter,AA,1.68,0.79,-0.89,2113,2237,unintended,False,thin_current_sample_confidence
2026-07-25,700784,Jeron Williams,hitter,AA,0.62,0.65,0.03,2214,2248,unintended,False,thin_current_sample_confidence
2026-07-25,680846,Pablo Aliendo,hitter,AA,0.57,0.59,0.02,2220,2259,unintended,False,thin_current_sample_confidence
2026-07-25,827637,Dalton McIntyre,hitter,AA,0,0.51,0.51,2319,2262,unintended,False,moderate_thin_sample_confidence
2026-07-25,814194,Quinn McDaniel,hitter,AA,0.02,0.49,0.47,2267,2264,unintended,False,moderate_thin_sample_confidence
2026-07-25,806927,Luis De La Cruz,pitcher,A+,0,0.48,0.48,2751,2266,unintended,False,moderate_thin_sample_confidence
2026-07-25,811229,Ubert Mejias,pitcher,A+,0,0.46,0.46,2859,2268,unintended,False,moderate_thin_sample_confidence
2026-07-25,683061,Alexander Vargas,hitter,AA,0.4,0.42,0.02,2230,2271,unintended,False,thin_current_sample_confidence
2026-07-25,696020,Raudelis Martinez,hitter,AA,0.37,0.38,0.01,2234,2274,unintended,False,thin_current_sample_confidence
2026-07-25,806998,Hendry Chivilli,pitcher,A,0.39,0.36,-0.03,2233,2276,unintended,False,thin_current_sample_confidence
2026-07-25,822163,Kellan Oakes,pitcher,A+,0,0.34,0.34,2736,2277,unintended,False,moderate_thin_sample_confidence
2026-07-25,821092,Dalvinson Reyes,pitcher,A,0.18,0.15,-0.03,2249,2294,unintended,False,thin_current_sample_confidence
2026-07-25,808333,Dariel Francia,pitcher,A,0.12,0.14,0.02,2258,2296,unintended,False,thin_current_sample_confidence
2026-07-25,833080,Ethan Walker,pitcher,A,0.06,0.04,-0.02,2264,2305,unintended,False,thin_current_sample_confidence
2026-07-25,699305,Diego Mosquera,hitter,AA,2.57,0,-2.57,2045,2359,unintended,False,thin_current_sample_confidence
2026-07-25,687248,Keshawn Ogans,hitter,AAA,3.41,0,-3.41,1925,2422,unintended,False,thin_current_sample_confidence
2026-07-25,694204,Maikol Hernández,hitter,AAA,0.18,0,-0.18,2248,2438,unintended,False,thin_current_sample_confidence
2026-07-25,692366,Onil Perez,hitter,AA,1.63,0,-1.63,2116,2457,unintended,False,thin_current_sample_confidence
2026-07-25,815084,Ben Simon,pitcher,AAA,5.13,0,-5.13,1704,2535,unintended,False,thin_current_sample_confidence
2026-07-25,682981,Derek Diamond,pitcher,AAA,2.61,0,-2.61,2043,2597,unintended,False,thin_current_sample_confidence
2026-07-25,828506,Joey Danielson,pitcher,AA,0.49,0,-0.49,2224,2707,unintended,False,thin_current_sample_confidence
2026-07-25,681328,Jonny Cuevas,pitcher,AAA,2.56,0,-2.56,2050,2711,unintended,False,thin_current_sample_confidence
2026-07-25,687881,Kenten Egbert,pitcher,AAA,0.71,0,-0.71,2204,2741,unintended,False,thin_current_sample_confidence
2026-07-25,692589,Victor Juarez,pitcher,AAA,6.38,0,-6.38,1597,2861,unintended,False,thin_current_sample_confidence
2026-07-26,816113,Eli Willits,hitter,A+,67.95,68.3,0.35,2,2,unintended,False,
2026-07-26,703155,Lazaro Montes,hitter,AAA,40.91,42.03,1.12,40,37,unintended,False,
2026-07-26,815394,Theo Gillen,hitter,AA,39.35,40.05,0.7,46,42,unintended,False,
2026-07-26,703596,Karson Milbrandt,pitcher,AAA,31.35,34.65,3.3,103,60,unintended,False,moderate_thin_sample_confidence
2026-07-26,815785,Braylon Doughty,pitcher,AA,33.87,34.56,0.69,66,61,unintended,False,
2026-07-26,803849,Devin Fitz-Gerald,hitter,AA,30.71,34.27,3.56,109,63,unintended,False,
2026-07-26,815352,Caleb Bonemer,hitter,AA,33.25,33.88,0.63,78,68,unintended,False,
2026-07-26,694211,Manuel Pena,hitter,AAA,28.42,33.74,5.32,161,72,unintended,False,
2026-07-26,800611,Noble Meyer,pitcher,A,26.2,33.22,7.02,224,83,intended,True,thin_current_sample_confidence
2026-07-26,815792,Chase Harlan,hitter,A+,31.62,32.42,0.8,99,94,unintended,False,
2026-07-26,814409,Seaver King,hitter,AAA,31.77,31.86,0.09,97,101,unintended,False,
2026-07-26,695667,Ben Kudrna,pitcher,AAA,14.47,31.14,16.67,857,109,intended,True,thin_current_sample_confidence
2026-07-26,809100,Ixan Henderson,pitcher,A,19.27,30.84,11.57,525,113,intended,True,thin_current_sample_confidence
2026-07-26,815304,Josh Adamczewski,hitter,AA,25.41,30.75,5.34,248,114,unintended,False,
2026-07-26,816111,Tate Southisene,hitter,A+,30.31,30.56,0.25,118,118,unintended,False,
2026-07-26,703197,Michael Arroyo,hitter,AAA,18.13,29.61,11.48,604,135,unintended,False,
2026-07-26,802126,Joe Whitman,pitcher,AAA,28.25,29.25,1.0,164,145,unintended,False,
2026-07-26,700164,Bryant Betancourt,hitter,AAA,15.29,29.18,13.89,797,147,unintended,False,
2026-07-26,806957,Alfredo Duno,hitter,AA,16.07,28.34,12.27,742,169,unintended,False,
2026-07-26,702484,Jackson Cox,pitcher,AA,26.83,28.34,1.51,204,170,unintended,False,
2026-07-26,805207,Caden Bodine,hitter,AA,26.4,26.85,0.45,215,212,unintended,False,
2026-07-26,815873,Sean Keys,hitter,AAA,17.0,26.29,9.29,673,228,unintended,False,
2026-07-26,682982,Daniel Espino,pitcher,AAA,26.22,26.24,0.02,222,230,unintended,False,thin_current_sample_confidence
2026-07-26,691181,Emmanuel Rodriguez,hitter,AAA,26.18,26.19,0.01,225,232,unintended,False,thin_current_sample_confidence
2026-07-26,694370,Levi Wells,pitcher,AAA,25.91,25.93,0.02,235,242,unintended,False,thin_current_sample_confidence
2026-07-26,702650,Michael Forret,pitcher,AAA,22.79,25.7,2.91,341,249,unintended,False,
2026-07-26,815929,Jhonny Level,hitter,A+,24.63,25.59,0.96,270,253,unintended,False,
2026-07-26,800537,Christian Zazueta,pitcher,AA,20.16,25.52,5.36,472,256,unintended,False,moderate_thin_sample_confidence
2026-07-26,803833,Garrett Baumann,pitcher,AAA,21.35,25.42,4.07,411,258,unintended,False,
2026-07-26,830402,Kendry Chourio,pitcher,A+,20.1,25.27,5.17,476,263,unintended,False,moderate_thin_sample_confidence
2026-07-26,814351,Lucas Braun,pitcher,AAA,23.25,25.16,1.91,319,266,unintended,False,
2026-07-26,702652,Andrew Fischer,hitter,AA,24.37,24.85,0.48,281,277,unintended,False,
2026-07-26,691641,Jose Acuna,pitcher,AAA,18.3,24.58,6.28,588,284,unintended,False,
2026-07-26,800540,Hector Osorio,hitter,A+,21.1,24.19,3.09,423,300,unintended,False,
2026-07-26,702619,Luke Hill,hitter,AA,14.82,23.47,8.65,827,320,unintended,False,moderate_thin_sample_confidence
2026-07-26,683363,Matt Wilkinson,pitcher,AAA,19.16,23.41,4.25,534,324,unintended,False,moderate_thin_sample_confidence
2026-07-26,808087,Junior Sanchez,pitcher,AA,21.33,23.21,1.88,413,333,unintended,False,moderate_thin_sample_confidence
2026-07-26,701339,Marek Houston,hitter,AA,22.57,23.18,0.61,357,337,unintended,False,
2026-07-26,815617,Kayson Cunningham,hitter,A+,22.79,23.11,0.32,340,340,unintended,False,
2026-07-26,809733,Connor Wietgrefe,pitcher,AAA,19.47,22.95,3.48,510,347,unintended,False,
2026-07-26,800176,Carlos Sanchez,hitter,AA,12.32,22.88,10.56,1033,351,unintended,False,
2026-07-26,694753,Khristian Curtis,pitcher,AAA,18.1,22.74,4.64,608,359,unintended,False,
2026-07-26,815626,Ethan Bagwell,pitcher,A+,13.06,22.73,9.67,971,360,unintended,False,
2026-07-26,691828,Sem Robberse,pitcher,A,22.17,22.59,0.42,376,373,intended,True,thin_current_sample_confidence
2026-07-26,808129,Juan Flores,hitter,AA,12.73,22.52,9.79,1000,375,unintended,False,moderate_thin_sample_confidence
2026-07-26,826315,Cole Hertzler,pitcher,AA,15.12,22.46,7.34,810,376,unintended,False,moderate_thin_sample_confidence
2026-07-26,806258,Thomas White,pitcher,AAA,24.8,22.22,-2.58,268,390,unintended,False,thin_current_sample_confidence
2026-07-26,699115,Carlos Jorge,hitter,AAA,11.38,22.0,10.62,1114,404,unintended,False,
2026-07-26,700731,Keiner Delgado,hitter,AAA,10.68,21.64,10.96,1178,414,unintended,False,
2026-07-26,808365,Dameury Pena,hitter,A+,11.97,21.32,9.35,1064,432,unintended,False,
2026-07-26,827719,Jake Munroe,hitter,AA,14.15,21.29,7.14,888,435,unintended,False,
2026-07-26,800305,Jesús  Báez,hitter,AA,13.72,21.29,7.57,924,436,unintended,False,
2026-07-26,692150,Émilien Pitre,hitter,AA,20.88,21.26,0.38,430,439,unintended,False,
2026-07-26,699151,Jedixson Paez,pitcher,AA,21.15,21.17,0.02,421,443,unintended,False,thin_current_sample_confidence
2026-07-26,691021,A.J. Vukovich,hitter,AAA,20.7,20.68,-0.02,439,461,unintended,False,thin_current_sample_confidence
2026-07-26,701178,Rafe Schlesinger,pitcher,AA,18.98,20.53,1.55,545,473,unintended,False,moderate_thin_sample_confidence
2026-07-26,696143,Anthony Solometo,pitcher,AA,9.64,20.49,10.85,1279,475,intended,True,thin_current_sample_confidence
2026-07-26,694860,Jake Brooks,pitcher,AAA,14.25,20.41,6.16,876,477,unintended,False,
2026-07-26,813536,Juan Valera,pitcher,A+,19.33,20.41,1.08,519,478,intended,True,thin_current_sample_confidence
2026-07-26,807720,Garret Forrester,hitter,AAA,23.38,20.3,-3.08,311,483,unintended,False,thin_current_sample_confidence
2026-07-26,703615,Jose Cabrera,pitcher,AAA,13.78,20.28,6.5,920,484,unintended,False,moderate_thin_sample_confidence
2026-07-26,703610,Justin Lamkin,pitcher,AA,22.72,20.28,-2.44,344,485,unintended,False,thin_current_sample_confidence
2026-07-26,814430,Brett Callahan,hitter,AAA,11.61,20.18,8.57,1095,495,unintended,False,
2026-07-26,820832,Blake Aita,pitcher,AA,8.77,20.1,11.33,1358,502,unintended,False,
2026-07-26,702270,Malcolm Moore,hitter,AA,19.42,19.93,0.51,516,513,unintended,False,
2026-07-26,828824,Josiah Ragsdale,hitter,AA,10.21,19.91,9.7,1219,515,unintended,False,
2026-07-26,807267,JD Dix,hitter,A+,19.46,19.89,0.43,512,516,unintended,False,
2026-07-26,825576,Brandt Thompson,pitcher,AAA,12.82,19.87,7.05,993,519,unintended,False,moderate_thin_sample_confidence
2026-07-26,689818,David Sandlin,pitcher,AAA,20.19,19.55,-0.64,468,535,unintended,False,thin_current_sample_confidence
2026-07-26,806263,Brandon Winokur,hitter,AA,14.11,19.28,5.17,890,547,unintended,False,
2026-07-26,803385,Jay Harry,hitter,AAA,15.8,19.23,3.43,758,555,unintended,False,moderate_thin_sample_confidence
2026-07-26,679922,Carlos Duran,pitcher,AAA,19.2,19.21,0.01,530,557,unintended,False,thin_current_sample_confidence
2026-07-26,701056,Josh Grosz,pitcher,AA,19.16,19.17,0.01,533,560,unintended,False,thin_current_sample_confidence
2026-07-26,805127,Devin Taylor,hitter,AA,18.75,19.01,0.26,556,569,unintended,False,
2026-07-26,701780,Tanner McDougal,pitcher,AAA,19.44,18.84,-0.6,514,575,unintended,False,thin_current_sample_confidence
2026-07-26,800125,Fernando Perez,pitcher,AA,16.78,18.5,1.72,689,603,intended,True,thin_current_sample_confidence
2026-07-26,701750,Bennett Thompson,hitter,AA,6.51,18.18,11.67,1588,624,unintended,False,
2026-07-26,678142,Cedric De Grandpre,pitcher,AAA,14.77,18.03,3.26,834,636,unintended,False,
2026-07-26,691414,Yorman Gómez,pitcher,AAA,18.02,17.99,-0.03,613,640,unintended,False,thin_current_sample_confidence
2026-07-26,834978,Danny Thompson Jr.,pitcher,AA,12.91,17.89,4.98,984,650,unintended,False,moderate_thin_sample_confidence
2026-07-26,809844,Kien Vu,hitter,AA,6.26,17.79,11.53,1609,654,unintended,False,
2026-07-26,824600,Riley Maddox,pitcher,AA,5.87,17.72,11.85,1644,661,unintended,False,
2026-07-26,682769,Eiberson Castellano,pitcher,AAA,13.98,17.59,3.61,904,670,unintended,False,
2026-07-26,701337,Ethan Petry,hitter,AA,17.19,17.56,0.37,664,673,unintended,False,
2026-07-26,809840,Micah Ashman,pitcher,AA,17.58,17.35,-0.23,646,681,unintended,False,thin_current_sample_confidence
2026-07-26,805790,Cody Bowker,pitcher,A+,11.17,17.18,6.01,1125,692,unintended,False,moderate_thin_sample_confidence
2026-07-26,805942,Zach Royse,pitcher,A+,11.99,17.05,5.06,1063,695,unintended,False,
2026-07-26,703680,Brandon Compton,hitter,AA,16.07,17.0,0.93,743,699,unintended,False,
2026-07-26,807485,Davian Garcia,pitcher,AA,17.02,16.99,-0.03,671,701,unintended,False,thin_current_sample_confidence
2026-07-26,800231,Won-Bin Cho,hitter,AA,8.15,16.96,8.81,1420,704,unintended,False,
2026-07-26,807716,Ty Langenberg,pitcher,AAA,15.95,16.96,1.01,748,705,unintended,False,moderate_thin_sample_confidence
2026-07-26,828599,Lucas Spence,hitter,AAA,5.23,16.94,11.71,1709,706,unintended,False,
2026-07-26,827408,Ramon Marquez,pitcher,A+,15.03,16.63,1.6,817,729,unintended,False,moderate_thin_sample_confidence
2026-07-26,800569,Alberto Barriga,hitter,AA,10.73,16.56,5.83,1173,734,unintended,False,moderate_thin_sample_confidence
2026-07-26,813715,Khadim Diaw,hitter,AA,10.95,16.51,5.56,1147,739,unintended,False,
2026-07-26,823182,Braylon Owens,pitcher,AA,5.67,16.29,10.62,1661,758,unintended,False,
2026-07-26,800017,Jose Montero,pitcher,AA,13.07,16.17,3.1,970,768,unintended,False,moderate_thin_sample_confidence
2026-07-26,682620,Richard Gallardo,pitcher,AAA,15.81,16.11,0.3,757,775,unintended,False,moderate_thin_sample_confidence
2026-07-26,699314,David Davalillo,pitcher,AAA,14.42,15.89,1.47,865,784,unintended,False,moderate_thin_sample_confidence
2026-07-26,811765,Deniel Ortiz,hitter,AA,17.66,15.85,-1.81,641,786,unintended,False,thin_current_sample_confidence
2026-07-26,687223,Carson Palmquist,pitcher,AAA,15.7,15.72,0.02,768,797,unintended,False,thin_current_sample_confidence
2026-07-26,801796,Eli Jones,pitcher,AA,5.57,15.67,10.1,1674,806,unintended,False,moderate_thin_sample_confidence
2026-07-26,691437,Adrian Pinto,hitter,AA,17.93,15.61,-2.32,623,807,unintended,False,thin_current_sample_confidence
2026-07-26,695604,T.J. White,hitter,AA,9.68,15.46,5.78,1275,817,unintended,False,moderate_thin_sample_confidence
2026-07-26,529017,Alexander Cornielle,pitcher,AAA,18.29,15.46,-2.83,590,818,unintended,False,thin_current_sample_confidence
2026-07-26,700255,Jacob Steinmetz,pitcher,A,13.2,15.4,2.2,963,821,intended,True,thin_current_sample_confidence
2026-07-26,802410,Jacob Zibin,pitcher,A+,10.09,15.13,5.04,1241,842,unintended,False,moderate_thin_sample_confidence
2026-07-26,802357,Drue Hackenberg,pitcher,AAA,18.83,15.12,-3.71,549,843,unintended,False,thin_current_sample_confidence
2026-07-26,814489,Brett Wichrowski,pitcher,AAA,3.41,15.1,11.69,1936,846,unintended,False,moderate_thin_sample_confidence
2026-07-26,804123,Joey Volini,pitcher,AA,15.86,15.07,-0.79,753,850,unintended,False,thin_current_sample_confidence
2026-07-26,807993,Nicolas Carreno,pitcher,A+,11.39,14.92,3.53,1113,856,unintended,False,moderate_thin_sample_confidence
2026-07-26,695722,Boston Smith,hitter,AA,3.71,14.71,11.0,1884,869,unintended,False,
2026-07-26,815793,Carter Johnson,hitter,A+,13.78,14.61,0.83,919,879,unintended,False,
2026-07-26,815501,Bryce Meccage,pitcher,A+,14.42,14.4,-0.02,864,896,unintended,False,thin_current_sample_confidence
2026-07-26,691292,Angel Ortiz,hitter,AAA,13.61,14.32,0.71,929,903,unintended,False,moderate_thin_sample_confidence
2026-07-26,831572,Carson Fischer,pitcher,A+,4.99,14.21,9.22,1734,913,unintended,False,
2026-07-26,800452,Jose Chirinos,pitcher,A+,13.51,14.17,0.66,936,918,unintended,False,moderate_thin_sample_confidence
2026-07-26,805880,Tanner Thach,hitter,A+,4.24,14.12,9.88,1827,921,unintended,False,
2026-07-26,808893,Bryan Balzer,pitcher,A+,4.02,14.07,10.05,1852,925,unintended,False,
2026-07-26,687210,Nathan Martorella,hitter,AAA,14.07,14.05,-0.02,894,927,unintended,False,thin_current_sample_confidence
2026-07-26,702331,Noah Mendlinger,hitter,AAA,9.65,14.03,4.38,1277,930,unintended,False,moderate_thin_sample_confidence
2026-07-26,804614,Marco Vargas,hitter,AA,15.3,13.96,-1.34,796,937,unintended,False,thin_current_sample_confidence
2026-07-26,804985,Jack Anker,pitcher,A+,5.0,13.83,8.83,1731,948,unintended,False,
2026-07-26,808024,Carlos Virahonda,hitter,A+,5.41,13.74,8.33,1690,956,unintended,False,
2026-07-26,686544,Nestor Lorant,pitcher,AA,8.19,13.72,5.53,1418,957,unintended,False,moderate_thin_sample_confidence
2026-07-26,691006,Kevin Parada,hitter,AAA,7.95,13.71,5.76,1440,958,unintended,False,moderate_thin_sample_confidence;upper_level_low_impact_hitter_model_sample
2026-07-26,696062,Wilber Dotel,pitcher,AAA,14.88,13.69,-1.19,822,961,unintended,False,thin_current_sample_confidence
2026-07-26,834240,Ryan Wideman,hitter,A+,5.99,13.61,7.62,1633,964,unintended,False,
2026-07-26,682633,Eduardo Garcia,hitter,AAA,4.85,13.58,8.73,1751,965,unintended,False,moderate_thin_sample_confidence
2026-07-26,691616,Hedbert Perez,hitter,AA,14.43,13.38,-1.05,863,981,unintended,False,thin_current_sample_confidence
2026-07-26,691185,Maximo Acosta,hitter,AAA,13.37,13.35,-0.02,948,983,unintended,False,thin_current_sample_confidence
2026-07-26,691893,Jean Cabrera,pitcher,AAA,10.5,13.18,2.68,1197,998,unintended,False,moderate_thin_sample_confidence
2026-07-26,827759,Daniel Bucciero,hitter,A+,0,13.09,13.09,2326,1003,unintended,False,
2026-07-26,692405,Jeremy Rivas,hitter,AAA,9.53,13.06,3.53,1290,1004,unintended,False,moderate_thin_sample_confidence
2026-07-26,804670,Ryan Birchard,pitcher,AA,13.0,12.98,-0.02,977,1013,unintended,False,thin_current_sample_confidence
2026-07-26,703804,Romeo Sanabria,hitter,AAA,0,12.92,12.92,2470,1014,unintended,False,
2026-07-26,691941,Calvin Harris,hitter,AA,13.61,12.86,-0.75,930,1023,unintended,False,thin_current_sample_confidence
2026-07-26,813400,Jack Winnay,hitter,AA,4.26,12.79,8.53,1823,1027,unintended,False,
2026-07-26,816014,Ryan McDonagh,pitcher,A,12.8,12.79,-0.01,996,1028,unintended,False,thin_current_sample_confidence
2026-07-26,690985,Colby Halter,hitter,AAA,6.46,12.76,6.3,1592,1029,unintended,False,moderate_thin_sample_confidence
2026-07-26,806270,Dominic Perachi,pitcher,AA,13.32,12.67,-0.65,951,1036,unintended,False,thin_current_sample_confidence
2026-07-26,822514,Max Banks,pitcher,A+,5.37,12.63,7.26,1694,1040,unintended,False,
2026-07-26,801075,Walker Janek,hitter,AA,12.91,12.59,-0.32,983,1043,unintended,False,thin_current_sample_confidence
2026-07-26,694633,Chase Hampton,pitcher,AA,17.2,12.49,-4.71,663,1049,unintended,False,thin_current_sample_confidence
2026-07-26,815043,Simon Miller,pitcher,AA,10.85,12.46,1.61,1160,1055,intended,True,thin_current_sample_confidence
2026-07-26,823790,Will McCausland,pitcher,A+,3.55,12.39,8.84,1917,1060,unintended,False,
2026-07-26,692368,Adrián Sugastey,hitter,AAA,13.07,12.27,-0.8,969,1071,unintended,False,thin_current_sample_confidence
2026-07-26,699276,Jose Olivares,pitcher,AA,12.94,12.27,-0.67,981,1073,unintended,False,thin_current_sample_confidence
2026-07-26,688354,Hayden Minton,pitcher,AA,7.29,12.16,4.87,1505,1084,unintended,False,
2026-07-26,814346,Dylan Watts,pitcher,A+,1.61,12.13,10.52,2131,1086,unintended,False,moderate_thin_sample_confidence
2026-07-26,807728,Carter Graham,hitter,AA,2.47,11.87,9.4,2068,1112,unintended,False,
2026-07-26,808825,Andrew Sears,pitcher,AA,15.55,11.84,-3.71,779,1115,unintended,False,thin_current_sample_confidence
2026-07-26,832307,Jack Kartsonas,pitcher,AA,0.16,11.84,11.68,2263,1116,unintended,False,
2026-07-26,687152,Darrien Miller,hitter,AAA,0,11.72,11.72,2330,1128,unintended,False,moderate_thin_sample_confidence
2026-07-26,683085,Landon Sims,pitcher,AAA,9.27,11.66,2.39,1314,1132,unintended,False,moderate_thin_sample_confidence
2026-07-26,694393,Jaxon Wiggins,pitcher,AAA,15.17,11.63,-3.54,805,1134,unintended,False,thin_current_sample_confidence
2026-07-26,800387,Fernando Peguero,hitter,AAA,3.4,11.53,8.13,1939,1140,unintended,False,moderate_thin_sample_confidence;upper_level_low_impact_hitter_model_sample
2026-07-26,691913,Jesus Castillo,hitter,AAA,7.3,11.49,4.19,1502,1143,unintended,False,moderate_thin_sample_confidence
2026-07-26,822477,JB Middleton,pitcher,A,11.41,11.43,0.02,1111,1151,unintended,False,thin_current_sample_confidence
2026-07-26,686445,Sammy Siani,hitter,AA,11.16,11.14,-0.02,1126,1164,unintended,False,thin_current_sample_confidence
2026-07-26,691405,Juan Benjamin,hitter,AAA,0,10.98,10.98,2412,1179,unintended,False,moderate_thin_sample_confidence
2026-07-26,803291,Christian Oppor,pitcher,AA,11.05,10.94,-0.11,1136,1183,unintended,False,thin_current_sample_confidence
2026-07-26,814384,Alexander Meckley,pitcher,A+,5.61,10.93,5.32,1670,1185,unintended,False,moderate_thin_sample_confidence
2026-07-26,807748,Kannon Kemp,pitcher,A+,9.64,10.79,1.15,1280,1198,intended,True,thin_current_sample_confidence
2026-07-26,822966,John Taylor,hitter,AAA,9.72,10.7,0.98,1270,1212,unintended,False,moderate_thin_sample_confidence
2026-07-26,815292,Luis Martinez-Gomez,pitcher,AA,12.62,10.61,-2.01,1008,1224,unintended,False,thin_current_sample_confidence
2026-07-26,801507,Jake Cunningham,hitter,AA,3.08,10.41,7.33,1992,1238,unintended,False,
2026-07-26,677601,Keyber Rodriguez,hitter,AAA,7.72,10.39,2.67,1459,1239,unintended,False,moderate_thin_sample_confidence
2026-07-26,800254,Abrahan Ramirez,hitter,A+,3.51,10.09,6.58,1921,1274,unintended,False,moderate_thin_sample_confidence
2026-07-26,695646,Peter Heubeck,pitcher,AA,9.88,9.85,-0.03,1256,1293,unintended,False,thin_current_sample_confidence
2026-07-26,801643,Owen Wild,pitcher,AAA,9.19,9.84,0.65,1322,1295,unintended,False,moderate_thin_sample_confidence
2026-07-26,684128,Reidis Sena,pitcher,AAA,11.46,9.51,-1.95,1105,1320,unintended,False,thin_current_sample_confidence
2026-07-26,801957,Dub Gleed,hitter,AA,3.31,9.47,6.16,1952,1324,unintended,False,
2026-07-26,693739,Alexander Alberto,pitcher,AAA,12.79,9.43,-3.36,997,1327,unintended,False,thin_current_sample_confidence
2026-07-26,691621,Jheremy Vargas,hitter,AAA,10.19,9.2,-0.99,1224,1348,unintended,False,thin_current_sample_confidence
2026-07-26,694408,Riley Eikhoff,pitcher,A+,0,9.14,9.14,2818,1355,unintended,False,
2026-07-26,683349,Calvin Ziegler,pitcher,A+,3.55,9.07,5.52,1914,1362,intended,True,thin_current_sample_confidence
2026-07-26,809059,Danny Macchiarola,pitcher,A,8.96,8.94,-0.02,1343,1372,unintended,False,thin_current_sample_confidence
2026-07-26,694689,Dominic Pitelli,hitter,AAA,6.87,8.9,2.03,1539,1375,unintended,False,moderate_thin_sample_confidence
2026-07-26,700251,Brandon Clarke,pitcher,A,4.44,8.78,4.34,1802,1387,intended,True,thin_current_sample_confidence
2026-07-26,687394,Jack Brannigan,hitter,AAA,0,8.57,8.57,2373,1403,unintended,False,moderate_thin_sample_confidence
2026-07-26,691186,Arol Vera,hitter,AAA,10.03,8.54,-1.49,1245,1409,unintended,False,thin_current_sample_confidence
2026-07-26,814492,Will Watson,pitcher,AA,8.45,8.46,0.01,1391,1420,unintended,False,thin_current_sample_confidence
2026-07-26,813636,Phil Fox,pitcher,AA,8.43,8.45,0.02,1394,1421,unintended,False,thin_current_sample_confidence
2026-07-26,803183,Luke Fox,pitcher,AA,8.34,8.36,0.02,1401,1427,unintended,False,thin_current_sample_confidence
2026-07-26,684081,Erick Brito,hitter,AA,9.5,8.35,-1.15,1294,1429,unintended,False,thin_current_sample_confidence
2026-07-26,811948,Tony Santa Maria,hitter,AAA,0,8.35,8.35,2484,1430,unintended,False,
2026-07-26,695771,Jacob Kmatz,pitcher,AA,4.45,8.35,3.9,1801,1432,unintended,False,moderate_thin_sample_confidence
2026-07-26,813706,Owen Hackman,pitcher,AA,11.47,8.29,-3.18,1104,1436,unintended,False,thin_current_sample_confidence
2026-07-26,805311,Nick Sando,pitcher,AAA,10.96,8.18,-2.78,1146,1451,unintended,False,thin_current_sample_confidence
2026-07-26,815653,Tyson Lewis,hitter,A+,7.4,8.17,0.77,1492,1453,unintended,False,
2026-07-26,692243,Jaden Woods,pitcher,AAA,12.43,8.15,-4.28,1022,1454,unintended,False,thin_current_sample_confidence
2026-07-26,802407,Joe Lampe,hitter,AAA,0,8.13,8.13,2390,1456,unintended,False,moderate_thin_sample_confidence;upper_level_low_impact_hitter_model_sample
2026-07-26,696070,Kendry Rojas,pitcher,AAA,8.69,8.08,-0.61,1363,1461,unintended,False,thin_current_sample_confidence
2026-07-26,814388,Hayden Snelsire,pitcher,AAA,9.03,8.06,-0.97,1333,1465,unintended,False,thin_current_sample_confidence
2026-07-26,687282,Gabriel Rincones Jr.,hitter,AAA,14.17,8.03,-6.14,886,1469,unintended,False,thin_current_sample_confidence
2026-07-26,683494,Euribiel Angeles,hitter,AAA,2.62,8.02,5.4,2050,1470,unintended,False,moderate_thin_sample_confidence
2026-07-26,685763,Jonatan Bernal,pitcher,AAA,3.73,7.78,4.05,1883,1492,unintended,False,moderate_thin_sample_confidence
2026-07-26,807974,Adrian Bohorquez,pitcher,A+,7.64,7.66,0.02,1469,1502,unintended,False,thin_current_sample_confidence
2026-07-26,832455,Matthew Fisher,pitcher,A,7.6,7.61,0.01,1476,1513,unintended,False,thin_current_sample_confidence
2026-07-26,694186,Shalin Polanco,hitter,AA,0,7.44,7.44,2477,1525,unintended,False,moderate_thin_sample_confidence
2026-07-26,806637,Jordan Woods,pitcher,A+,0,7.39,7.39,2715,1532,unintended,False,moderate_thin_sample_confidence
2026-07-26,824613,Cole Tolbert,pitcher,A,7.14,7.16,0.02,1517,1549,unintended,False,thin_current_sample_confidence
2026-07-26,804556,Braden Nett,pitcher,AAA,7.07,7.09,0.02,1521,1556,unintended,False,thin_current_sample_confidence
2026-07-26,816102,Landon Harmon,pitcher,A,7.06,7.07,0.01,1522,1558,unintended,False,thin_current_sample_confidence
2026-07-26,806121,Mac Heuer,pitcher,A,7.06,7.07,0.01,1523,1559,unintended,False,thin_current_sample_confidence
2026-07-26,823242,Tanner Gresham,pitcher,A+,1.55,6.86,5.31,2142,1577,unintended,False,moderate_thin_sample_confidence
2026-07-26,694991,Mitch Jebb,hitter,AAA,12.0,6.83,-5.17,1060,1583,unintended,False,thin_current_sample_confidence
2026-07-26,701734,Ryan McCrystal,hitter,AA,2.36,6.83,4.47,2077,1584,unintended,False,moderate_thin_sample_confidence
2026-07-26,806768,Giacomo Taschin,pitcher,A,6.81,6.78,-0.03,1549,1589,unintended,False,thin_current_sample_confidence
2026-07-26,806522,Irving Cota,pitcher,AA,8.59,6.76,-1.83,1374,1591,unintended,False,thin_current_sample_confidence
2026-07-26,806441,Nehomar Ochoa Jr.,hitter,A+,5.1,6.75,1.65,1717,1593,unintended,False,moderate_thin_sample_confidence
2026-07-26,691398,Yerlin Confidan,hitter,AA,0,6.75,6.75,2499,1594,unintended,False,
2026-07-26,821023,Marlon De La Cruz,pitcher,A,6.76,6.74,-0.02,1554,1598,unintended,False,thin_current_sample_confidence
2026-07-26,702622,Griffin Herring,pitcher,AA,6.68,6.69,0.01,1567,1606,unintended,False,thin_current_sample_confidence
2026-07-26,805273,Frank Camarillo,pitcher,A+,3.8,6.66,2.86,1874,1609,unintended,False,moderate_thin_sample_confidence
2026-07-26,702576,Mason McGwire,pitcher,A+,4.98,6.53,1.55,1737,1627,unintended,False,moderate_thin_sample_confidence
2026-07-26,804751,Logan Poteet,hitter,A+,0,6.49,6.49,2427,1628,unintended,False,
2026-07-26,695556,Shane Panzini,pitcher,AAA,6.45,6.47,0.02,1595,1632,unintended,False,thin_current_sample_confidence
2026-07-26,823295,Jay Thomason,hitter,AA,0,6.45,6.45,2386,1635,unintended,False,
2026-07-26,702582,Dallas Macias,hitter,A+,0,6.42,6.42,2324,1638,unintended,False,
2026-07-26,820940,Eiver Mosquera,pitcher,A,6.38,6.36,-0.02,1601,1643,unintended,False,thin_current_sample_confidence
2026-07-26,815300,Hayden Robinson,pitcher,A,6.36,6.35,-0.01,1604,1644,unintended,False,thin_current_sample_confidence
2026-07-26,805590,Dylan Palmer,hitter,A+,0,6.34,6.34,2340,1646,unintended,False,
2026-07-26,801367,Matt Jachec,pitcher,AAA,6.6,6.22,-0.38,1578,1656,unintended,False,thin_current_sample_confidence
2026-07-26,808291,Tyler Rodriguez,hitter,A+,3.03,6.18,3.15,2005,1657,unintended,False,moderate_thin_sample_confidence
2026-07-26,808547,Keyner Benitez,pitcher,A,6.11,6.08,-0.03,1622,1667,unintended,False,thin_current_sample_confidence
2026-07-26,809633,Michael Dattalo,hitter,A+,1.9,6.03,4.13,2108,1671,unintended,False,moderate_thin_sample_confidence
2026-07-26,801686,Michael Carico,hitter,A+,0,6.0,6.0,2444,1675,unintended,False,
2026-07-26,693311,Tink Hence,pitcher,AAA,5.84,5.86,0.02,1646,1687,unintended,False,thin_current_sample_confidence
2026-07-26,806128,Antonio Jimenez,hitter,A+,0,5.81,5.81,2286,1691,unintended,False,moderate_thin_sample_confidence
2026-07-26,702526,Eric Snow,hitter,AA,2.75,5.71,2.96,2034,1699,unintended,False,moderate_thin_sample_confidence
2026-07-26,702495,Josh Tate,hitter,A+,0,5.51,5.51,2410,1720,unintended,False,
2026-07-26,811312,Justin Riemer,hitter,AA,0,5.48,5.48,2419,1723,unintended,False,moderate_thin_sample_confidence
2026-07-26,804946,Tyler Howard,hitter,A+,0,5.41,5.41,2486,1731,unintended,False,moderate_thin_sample_confidence
2026-07-26,689296,Anthony Nunez,pitcher,AAA,2.34,5.4,3.06,2079,1732,intended,True,thin_current_sample_confidence
2026-07-26,692222,Jose Izarra,hitter,AA,0,5.39,5.39,2401,1734,unintended,False,
2026-07-26,701820,Jacob Friend,hitter,A+,4.41,5.3,0.89,1804,1740,unintended,False,moderate_thin_sample_confidence
2026-07-26,692290,Carter Holton,pitcher,A,5.27,5.29,0.02,1705,1745,unintended,False,thin_current_sample_confidence
2026-07-26,693781,Wilian Bormie,pitcher,AAA,9.65,5.2,-4.45,1278,1753,unintended,False,thin_current_sample_confidence
2026-07-26,814005,Jake Bloss,pitcher,AAA,11.14,5.17,-5.97,1128,1754,unintended,False,thin_current_sample_confidence
2026-07-26,700357,Juan Rojas,pitcher,AA,9.71,5.13,-4.58,1273,1755,unintended,False,thin_current_sample_confidence
2026-07-26,694266,D'Andre Smith,hitter,AA,6.84,5.04,-1.8,1544,1764,unintended,False,thin_current_sample_confidence
2026-07-26,694742,Josh Moylan,hitter,AA,0,4.86,4.86,2409,1790,unintended,False,
2026-07-26,806083,J.D. Gonzalez,hitter,A+,0,4.8,4.8,2372,1795,unintended,False,moderate_thin_sample_confidence
2026-07-26,806640,Daniel Keaney,pitcher,A,4.81,4.79,-0.02,1756,1798,unintended,False,thin_current_sample_confidence
2026-07-26,805800,Zander Mueth,pitcher,A,4.77,4.78,0.01,1765,1802,unintended,False,thin_current_sample_confidence
2026-07-26,814522,Caden Kendle,hitter,AA,0,4.68,4.68,2306,1814,unintended,False,moderate_thin_sample_confidence
2026-07-26,694181,Carlos Colmenarez,hitter,AAA,3.24,4.56,1.32,1962,1824,unintended,False,moderate_thin_sample_confidence
2026-07-26,835054,Cale Wetwiska,pitcher,A,4.59,4.56,-0.03,1782,1826,unintended,False,thin_current_sample_confidence
2026-07-26,813869,Ryan Degges,pitcher,A+,6.14,4.56,-1.58,1621,1829,unintended,False,thin_current_sample_confidence
2026-07-26,814269,Kevin Verde,hitter,AA,8.64,4.53,-4.11,1369,1834,unintended,False,thin_current_sample_confidence
2026-07-26,700845,Adam Zebrowski,hitter,AAA,0,4.27,4.27,2275,1860,unintended,False,moderate_thin_sample_confidence
2026-07-26,690804,Ryan Nicholson,hitter,AAA,0,4.27,4.27,2472,1861,unintended,False,
2026-07-26,823817,Jake McCutcheon,hitter,A+,0,4.24,4.24,2380,1867,unintended,False,moderate_thin_sample_confidence
2026-07-26,700179,Connor Oliver,pitcher,AA,2.45,4.24,1.79,2070,1868,unintended,False,moderate_thin_sample_confidence
2026-07-26,814366,Cade Feeney,pitcher,AAA,5.35,4.17,-1.18,1696,1879,unintended,False,thin_current_sample_confidence
2026-07-26,809685,Aiven Cabral,pitcher,A+,0,4.07,4.07,2514,1887,unintended,False,moderate_thin_sample_confidence
2026-07-26,809784,Garrett Stratton,pitcher,AA,0,4.0,4.0,2640,1897,unintended,False,moderate_thin_sample_confidence
2026-07-26,671748,Casey Yamauchi,hitter,AAA,0,3.99,3.99,2314,1898,unintended,False,
2026-07-26,693243,Garrett Pennington,hitter,AA,0,3.89,3.89,2356,1914,unintended,False,
2026-07-26,683353,Connor Caskenette,hitter,AA,0,3.88,3.88,2319,1915,unintended,False,moderate_thin_sample_confidence
2026-07-26,683103,Cade Doughty,hitter,AA,4.8,3.83,-0.97,1757,1919,unintended,False,thin_current_sample_confidence
2026-07-26,800348,Edwin Amparo,hitter,A+,0,3.77,3.77,2343,1921,unintended,False,
2026-07-26,691947,Ronan Kopp,pitcher,AAA,3.76,3.77,0.01,1879,1922,unintended,False,thin_current_sample_confidence
2026-07-26,702640,Tyler Gough,pitcher,A+,2.02,3.67,1.65,2101,1933,unintended,False,moderate_thin_sample_confidence
2026-07-26,683568,Jairo Iriarte,pitcher,AAA,3.03,3.64,0.61,2006,1940,unintended,False,moderate_thin_sample_confidence
2026-07-26,821061,Irwin Ramirez,pitcher,A,3.6,3.62,0.02,1904,1947,unintended,False,thin_current_sample_confidence
2026-07-26,699228,Jakey Josepha,hitter,AA,0,3.6,3.6,2383,1951,unintended,False,
2026-07-26,701136,Kerrington Cross,hitter,A+,0,3.46,3.46,2420,1970,unintended,False,
2026-07-26,686981,Brenden Dixon,hitter,AA,3.46,3.44,-0.02,1927,1973,unintended,False,thin_current_sample_confidence
2026-07-26,805517,Jackson Steensma,pitcher,A,3.41,3.39,-0.02,1937,1982,unintended,False,thin_current_sample_confidence
2026-07-26,703821,Myles Caba,pitcher,AA,6.37,3.38,-2.99,1602,1984,unintended,False,thin_current_sample_confidence
2026-07-26,701404,Fisher Jameson,pitcher,AAA,0,3.3,3.3,2631,1994,unintended,False,moderate_thin_sample_confidence
2026-07-26,696098,Jose Romero,pitcher,A+,0,3.21,3.21,2724,2009,intended,True,thin_current_sample_confidence
2026-07-26,692285,Luis Guerrero,pitcher,AAA,3.22,3.21,-0.01,1968,2010,unintended,False,thin_current_sample_confidence
2026-07-26,696040,Po-Yu Chen,pitcher,AA,3.18,3.2,0.02,1976,2015,unintended,False,thin_current_sample_confidence
2026-07-26,701860,Carter Cunningham,hitter,AA,0,3.17,3.17,2313,2018,unintended,False,
2026-07-26,802192,Daniel Corniel,pitcher,A+,3.16,3.14,-0.02,1980,2026,unintended,False,thin_current_sample_confidence
2026-07-26,683104,Trey Faltine,hitter,AAA,4.33,3.02,-1.31,1811,2048,unintended,False,thin_current_sample_confidence
2026-07-26,800544,Cesar Lares,pitcher,A+,2.81,2.83,0.02,2030,2066,unintended,False,thin_current_sample_confidence
2026-07-26,833381,Jack Moroknek,hitter,A+,0,2.79,2.79,2374,2071,unintended,False,moderate_thin_sample_confidence
2026-07-26,807697,Jervis Alfaro,pitcher,A+,1.56,2.78,1.22,2138,2072,unintended,False,moderate_thin_sample_confidence
2026-07-26,695605,Travis Smith,pitcher,AA,0,2.73,2.73,2854,2077,unintended,False,moderate_thin_sample_confidence
2026-07-26,693832,Tre Richardson III,hitter,AA,0.46,2.72,2.26,2231,2078,unintended,False,moderate_thin_sample_confidence
2026-07-26,804466,Carter Garate,hitter,AAA,3.05,2.7,-0.35,2000,2082,unintended,False,thin_current_sample_confidence
2026-07-26,824742,Logan Braunschweig,hitter,AA,1.28,2.69,1.41,2161,2084,unintended,False,moderate_thin_sample_confidence
2026-07-26,701862,Jacob Walsh,hitter,A+,0.63,2.51,1.88,2215,2108,unintended,False,moderate_thin_sample_confidence
2026-07-26,809231,Tom Poole,hitter,A+,0,2.48,2.48,2482,2109,unintended,False,moderate_thin_sample_confidence
2026-07-26,682999,Will Childers,pitcher,AAA,3.43,2.31,-1.12,1932,2118,unintended,False,thin_current_sample_confidence
2026-07-26,679754,Alberto Rodriguez,hitter,AA,2.32,2.3,-0.02,2080,2119,unintended,False,thin_current_sample_confidence
2026-07-26,807187,Mathias LaCombe,pitcher,AA,3.6,2.26,-1.34,1905,2122,unintended,False,thin_current_sample_confidence
2026-07-26,687195,Jake Garland,pitcher,AAA,5.52,2.25,-3.27,1680,2124,unintended,False,thin_current_sample_confidence
2026-07-26,805879,Connor Foley,pitcher,A,2.13,2.11,-0.02,2088,2132,unintended,False,thin_current_sample_confidence
2026-07-26,681495,Cade Fergus,hitter,AAA,5.63,2.01,-3.62,1665,2142,unintended,False,thin_current_sample_confidence
2026-07-26,702631,Adonys Guzman,hitter,A+,0,1.93,1.93,2276,2147,unintended,False,moderate_thin_sample_confidence
2026-07-26,702563,Mason Neville,hitter,A+,0,1.91,1.91,2442,2149,unintended,False,moderate_thin_sample_confidence
2026-07-26,685719,Fernando Sanchez,pitcher,AAA,7.84,1.61,-6.23,1449,2172,unintended,False,thin_current_sample_confidence
2026-07-26,815133,Cameron Sisneros,hitter,AA,1.43,1.57,0.14,2149,2173,unintended,False,moderate_thin_sample_confidence
2026-07-26,692226,Ty Floyd,pitcher,A+,1.56,1.57,0.01,2140,2176,unintended,False,thin_current_sample_confidence
2026-07-26,811573,Myles Patton,pitcher,A,1.57,1.56,-0.01,2135,2180,unintended,False,thin_current_sample_confidence
2026-07-26,691942,Jack O'Dowd,hitter,AA,0,1.48,1.48,2375,2185,unintended,False,moderate_thin_sample_confidence
2026-07-26,822877,Luke Cantwell,hitter,A+,0,1.48,1.48,2435,2186,unintended,False,moderate_thin_sample_confidence
2026-07-26,801039,John Garcia,hitter,AA,0,1.25,1.25,2393,2204,unintended,False,moderate_thin_sample_confidence
2026-07-26,814194,Quinn McDaniel,hitter,AA,0.26,1.2,0.94,2246,2208,unintended,False,moderate_thin_sample_confidence
2026-07-26,695046,Drew Brutcher,hitter,AA,0,1.19,1.19,2338,2209,unintended,False,moderate_thin_sample_confidence
2026-07-26,694399,Elijah Nunez,hitter,AA,0,1.19,1.19,2344,2210,unintended,False,moderate_thin_sample_confidence
2026-07-26,687268,K.C. Hunt,pitcher,AAA,4.1,1.18,-2.92,1842,2212,unintended,False,thin_current_sample_confidence
2026-07-26,703198,Kenni Gomez,hitter,AA,1.87,0.79,-1.08,2110,2244,unintended,False,thin_current_sample_confidence
2026-07-26,700784,Jeron Williams,hitter,AA,0.61,0.64,0.03,2218,2259,unintended,False,thin_current_sample_confidence
2026-07-26,680846,Pablo Aliendo,hitter,AA,0.54,0.56,0.02,2224,2267,unintended,False,thin_current_sample_confidence
2026-07-26,827637,Dalton McIntyre,hitter,AA,0,0.53,0.53,2325,2268,unintended,False,moderate_thin_sample_confidence
2026-07-26,806927,Luis De La Cruz,pitcher,A+,0,0.51,0.51,2759,2270,unintended,False,moderate_thin_sample_confidence
2026-07-26,683061,Alexander Vargas,hitter,AA,0.45,0.47,0.02,2232,2273,unintended,False,thin_current_sample_confidence
2026-07-26,811229,Ubert Mejias,pitcher,A+,0,0.46,0.46,2867,2276,unintended,False,moderate_thin_sample_confidence
2026-07-26,806998,Hendry Chivilli,pitcher,A,0.43,0.4,-0.03,2235,2280,unintended,False,thin_current_sample_confidence
2026-07-26,822163,Kellan Oakes,pitcher,A+,0,0.34,0.34,2744,2285,unintended,False,moderate_thin_sample_confidence
2026-07-26,696020,Raudelis Martinez,hitter,AA,0.32,0.33,0.01,2241,2286,unintended,False,thin_current_sample_confidence
2026-07-26,821092,Dalvinson Reyes,pitcher,A,0.19,0.16,-0.03,2256,2305,unintended,False,thin_current_sample_confidence
2026-07-26,808333,Dariel Francia,pitcher,A,0.13,0.15,0.02,2265,2306,unintended,False,thin_current_sample_confidence
2026-07-26,699305,Diego Mosquera,hitter,AA,2.57,0,-2.57,2059,2369,unintended,False,thin_current_sample_confidence
2026-07-26,687248,Keshawn Ogans,hitter,AAA,3.41,0,-3.41,1935,2433,unintended,False,thin_current_sample_confidence
2026-07-26,694204,Maikol Hernández,hitter,AAA,0.18,0,-0.18,2258,2449,unintended,False,thin_current_sample_confidence
2026-07-26,692366,Onil Perez,hitter,AA,1.57,0,-1.57,2133,2468,unintended,False,thin_current_sample_confidence
2026-07-26,815084,Ben Simon,pitcher,AAA,5.1,0,-5.1,1718,2545,unintended,False,thin_current_sample_confidence
2026-07-26,682981,Derek Diamond,pitcher,AAA,2.62,0,-2.62,2051,2606,unintended,False,thin_current_sample_confidence
2026-07-26,828506,Joey Danielson,pitcher,AA,0.49,0,-0.49,2226,2714,unintended,False,thin_current_sample_confidence
2026-07-26,681328,Jonny Cuevas,pitcher,AAA,2.83,0,-2.83,2027,2718,unintended,False,thin_current_sample_confidence
2026-07-26,687881,Kenten Egbert,pitcher,AAA,0.71,0,-0.71,2206,2748,unintended,False,thin_current_sample_confidence
2026-07-26,692589,Victor Juarez,pitcher,AAA,6.67,0,-6.67,1569,2869,unintended,False,thin_current_sample_confidence
2026-07-27,816113,Eli Willits,hitter,A+,67.97,68.3,0.33,2,2,unintended,False,
2026-07-27,703155,Lazaro Montes,hitter,AAA,40.76,41.85,1.09,41,38,unintended,False,
2026-07-27,815394,Theo Gillen,hitter,AA,39.46,40.16,0.7,48,44,unintended,False,
2026-07-27,703596,Karson Milbrandt,pitcher,AAA,31.56,34.86,3.3,103,60,unintended,False,moderate_thin_sample_confidence
2026-07-27,815785,Braylon Doughty,pitcher,AA,33.86,34.55,0.69,66,62,unintended,False,
2026-07-27,815352,Caleb Bonemer,hitter,AA,33.35,33.95,0.6,75,68,unintended,False,
2026-07-27,803849,Devin Fitz-Gerald,hitter,AA,30.48,33.76,3.28,115,69,unintended,False,
2026-07-27,694211,Manuel Pena,hitter,AAA,28.33,33.32,4.99,160,79,unintended,False,
2026-07-27,800611,Noble Meyer,pitcher,A,26.2,33.22,7.02,225,83,intended,True,thin_current_sample_confidence
2026-07-27,815792,Chase Harlan,hitter,A+,31.67,32.43,0.76,101,95,unintended,False,
2026-07-27,814409,Seaver King,hitter,AAA,31.83,31.93,0.1,99,103,unintended,False,
2026-07-27,695667,Ben Kudrna,pitcher,AAA,14.54,31.21,16.67,855,110,intended,True,thin_current_sample_confidence
2026-07-27,815304,Josh Adamczewski,hitter,AA,26.13,31.15,5.02,226,113,unintended,False,
2026-07-27,816111,Tate Southisene,hitter,A+,30.65,30.88,0.23,112,114,unintended,False,
2026-07-27,809100,Ixan Henderson,pitcher,A,19.26,30.83,11.57,529,116,intended,True,thin_current_sample_confidence
2026-07-27,700164,Bryant Betancourt,hitter,AAA,15.82,29.24,13.42,769,147,unintended,False,
2026-07-27,802126,Joe Whitman,pitcher,AAA,27.98,28.87,0.89,166,154,unintended,False,
2026-07-27,703197,Michael Arroyo,hitter,AAA,17.66,28.53,10.87,641,163,unintended,False,
2026-07-27,702484,Jackson Cox,pitcher,AA,26.84,28.35,1.51,205,168,unintended,False,
2026-07-27,806957,Alfredo Duno,hitter,AA,16.64,28.25,11.61,705,170,unintended,False,
2026-07-27,805207,Caden Bodine,hitter,AA,26.33,26.74,0.41,218,214,unintended,False,
2026-07-27,815873,Sean Keys,hitter,AAA,17.64,26.36,8.72,643,226,unintended,False,
2026-07-27,682982,Daniel Espino,pitcher,AAA,26.29,26.31,0.02,220,228,unintended,False,thin_current_sample_confidence
2026-07-27,694370,Levi Wells,pitcher,AAA,25.82,25.84,0.02,242,247,unintended,False,thin_current_sample_confidence
2026-07-27,702650,Michael Forret,pitcher,AAA,22.89,25.8,2.91,339,249,unintended,False,
2026-07-27,815929,Jhonny Level,hitter,A+,24.89,25.52,0.63,265,257,unintended,False,
2026-07-27,803833,Garrett Baumann,pitcher,AAA,21.32,25.39,4.07,415,261,unintended,False,
2026-07-27,800537,Christian Zazueta,pitcher,AA,19.97,25.33,5.36,484,262,unintended,False,moderate_thin_sample_confidence
2026-07-27,830402,Kendry Chourio,pitcher,A+,20.07,25.24,5.17,476,266,unintended,False,moderate_thin_sample_confidence
2026-07-27,814351,Lucas Braun,pitcher,AAA,23.29,25.2,1.91,319,268,unintended,False,
2026-07-27,702652,Andrew Fischer,hitter,AA,24.45,24.9,0.45,280,276,unintended,False,
2026-07-27,691641,Jose Acuna,pitcher,AAA,18.29,24.57,6.28,594,290,unintended,False,
2026-07-27,701339,Marek Houston,hitter,AA,23.57,24.14,0.57,308,304,unintended,False,
2026-07-27,800540,Hector Osorio,hitter,A+,21.02,24.12,3.1,428,306,unintended,False,
2026-07-27,702619,Luke Hill,hitter,AA,14.95,23.59,8.64,821,320,unintended,False,moderate_thin_sample_confidence
2026-07-27,683363,Matt Wilkinson,pitcher,AAA,19.17,23.41,4.24,536,327,unintended,False,moderate_thin_sample_confidence
2026-07-27,691024,Cayden Wallace,hitter,AAA,13.28,23.32,10.04,962,330,unintended,False,
2026-07-27,809733,Connor Wietgrefe,pitcher,AAA,20.75,23.22,2.47,440,336,unintended,False,
2026-07-27,808087,Junior Sanchez,pitcher,AA,21.15,23.03,1.88,425,347,unintended,False,moderate_thin_sample_confidence
2026-07-27,815617,Kayson Cunningham,hitter,A+,22.73,23.02,0.29,346,348,unintended,False,
2026-07-27,694753,Khristian Curtis,pitcher,AAA,18.13,22.77,4.64,604,360,unintended,False,
2026-07-27,691828,Sem Robberse,pitcher,A,22.34,22.76,0.42,368,361,intended,True,thin_current_sample_confidence
2026-07-27,815626,Ethan Bagwell,pitcher,A+,13.08,22.75,9.67,981,362,unintended,False,
2026-07-27,691021,A.J. Vukovich,hitter,AAA,22.58,22.59,0.01,359,375,unintended,False,thin_current_sample_confidence
2026-07-27,826315,Cole Hertzler,pitcher,AA,15.18,22.52,7.34,806,380,unintended,False,moderate_thin_sample_confidence
2026-07-27,700731,Keiner Delgado,hitter,AAA,11.48,22.45,10.97,1110,381,unintended,False,
2026-07-27,800176,Carlos Sanchez,hitter,AA,12.57,22.42,9.85,1017,382,unintended,False,
2026-07-27,808129,Juan Flores,hitter,AA,12.82,22.37,9.55,999,387,unintended,False,moderate_thin_sample_confidence
2026-07-27,806258,Thomas White,pitcher,AAA,24.67,22.09,-2.58,274,401,unintended,False,thin_current_sample_confidence
2026-07-27,699115,Carlos Jorge,hitter,AAA,11.78,22.03,10.25,1088,406,unintended,False,
2026-07-27,808365,Dameury Pena,hitter,A+,12.23,21.59,9.36,1048,427,unintended,False,
2026-07-27,692150,Émilien Pitre,hitter,AA,20.93,21.29,0.36,433,439,unintended,False,
2026-07-27,800305,Jesús  Báez,hitter,AA,13.67,21.24,7.57,929,442,unintended,False,
2026-07-27,699151,Jedixson Paez,pitcher,AA,21.17,21.19,0.02,423,445,unintended,False,thin_current_sample_confidence
2026-07-27,827719,Jake Munroe,hitter,AA,14.32,20.99,6.67,873,451,unintended,False,
2026-07-27,696143,Anthony Solometo,pitcher,AA,9.67,20.52,10.85,1284,473,intended,True,thin_current_sample_confidence
2026-07-27,701178,Rafe Schlesinger,pitcher,AA,18.94,20.49,1.55,546,474,unintended,False,moderate_thin_sample_confidence
2026-07-27,813536,Juan Valera,pitcher,A+,19.26,20.34,1.08,530,482,intended,True,thin_current_sample_confidence
2026-07-27,694860,Jake Brooks,pitcher,AAA,14.17,20.32,6.15,889,484,unintended,False,
2026-07-27,807720,Garret Forrester,hitter,AAA,23.39,20.31,-3.08,315,485,unintended,False,thin_current_sample_confidence
2026-07-27,703615,Jose Cabrera,pitcher,AAA,13.81,20.3,6.49,918,486,unintended,False,moderate_thin_sample_confidence
2026-07-27,703610,Justin Lamkin,pitcher,AA,22.73,20.29,-2.44,348,487,unintended,False,thin_current_sample_confidence
2026-07-27,814430,Brett Callahan,hitter,AAA,11.59,20.16,8.57,1101,496,unintended,False,
2026-07-27,820832,Blake Aita,pitcher,AA,8.7,20.04,11.34,1371,503,unintended,False,
2026-07-27,828824,Josiah Ragsdale,hitter,AA,10.87,20.01,9.14,1167,506,unintended,False,
2026-07-27,702270,Malcolm Moore,hitter,AA,19.41,19.89,0.48,519,517,unintended,False,
2026-07-27,825576,Brandt Thompson,pitcher,AAA,12.81,19.86,7.05,1000,520,unintended,False,moderate_thin_sample_confidence
2026-07-27,807267,JD Dix,hitter,A+,19.4,19.83,0.43,520,522,unintended,False,
2026-07-27,689818,David Sandlin,pitcher,AAA,20.18,19.54,-0.64,469,543,unintended,False,thin_current_sample_confidence
2026-07-27,803385,Jay Harry,hitter,AAA,15.84,19.27,3.43,766,554,unintended,False,moderate_thin_sample_confidence
2026-07-27,804249,Tate Kuehner,pitcher,AAA,19.28,19.27,-0.01,526,555,unintended,False,thin_current_sample_confidence
2026-07-27,806263,Brandon Winokur,hitter,AA,14.15,19.07,4.92,890,569,unintended,False,
2026-07-27,805127,Devin Taylor,hitter,AA,18.81,19.05,0.24,556,571,unintended,False,
2026-07-27,701780,Tanner McDougal,pitcher,AAA,19.37,18.77,-0.6,523,585,unintended,False,thin_current_sample_confidence
2026-07-27,807716,Ty Langenberg,pitcher,AAA,16.96,18.57,1.61,683,603,unintended,False,moderate_thin_sample_confidence
2026-07-27,800125,Fernando Perez,pitcher,AA,16.71,18.43,1.72,698,614,intended,True,thin_current_sample_confidence
2026-07-27,701750,Bennett Thompson,hitter,AA,7.06,18.22,11.16,1531,625,unintended,False,
2026-07-27,678142,Cedric De Grandpre,pitcher,AAA,14.82,18.07,3.25,831,637,unintended,False,
2026-07-27,691414,Yorman Gómez,pitcher,AAA,17.98,17.95,-0.03,619,652,unintended,False,thin_current_sample_confidence
2026-07-27,834978,Danny Thompson Jr.,pitcher,AA,12.94,17.92,4.98,994,656,unintended,False,moderate_thin_sample_confidence
2026-07-27,809844,Kien Vu,hitter,AA,6.9,17.82,10.92,1548,661,unintended,False,
2026-07-27,824600,Riley Maddox,pitcher,AA,5.79,17.64,11.85,1657,669,unintended,False,
2026-07-27,703680,Brandon Compton,hitter,AA,16.69,17.58,0.89,699,672,unintended,False,
2026-07-27,682769,Eiberson Castellano,pitcher,AAA,13.97,17.58,3.61,901,673,unintended,False,
2026-07-27,701337,Ethan Petry,hitter,AA,17.21,17.56,0.35,671,674,unintended,False,
2026-07-27,701836,Kyle Robinson,pitcher,AA,6.31,17.48,11.17,1616,680,unintended,False,
2026-07-27,701679,Brody Brecht,pitcher,A+,17.45,17.46,0.01,654,683,unintended,False,thin_current_sample_confidence
2026-07-27,809840,Micah Ashman,pitcher,AA,17.5,17.25,-0.25,650,698,unintended,False,thin_current_sample_confidence
2026-07-27,805790,Cody Bowker,pitcher,A+,11.18,17.2,6.02,1136,700,unintended,False,moderate_thin_sample_confidence
2026-07-27,805942,Zach Royse,pitcher,A+,12.0,17.06,5.06,1066,706,unintended,False,
2026-07-27,828599,Lucas Spence,hitter,AAA,5.33,17.05,11.72,1708,708,unintended,False,
2026-07-27,807485,Davian Garcia,pitcher,AA,17.01,16.98,-0.03,679,712,unintended,False,thin_current_sample_confidence
2026-07-27,813715,Khadim Diaw,hitter,AA,11.48,16.81,5.33,1111,720,unintended,False,
2026-07-27,800231,Won-Bin Cho,hitter,AA,8.47,16.71,8.24,1399,728,unintended,False,
2026-07-27,800569,Alberto Barriga,hitter,AA,11.27,16.68,5.41,1131,730,unintended,False,moderate_thin_sample_confidence
2026-07-27,827408,Ramon Marquez,pitcher,A+,15.06,16.66,1.6,817,733,unintended,False,moderate_thin_sample_confidence
2026-07-27,823182,Braylon Owens,pitcher,AA,5.57,16.19,10.62,1681,770,unintended,False,
2026-07-27,682620,Richard Gallardo,pitcher,AAA,15.87,16.16,0.29,761,775,unintended,False,moderate_thin_sample_confidence
2026-07-27,702965,Hiro Wyatt,pitcher,A,16.04,16.05,0.01,748,780,unintended,False,thin_current_sample_confidence
2026-07-27,811765,Deniel Ortiz,hitter,AA,17.67,15.99,-1.68,640,784,unintended,False,thin_current_sample_confidence
2026-07-27,699314,David Davalillo,pitcher,AAA,14.41,15.87,1.46,866,794,unintended,False,moderate_thin_sample_confidence
2026-07-27,691003,Tre' Morgan,hitter,AAA,15.85,15.83,-0.02,764,800,unintended,False,thin_current_sample_confidence
2026-07-27,687223,Carson Palmquist,pitcher,AAA,15.71,15.73,0.02,776,807,unintended,False,thin_current_sample_confidence
2026-07-27,691437,Adrian Pinto,hitter,AA,17.96,15.64,-2.32,620,810,unintended,False,thin_current_sample_confidence
2026-07-27,801796,Eli Jones,pitcher,AA,5.54,15.64,10.1,1685,811,unintended,False,moderate_thin_sample_confidence
2026-07-27,529017,Alexander Cornielle,pitcher,AAA,18.35,15.52,-2.83,590,817,unintended,False,thin_current_sample_confidence
2026-07-27,800017,Jose Montero,pitcher,AA,13.41,15.48,2.07,952,821,unintended,False,moderate_thin_sample_confidence
2026-07-27,695604,T.J. White,hitter,AA,9.67,15.45,5.78,1283,823,unintended,False,moderate_thin_sample_confidence
2026-07-27,700255,Jacob Steinmetz,pitcher,A,13.0,15.2,2.2,988,837,intended,True,thin_current_sample_confidence
2026-07-27,802410,Jacob Zibin,pitcher,A+,10.16,15.2,5.04,1239,838,unintended,False,moderate_thin_sample_confidence
2026-07-27,814489,Brett Wichrowski,pitcher,AAA,3.43,15.13,11.7,1948,848,unintended,False,moderate_thin_sample_confidence
2026-07-27,804123,Joey Volini,pitcher,AA,16.79,15.12,-1.67,692,849,unintended,False,thin_current_sample_confidence
2026-07-27,807993,Nicolas Carreno,pitcher,A+,11.37,14.9,3.53,1121,858,unintended,False,moderate_thin_sample_confidence
2026-07-27,802357,Drue Hackenberg,pitcher,AAA,17.7,14.7,-3.0,636,874,unintended,False,thin_current_sample_confidence
2026-07-27,695722,Boston Smith,hitter,AA,4.15,14.64,10.49,1851,877,unintended,False,
2026-07-27,815793,Carter Johnson,hitter,A+,13.83,14.63,0.8,917,878,unintended,False,
2026-07-27,815501,Bryce Meccage,pitcher,A+,14.42,14.4,-0.02,865,900,unintended,False,thin_current_sample_confidence
2026-07-27,831572,Carson Fischer,pitcher,A+,5.09,14.31,9.22,1730,908,unintended,False,
2026-07-27,691292,Angel Ortiz,hitter,AAA,13.22,14.3,1.08,966,909,unintended,False,moderate_thin_sample_confidence
2026-07-27,691616,Hedbert Perez,hitter,AA,15.14,14.13,-1.01,812,923,unintended,False,thin_current_sample_confidence
2026-07-27,808893,Bryan Balzer,pitcher,A+,4.05,14.11,10.06,1860,927,unintended,False,
2026-07-27,805880,Tanner Thach,hitter,A+,4.75,14.07,9.32,1778,931,unintended,False,
2026-07-27,687210,Nathan Martorella,hitter,AAA,14.08,14.06,-0.02,896,932,unintended,False,thin_current_sample_confidence
2026-07-27,804614,Marco Vargas,hitter,AA,15.59,14.04,-1.55,781,933,unintended,False,thin_current_sample_confidence
2026-07-27,702331,Noah Mendlinger,hitter,AAA,9.86,14.03,4.17,1264,934,unintended,False,moderate_thin_sample_confidence
2026-07-27,686544,Nestor Lorant,pitcher,AA,8.23,13.76,5.53,1426,959,unintended,False,moderate_thin_sample_confidence
2026-07-27,691006,Kevin Parada,hitter,AAA,7.86,13.62,5.76,1454,964,unintended,False,moderate_thin_sample_confidence;upper_level_low_impact_hitter_model_sample
2026-07-27,696062,Wilber Dotel,pitcher,AAA,14.81,13.62,-1.19,832,966,unintended,False,thin_current_sample_confidence
2026-07-27,834240,Ryan Wideman,hitter,A+,6.38,13.59,7.21,1612,968,unintended,False,
2026-07-27,808024,Carlos Virahonda,hitter,A+,5.66,13.57,7.91,1668,970,unintended,False,
2026-07-27,682633,Eduardo Garcia,hitter,AAA,5.26,13.53,8.27,1719,974,unintended,False,moderate_thin_sample_confidence
2026-07-27,691185,Maximo Acosta,hitter,AAA,13.38,13.36,-0.02,953,991,unintended,False,thin_current_sample_confidence
2026-07-27,691893,Jean Cabrera,pitcher,AAA,10.53,13.22,2.69,1203,1000,unintended,False,moderate_thin_sample_confidence
2026-07-27,692405,Jeremy Rivas,hitter,AAA,9.67,13.19,3.52,1282,1002,unintended,False,moderate_thin_sample_confidence
2026-07-27,801075,Walker Janek,hitter,AA,13.45,13.15,-0.3,945,1007,unintended,False,thin_current_sample_confidence
2026-07-27,827759,Daniel Bucciero,hitter,A+,0,13.01,13.01,2339,1020,unintended,False,
2026-07-27,804670,Ryan Birchard,pitcher,AA,13.03,13.01,-0.02,984,1021,unintended,False,thin_current_sample_confidence
2026-07-27,703804,Romeo Sanabria,hitter,AAA,0,12.83,12.83,2480,1031,unintended,False,
2026-07-27,691941,Calvin Harris,hitter,AA,13.86,12.79,-1.07,912,1033,unintended,False,thin_current_sample_confidence
2026-07-27,814384,Alexander Meckley,pitcher,A+,6.47,12.77,6.3,1603,1037,unintended,False,moderate_thin_sample_confidence
2026-07-27,806270,Dominic Perachi,pitcher,AA,13.36,12.71,-0.65,957,1042,unintended,False,thin_current_sample_confidence
2026-07-27,804985,Jack Anker,pitcher,A+,5.13,12.69,7.56,1727,1045,unintended,False,
2026-07-27,822514,Max Banks,pitcher,A+,5.38,12.65,7.27,1705,1047,unintended,False,
2026-07-27,694633,Chase Hampton,pitcher,AA,17.24,12.53,-4.71,669,1056,unintended,False,thin_current_sample_confidence
2026-07-27,813400,Jack Winnay,hitter,AA,4.37,12.49,8.12,1822,1059,unintended,False,
2026-07-27,815043,Simon Miller,pitcher,AA,10.82,12.43,1.61,1173,1064,intended,True,thin_current_sample_confidence
2026-07-27,823790,Will McCausland,pitcher,A+,3.52,12.37,8.85,1936,1067,unintended,False,
2026-07-27,699276,Jose Olivares,pitcher,AA,13.0,12.33,-0.67,989,1071,unintended,False,thin_current_sample_confidence
2026-07-27,690985,Colby Halter,hitter,AAA,6.42,12.3,5.88,1606,1075,unintended,False,moderate_thin_sample_confidence
2026-07-27,814346,Dylan Watts,pitcher,A+,1.69,12.22,10.53,2142,1085,unintended,False,moderate_thin_sample_confidence
2026-07-27,688354,Hayden Minton,pitcher,AA,7.32,12.19,4.87,1506,1089,unintended,False,
2026-07-27,808825,Andrew Sears,pitcher,AA,15.57,11.86,-3.71,783,1115,unintended,False,thin_current_sample_confidence
2026-07-27,807728,Carter Graham,hitter,AA,2.94,11.82,8.88,2033,1120,unintended,False,
2026-07-27,832307,Jack Kartsonas,pitcher,AA,0.14,11.82,11.68,2270,1122,unintended,False,
2026-07-27,683085,Landon Sims,pitcher,AAA,9.33,11.72,2.39,1315,1136,unintended,False,moderate_thin_sample_confidence
2026-07-27,687152,Darrien Miller,hitter,AAA,0.56,11.65,11.09,2234,1140,unintended,False,moderate_thin_sample_confidence
2026-07-27,694393,Jaxon Wiggins,pitcher,AAA,15.15,11.61,-3.54,810,1141,unintended,False,thin_current_sample_confidence
2026-07-27,691913,Jesus Castillo,hitter,AAA,7.01,11.57,4.56,1535,1145,unintended,False,moderate_thin_sample_confidence
2026-07-27,822477,JB Middleton,pitcher,A,11.37,11.39,0.02,1120,1157,unintended,False,thin_current_sample_confidence
2026-07-27,800387,Fernando Peguero,hitter,AAA,3.6,11.31,7.71,1923,1164,unintended,False,moderate_thin_sample_confidence;upper_level_low_impact_hitter_model_sample
2026-07-27,814452,Anthony Martinez,hitter,A+,0,11.06,11.06,2297,1183,unintended,False,moderate_thin_sample_confidence
2026-07-27,686445,Sammy Siani,hitter,AA,11.05,11.03,-0.02,1150,1188,unintended,False,thin_current_sample_confidence
2026-07-27,822966,John Taylor,hitter,AAA,10.31,10.96,0.65,1217,1194,unintended,False,moderate_thin_sample_confidence
2026-07-27,803291,Christian Oppor,pitcher,AA,11.06,10.95,-0.11,1149,1196,unintended,False,thin_current_sample_confidence
2026-07-27,691405,Juan Benjamin,hitter,AAA,0,10.93,10.93,2423,1198,unintended,False,moderate_thin_sample_confidence
2026-07-27,831273,Ethan Young,pitcher,A,10.8,10.79,-0.01,1176,1213,unintended,False,thin_current_sample_confidence
2026-07-27,807748,Kannon Kemp,pitcher,A+,9.58,10.73,1.15,1291,1217,intended,True,thin_current_sample_confidence
2026-07-27,815292,Luis Martinez-Gomez,pitcher,AA,12.66,10.65,-2.01,1013,1226,unintended,False,thin_current_sample_confidence
2026-07-27,801507,Jake Cunningham,hitter,AA,3.54,10.44,6.9,1932,1245,unintended,False,
2026-07-27,677601,Keyber Rodriguez,hitter,AAA,8.0,10.4,2.4,1440,1247,unintended,False,moderate_thin_sample_confidence
2026-07-27,807962,Carlos Castillo,pitcher,A+,10.04,10.05,0.01,1252,1284,unintended,False,thin_current_sample_confidence
2026-07-27,695646,Peter Heubeck,pitcher,AA,9.87,9.84,-0.03,1262,1298,unintended,False,thin_current_sample_confidence
2026-07-27,801643,Owen Wild,pitcher,AAA,9.55,9.82,0.27,1295,1301,unintended,False,moderate_thin_sample_confidence
2026-07-27,800254,Abrahan Ramirez,hitter,A+,3.53,9.68,6.15,1933,1313,unintended,False,moderate_thin_sample_confidence
2026-07-27,684128,Reidis Sena,pitcher,AAA,11.45,9.5,-1.95,1115,1327,unintended,False,thin_current_sample_confidence
2026-07-27,801957,Dub Gleed,hitter,AA,3.68,9.46,5.78,1900,1330,unintended,False,
2026-07-27,693739,Alexander Alberto,pitcher,AAA,12.8,9.44,-3.36,1002,1332,unintended,False,thin_current_sample_confidence
2026-07-27,694408,Riley Eikhoff,pitcher,A+,0,9.19,9.19,2826,1358,unintended,False,
2026-07-27,683349,Calvin Ziegler,pitcher,A+,3.57,9.09,5.52,1927,1369,intended,True,thin_current_sample_confidence
2026-07-27,809059,Danny Macchiarola,pitcher,A,8.98,8.96,-0.02,1348,1378,unintended,False,thin_current_sample_confidence
2026-07-27,694689,Dominic Pitelli,hitter,AAA,6.9,8.84,1.94,1547,1388,unintended,False,moderate_thin_sample_confidence
2026-07-27,691186,Arol Vera,hitter,AAA,10.17,8.68,-1.49,1234,1402,unintended,False,thin_current_sample_confidence
2026-07-27,700251,Brandon Clarke,pitcher,A,4.32,8.66,4.34,1828,1406,intended,True,thin_current_sample_confidence
2026-07-27,813706,Owen Hackman,pitcher,AA,11.14,8.65,-2.49,1142,1409,unintended,False,thin_current_sample_confidence
2026-07-27,691621,Jheremy Vargas,hitter,AAA,9.55,8.57,-0.98,1294,1416,unintended,False,thin_current_sample_confidence
2026-07-27,813636,Phil Fox,pitcher,AA,8.45,8.47,0.02,1401,1431,unintended,False,thin_current_sample_confidence
2026-07-27,811948,Tony Santa Maria,hitter,AAA,0,8.42,8.42,2493,1437,unintended,False,
2026-07-27,684081,Erick Brito,hitter,AA,9.55,8.4,-1.15,1293,1439,unintended,False,thin_current_sample_confidence
2026-07-27,687394,Jack Brannigan,hitter,AAA,0,8.36,8.36,2385,1443,unintended,False,moderate_thin_sample_confidence
2026-07-27,695771,Jacob Kmatz,pitcher,AA,5.31,8.36,3.05,1712,1445,unintended,False,moderate_thin_sample_confidence
2026-07-27,803183,Luke Fox,pitcher,AA,8.27,8.29,0.02,1419,1453,unintended,False,thin_current_sample_confidence
2026-07-27,692243,Jaden Woods,pitcher,AAA,12.45,8.18,-4.27,1028,1464,unintended,False,thin_current_sample_confidence
2026-07-27,805311,Nick Sando,pitcher,AAA,10.93,8.15,-2.78,1162,1465,unintended,False,thin_current_sample_confidence
2026-07-27,802407,Joe Lampe,hitter,AAA,0,8.14,8.14,2402,1466,unintended,False,moderate_thin_sample_confidence;upper_level_low_impact_hitter_model_sample
2026-07-27,696070,Kendry Rojas,pitcher,AAA,8.75,8.14,-0.61,1368,1468,unintended,False,thin_current_sample_confidence
2026-07-27,687282,Gabriel Rincones Jr.,hitter,AAA,14.26,8.12,-6.14,879,1469,unintended,False,thin_current_sample_confidence
2026-07-27,814388,Hayden Snelsire,pitcher,AAA,8.99,8.02,-0.97,1344,1478,unintended,False,thin_current_sample_confidence
2026-07-27,683494,Euribiel Angeles,hitter,AAA,2.55,7.96,5.41,2078,1481,unintended,False,moderate_thin_sample_confidence
2026-07-27,815653,Tyson Lewis,hitter,A+,7.2,7.94,0.74,1521,1483,unintended,False,
2026-07-27,685763,Jonatan Bernal,pitcher,AAA,3.74,7.79,4.05,1895,1505,unintended,False,moderate_thin_sample_confidence
2026-07-27,807974,Adrian Bohorquez,pitcher,A+,7.55,7.57,0.02,1489,1525,unintended,False,thin_current_sample_confidence
2026-07-27,832455,Matthew Fisher,pitcher,A,7.56,7.57,0.01,1487,1526,unintended,False,thin_current_sample_confidence
2026-07-27,694186,Shalin Polanco,hitter,AA,0,7.42,7.42,2487,1537,unintended,False,moderate_thin_sample_confidence
2026-07-27,806637,Jordan Woods,pitcher,A+,0,7.39,7.39,2725,1540,unintended,False,moderate_thin_sample_confidence
2026-07-27,824613,Cole Tolbert,pitcher,A,7.18,7.2,0.02,1522,1560,unintended,False,thin_current_sample_confidence
2026-07-27,806121,Mac Heuer,pitcher,A,7.1,7.11,0.01,1530,1568,unintended,False,thin_current_sample_confidence
2026-07-27,804556,Braden Nett,pitcher,AAA,7.01,7.03,0.02,1536,1571,unintended,False,thin_current_sample_confidence
2026-07-27,823242,Tanner Gresham,pitcher,A+,1.58,6.89,5.31,2150,1584,unintended,False,moderate_thin_sample_confidence
2026-07-27,814269,Kevin Verde,hitter,AA,10.78,6.87,-3.91,1179,1589,unintended,False,thin_current_sample_confidence
2026-07-27,701734,Ryan McCrystal,hitter,AA,2.06,6.85,4.79,2110,1594,unintended,False,moderate_thin_sample_confidence
2026-07-27,821023,Marlon De La Cruz,pitcher,A,6.84,6.82,-0.02,1559,1598,unintended,False,thin_current_sample_confidence
2026-07-27,691398,Yerlin Confidan,hitter,AA,0,6.81,6.81,2509,1599,unintended,False,
2026-07-27,806768,Giacomo Taschin,pitcher,A,6.84,6.81,-0.03,1558,1600,unintended,False,thin_current_sample_confidence
2026-07-27,806522,Irving Cota,pitcher,AA,8.6,6.77,-1.83,1383,1609,unintended,False,thin_current_sample_confidence
2026-07-27,805273,Frank Camarillo,pitcher,A+,3.87,6.74,2.87,1882,1611,unintended,False,moderate_thin_sample_confidence
2026-07-27,694991,Mitch Jebb,hitter,AAA,12.27,6.71,-5.56,1043,1613,unintended,False,thin_current_sample_confidence
2026-07-27,806441,Nehomar Ochoa Jr.,hitter,A+,4.99,6.63,1.64,1745,1624,unintended,False,moderate_thin_sample_confidence
2026-07-27,702576,Mason McGwire,pitcher,A+,4.99,6.54,1.55,1746,1633,unintended,False,moderate_thin_sample_confidence
2026-07-27,823295,Jay Thomason,hitter,AA,0,6.51,6.51,2398,1639,unintended,False,
2026-07-27,695556,Shane Panzini,pitcher,AAA,6.45,6.47,0.02,1605,1644,unintended,False,thin_current_sample_confidence
2026-07-27,804751,Logan Poteet,hitter,A+,0,6.44,6.44,2437,1646,unintended,False,
2026-07-27,820940,Eiver Mosquera,pitcher,A,6.42,6.4,-0.02,1607,1649,unintended,False,thin_current_sample_confidence
2026-07-27,702582,Dallas Macias,hitter,A+,0,6.31,6.31,2337,1655,unintended,False,
2026-07-27,805590,Dylan Palmer,hitter,A+,0,6.31,6.31,2352,1656,unintended,False,
2026-07-27,801367,Matt Jachec,pitcher,AAA,6.62,6.24,-0.38,1587,1663,unintended,False,thin_current_sample_confidence
2026-07-27,808291,Tyler Rodriguez,hitter,A+,3.58,6.22,2.64,1925,1665,unintended,False,moderate_thin_sample_confidence
2026-07-27,808547,Keyner Benitez,pitcher,A,6.2,6.17,-0.03,1627,1671,unintended,False,thin_current_sample_confidence
2026-07-27,801686,Michael Carico,hitter,A+,0,6.01,6.01,2454,1685,unintended,False,
2026-07-27,809633,Michael Dattalo,hitter,A+,2.2,6.0,3.8,2097,1688,unintended,False,moderate_thin_sample_confidence
2026-07-27,696277,Mason Marriott,pitcher,A+,0,5.94,5.94,2784,1693,intended,True,thin_current_sample_confidence
2026-07-27,693311,Tink Hence,pitcher,AAA,5.86,5.88,0.02,1651,1695,unintended,False,thin_current_sample_confidence
2026-07-27,812363,Marlon Nieves,pitcher,A,5.85,5.86,0.01,1652,1696,unintended,False,thin_current_sample_confidence
2026-07-27,806128,Antonio Jimenez,hitter,A+,0,5.79,5.79,2299,1699,unintended,False,moderate_thin_sample_confidence
2026-07-27,702526,Eric Snow,hitter,AA,3.04,5.66,2.62,2016,1712,unintended,False,moderate_thin_sample_confidence
2026-07-27,702495,Josh Tate,hitter,A+,0.14,5.5,5.36,2269,1731,unintended,False,
2026-07-27,811312,Justin Riemer,hitter,AA,0,5.44,5.44,2429,1739,unintended,False,moderate_thin_sample_confidence
2026-07-27,804946,Tyler Howard,hitter,A+,0,5.41,5.41,2495,1744,unintended,False,moderate_thin_sample_confidence
2026-07-27,692222,Jose Izarra,hitter,AA,0,5.35,5.35,2413,1748,unintended,False,
2026-07-27,689296,Anthony Nunez,pitcher,AAA,2.21,5.27,3.06,2096,1759,intended,True,thin_current_sample_confidence
2026-07-27,693781,Wilian Bormie,pitcher,AAA,9.69,5.24,-4.45,1279,1762,unintended,False,thin_current_sample_confidence
2026-07-27,701820,Jacob Friend,hitter,A+,4.67,5.23,0.56,1784,1763,unintended,False,moderate_thin_sample_confidence
2026-07-27,700357,Juan Rojas,pitcher,AA,9.76,5.18,-4.58,1273,1766,unintended,False,thin_current_sample_confidence
2026-07-27,814005,Jake Bloss,pitcher,AAA,11.13,5.16,-5.97,1144,1767,unintended,False,thin_current_sample_confidence
2026-07-27,694266,D'Andre Smith,hitter,AA,7.28,5.09,-2.19,1512,1771,unintended,False,thin_current_sample_confidence
2026-07-27,692226,Ty Floyd,pitcher,A+,5.06,5.04,-0.02,1734,1778,unintended,False,thin_current_sample_confidence
2026-07-27,694742,Josh Moylan,hitter,AA,0,4.87,4.87,2421,1800,unintended,False,
2026-07-27,805800,Zander Mueth,pitcher,A,4.81,4.82,0.01,1768,1807,unintended,False,thin_current_sample_confidence
2026-07-27,806083,J.D. Gonzalez,hitter,A+,0,4.8,4.8,2384,1809,unintended,False,moderate_thin_sample_confidence
2026-07-27,814522,Caden Kendle,hitter,AA,0,4.66,4.66,2319,1824,unintended,False,moderate_thin_sample_confidence
2026-07-27,835054,Cale Wetwiska,pitcher,A,4.62,4.59,-0.03,1790,1836,unintended,False,thin_current_sample_confidence
2026-07-27,813869,Ryan Degges,pitcher,A+,6.15,4.57,-1.58,1631,1841,unintended,False,thin_current_sample_confidence
2026-07-27,700845,Adam Zebrowski,hitter,AAA,0,4.54,4.54,2288,1845,unintended,False,moderate_thin_sample_confidence
2026-07-27,694181,Carlos Colmenarez,hitter,AAA,3.15,4.48,1.33,1998,1852,unintended,False,moderate_thin_sample_confidence
2026-07-27,690804,Ryan Nicholson,hitter,AAA,0,4.28,4.28,2482,1877,unintended,False,
2026-07-27,700179,Connor Oliver,pitcher,AA,2.46,4.26,1.8,2084,1883,unintended,False,moderate_thin_sample_confidence
2026-07-27,683103,Cade Doughty,hitter,AA,5.18,4.24,-0.94,1724,1885,unintended,False,thin_current_sample_confidence
2026-07-27,823817,Jake McCutcheon,hitter,A+,0,4.24,4.24,2392,1886,unintended,False,moderate_thin_sample_confidence
2026-07-27,827664,Silvano Hechavarria,pitcher,A+,0,4.24,4.24,2848,1888,unintended,False,moderate_thin_sample_confidence
2026-07-27,814366,Cade Feeney,pitcher,AAA,5.39,4.21,-1.18,1704,1891,unintended,False,thin_current_sample_confidence
2026-07-27,693243,Garrett Pennington,hitter,AA,0,4.19,4.19,2369,1892,unintended,False,
2026-07-27,809685,Aiven Cabral,pitcher,A+,0,4.07,4.07,2524,1904,unintended,False,moderate_thin_sample_confidence
2026-07-27,809784,Garrett Stratton,pitcher,AA,0,4.0,4.0,2649,1909,unintended,False,moderate_thin_sample_confidence
2026-07-27,671748,Casey Yamauchi,hitter,AAA,0,3.97,3.97,2327,1916,unintended,False,
2026-07-27,683353,Connor Caskenette,hitter,AA,0,3.83,3.83,2332,1931,unintended,False,moderate_thin_sample_confidence
2026-07-27,691947,Ronan Kopp,pitcher,AAA,3.78,3.79,0.01,1890,1935,unintended,False,thin_current_sample_confidence
2026-07-27,800348,Edwin Amparo,hitter,A+,0,3.75,3.75,2355,1939,unintended,False,
2026-07-27,703821,Myles Caba,pitcher,AA,6.56,3.73,-2.83,1590,1943,unintended,False,thin_current_sample_confidence
2026-07-27,702640,Tyler Gough,pitcher,A+,2.08,3.72,1.64,2107,1944,unintended,False,moderate_thin_sample_confidence
2026-07-27,683568,Jairo Iriarte,pitcher,AAA,3.31,3.69,0.38,1967,1947,unintended,False,moderate_thin_sample_confidence
2026-07-27,821061,Irwin Ramirez,pitcher,A,3.62,3.64,0.02,1918,1960,unintended,False,thin_current_sample_confidence
2026-07-27,805865,Guy Lipscomb,hitter,AA,3.62,3.61,-0.01,1915,1968,unintended,False,thin_current_sample_confidence
2026-07-27,699228,Jakey Josepha,hitter,AA,0,3.55,3.55,2395,1975,unintended,False,
2026-07-27,686981,Brenden Dixon,hitter,AA,3.48,3.46,-0.02,1940,1983,unintended,False,thin_current_sample_confidence
2026-07-27,701136,Kerrington Cross,hitter,A+,0,3.46,3.46,2430,1984,unintended,False,
2026-07-27,805517,Jackson Steensma,pitcher,A,3.42,3.4,-0.02,1949,1992,unintended,False,thin_current_sample_confidence
2026-07-27,701404,Fisher Jameson,pitcher,AAA,0,3.33,3.33,2640,2002,unintended,False,moderate_thin_sample_confidence
2026-07-27,814343,Danny Flatt,pitcher,A,3.3,3.31,0.01,1970,2009,unintended,False,thin_current_sample_confidence
2026-07-27,814194,Quinn McDaniel,hitter,AA,1.8,3.3,1.5,2130,2012,unintended,False,moderate_thin_sample_confidence
2026-07-27,696098,Jose Romero,pitcher,A+,0,3.27,3.27,2734,2018,intended,True,thin_current_sample_confidence
2026-07-27,696040,Po-Yu Chen,pitcher,AA,3.21,3.23,0.02,1990,2028,unintended,False,thin_current_sample_confidence
2026-07-27,692285,Luis Guerrero,pitcher,AAA,3.22,3.21,-0.01,1987,2032,unintended,False,thin_current_sample_confidence
2026-07-27,701860,Carter Cunningham,hitter,AA,0,3.19,3.19,2326,2035,unintended,False,
2026-07-27,802192,Daniel Corniel,pitcher,A+,3.16,3.14,-0.02,1996,2044,unintended,False,thin_current_sample_confidence
2026-07-27,683104,Trey Faltine,hitter,AAA,4.27,2.96,-1.31,1839,2069,unintended,False,thin_current_sample_confidence
2026-07-27,690053,Chris Sargent,hitter,AA,2.93,2.95,0.02,2035,2071,unintended,False,thin_current_sample_confidence
2026-07-27,688883,Peyton Pallette,pitcher,AAA,2.92,2.93,0.01,2037,2077,unintended,False,thin_current_sample_confidence
2026-07-27,800544,Cesar Lares,pitcher,A+,2.82,2.84,0.02,2051,2086,unintended,False,thin_current_sample_confidence
2026-07-27,807697,Jervis Alfaro,pitcher,A+,1.61,2.83,1.22,2146,2091,unintended,False,moderate_thin_sample_confidence
2026-07-27,833381,Jack Moroknek,hitter,A+,0,2.79,2.79,2386,2093,unintended,False,moderate_thin_sample_confidence
2026-07-27,809231,Tom Poole,hitter,A+,0,2.76,2.76,2491,2095,unintended,False,moderate_thin_sample_confidence
2026-07-27,695605,Travis Smith,pitcher,AA,0,2.73,2.73,2863,2097,unintended,False,moderate_thin_sample_confidence
2026-07-27,804466,Carter Garate,hitter,AAA,3.05,2.7,-0.35,2015,2102,unintended,False,thin_current_sample_confidence
2026-07-27,824742,Logan Braunschweig,hitter,AA,1.2,2.61,1.41,2176,2116,unintended,False,moderate_thin_sample_confidence
2026-07-27,693832,Tre Richardson III,hitter,AA,0.86,2.6,1.74,2208,2117,unintended,False,moderate_thin_sample_confidence
2026-07-27,701862,Jacob Walsh,hitter,A+,1.02,2.53,1.51,2185,2123,unintended,False,moderate_thin_sample_confidence
2026-07-27,682999,Will Childers,pitcher,AAA,3.99,2.53,-1.46,1867,2124,unintended,False,thin_current_sample_confidence
2026-07-27,687195,Jake Garland,pitcher,AAA,5.55,2.28,-3.27,1684,2135,unintended,False,thin_current_sample_confidence
2026-07-27,807187,Mathias LaCombe,pitcher,AA,3.62,2.28,-1.34,1919,2136,unintended,False,thin_current_sample_confidence
2026-07-27,679754,Alberto Rodriguez,hitter,AA,2.29,2.27,-0.02,2090,2138,unintended,False,thin_current_sample_confidence
2026-07-27,805879,Connor Foley,pitcher,A,2.18,2.16,-0.02,2100,2144,unintended,False,thin_current_sample_confidence
2026-07-27,681495,Cade Fergus,hitter,AAA,5.61,1.99,-3.62,1679,2160,unintended,False,thin_current_sample_confidence
2026-07-27,702631,Adonys Guzman,hitter,A+,0,1.93,1.93,2289,2163,unintended,False,moderate_thin_sample_confidence
2026-07-27,702563,Mason Neville,hitter,A+,0,1.91,1.91,2451,2165,unintended,False,moderate_thin_sample_confidence
2026-07-27,685719,Fernando Sanchez,pitcher,AAA,7.89,1.66,-6.23,1449,2185,unintended,False,thin_current_sample_confidence
2026-07-27,801039,John Garcia,hitter,AA,0,1.63,1.63,2405,2188,unintended,False,moderate_thin_sample_confidence
2026-07-27,811573,Myles Patton,pitcher,A,1.59,1.58,-0.01,2149,2192,unintended,False,thin_current_sample_confidence
2026-07-27,822877,Luke Cantwell,hitter,A+,0,1.48,1.48,2444,2196,unintended,False,moderate_thin_sample_confidence
2026-07-27,691942,Jack O'Dowd,hitter,AA,0,1.47,1.47,2387,2198,unintended,False,moderate_thin_sample_confidence
2026-07-27,694399,Elijah Nunez,hitter,AA,0,1.39,1.39,2356,2206,unintended,False,moderate_thin_sample_confidence
2026-07-27,695046,Drew Brutcher,hitter,AA,0,1.21,1.21,2350,2220,unintended,False,moderate_thin_sample_confidence
2026-07-27,687268,K.C. Hunt,pitcher,AAA,4.11,1.19,-2.92,1856,2224,unintended,False,thin_current_sample_confidence
2026-07-27,703198,Kenni Gomez,hitter,AA,1.87,0.79,-1.08,2122,2257,unintended,False,thin_current_sample_confidence
2026-07-27,680846,Pablo Aliendo,hitter,AA,0.59,0.61,0.02,2232,2272,unintended,False,thin_current_sample_confidence
2026-07-27,700784,Jeron Williams,hitter,AA,0.56,0.59,0.03,2235,2277,unintended,False,thin_current_sample_confidence
2026-07-27,827637,Dalton McIntyre,hitter,AA,0,0.49,0.49,2338,2281,unintended,False,moderate_thin_sample_confidence
2026-07-27,806927,Luis De La Cruz,pitcher,A+,0,0.47,0.47,2768,2283,unintended,False,moderate_thin_sample_confidence
2026-07-27,811229,Ubert Mejias,pitcher,A+,0,0.46,0.46,2876,2285,unintended,False,moderate_thin_sample_confidence
2026-07-27,683061,Alexander Vargas,hitter,AA,0.38,0.4,0.02,2243,2287,unintended,False,thin_current_sample_confidence
2026-07-27,806998,Hendry Chivilli,pitcher,A,0.42,0.39,-0.03,2241,2288,unintended,False,thin_current_sample_confidence
2026-07-27,822163,Kellan Oakes,pitcher,A+,0,0.34,0.34,2754,2294,unintended,False,moderate_thin_sample_confidence
2026-07-27,696020,Raudelis Martinez,hitter,AA,0.24,0.25,0.01,2256,2297,unintended,False,thin_current_sample_confidence
2026-07-27,821092,Dalvinson Reyes,pitcher,A,0.25,0.22,-0.03,2253,2305,unintended,False,thin_current_sample_confidence
2026-07-27,808333,Dariel Francia,pitcher,A,0.18,0.2,0.02,2263,2307,unintended,False,thin_current_sample_confidence
2026-07-27,808864,Raider Tello,hitter,AA,0,0.18,0.18,2472,2309,unintended,False,moderate_thin_sample_confidence
2026-07-27,692589,Victor Juarez,pitcher,AAA,6.71,0.03,-6.68,1574,2329,unintended,False,thin_current_sample_confidence
2026-07-27,692366,Onil Perez,hitter,AA,2.57,0.02,-2.55,2075,2330,unintended,False,thin_current_sample_confidence
2026-07-27,699305,Diego Mosquera,hitter,AA,2.56,0,-2.56,2077,2384,unintended,False,thin_current_sample_confidence
2026-07-27,687248,Keshawn Ogans,hitter,AAA,3.45,0,-3.45,1943,2447,unintended,False,thin_current_sample_confidence
2026-07-27,694204,Maikol Hernández,hitter,AAA,0.17,0,-0.17,2266,2462,unintended,False,thin_current_sample_confidence
2026-07-27,815152,Theo Hardy,hitter,AAA,0.27,0,-0.27,2250,2501,unintended,False,thin_current_sample_confidence
2026-07-27,815084,Ben Simon,pitcher,AAA,5.09,0,-5.09,1729,2558,unintended,False,thin_current_sample_confidence
2026-07-27,682981,Derek Diamond,pitcher,AAA,3.28,0,-3.28,1975,2617,unintended,False,thin_current_sample_confidence
2026-07-27,828506,Joey Danielson,pitcher,AA,0.49,0,-0.49,2238,2727,unintended,False,thin_current_sample_confidence
2026-07-27,681328,Jonny Cuevas,pitcher,AAA,2.83,0,-2.83,2050,2731,unintended,False,thin_current_sample_confidence
2026-07-27,687881,Kenten Egbert,pitcher,AAA,0.71,0,-0.71,2219,2761,unintended,False,thin_current_sample_confidence
2026-07-28,816113,Eli Willits,hitter,A+,67.97,68.3,0.33,2,2,unintended,False,
2026-07-28,703155,Lazaro Montes,hitter,AAA,40.76,41.85,1.09,41,38,unintended,False,
2026-07-28,815394,Theo Gillen,hitter,AA,39.46,40.16,0.7,48,44,unintended,False,
2026-07-28,703596,Karson Milbrandt,pitcher,AAA,31.56,34.86,3.3,103,60,unintended,False,moderate_thin_sample_confidence
2026-07-28,815785,Braylon Doughty,pitcher,AA,33.86,34.55,0.69,66,62,unintended,False,
2026-07-28,815352,Caleb Bonemer,hitter,AA,33.35,33.95,0.6,75,68,unintended,False,
2026-07-28,803849,Devin Fitz-Gerald,hitter,AA,30.48,33.76,3.28,115,69,unintended,False,
2026-07-28,694211,Manuel Pena,hitter,AAA,28.33,33.32,4.99,160,79,unintended,False,
2026-07-28,800611,Noble Meyer,pitcher,A,26.2,33.22,7.02,225,83,intended,True,thin_current_sample_confidence
2026-07-28,815792,Chase Harlan,hitter,A+,31.68,32.44,0.76,101,95,unintended,False,
2026-07-28,814409,Seaver King,hitter,AAA,31.83,31.93,0.1,99,103,unintended,False,
2026-07-28,695667,Ben Kudrna,pitcher,AAA,14.55,31.22,16.67,853,111,intended,True,thin_current_sample_confidence
2026-07-28,815304,Josh Adamczewski,hitter,AA,26.13,31.15,5.02,226,113,unintended,False,
2026-07-28,816111,Tate Southisene,hitter,A+,30.65,30.88,0.23,112,114,unintended,False,
2026-07-28,809100,Ixan Henderson,pitcher,A,19.26,30.83,11.57,529,116,intended,True,thin_current_sample_confidence
2026-07-28,700164,Bryant Betancourt,hitter,AAA,15.82,29.24,13.42,769,147,unintended,False,
2026-07-28,802126,Joe Whitman,pitcher,AAA,27.98,28.87,0.89,166,155,unintended,False,
2026-07-28,703197,Michael Arroyo,hitter,AAA,17.66,28.53,10.87,641,163,unintended,False,
2026-07-28,702484,Jackson Cox,pitcher,AA,26.84,28.35,1.51,205,168,unintended,False,
2026-07-28,806957,Alfredo Duno,hitter,AA,16.64,28.25,11.61,705,170,unintended,False,
2026-07-28,805207,Caden Bodine,hitter,AA,26.33,26.74,0.41,218,214,unintended,False,
2026-07-28,815873,Sean Keys,hitter,AAA,17.64,26.36,8.72,643,226,unintended,False,
2026-07-28,682982,Daniel Espino,pitcher,AAA,26.28,26.3,0.02,220,228,unintended,False,thin_current_sample_confidence
2026-07-28,694370,Levi Wells,pitcher,AAA,25.82,25.84,0.02,242,247,unintended,False,thin_current_sample_confidence
2026-07-28,702650,Michael Forret,pitcher,AAA,22.89,25.8,2.91,339,249,unintended,False,
2026-07-28,815929,Jhonny Level,hitter,A+,24.89,25.52,0.63,265,257,unintended,False,
2026-07-28,803833,Garrett Baumann,pitcher,AAA,21.32,25.39,4.07,415,261,unintended,False,
2026-07-28,800537,Christian Zazueta,pitcher,AA,19.97,25.33,5.36,484,262,unintended,False,moderate_thin_sample_confidence
2026-07-28,830402,Kendry Chourio,pitcher,A+,20.07,25.24,5.17,476,266,unintended,False,moderate_thin_sample_confidence
2026-07-28,814351,Lucas Braun,pitcher,AAA,23.29,25.2,1.91,319,268,unintended,False,
2026-07-28,702652,Andrew Fischer,hitter,AA,24.45,24.9,0.45,280,276,unintended,False,
2026-07-28,691641,Jose Acuna,pitcher,AAA,18.29,24.57,6.28,594,290,unintended,False,
2026-07-28,701339,Marek Houston,hitter,AA,23.57,24.14,0.57,308,304,unintended,False,
2026-07-28,800540,Hector Osorio,hitter,A+,21.02,24.12,3.1,428,306,unintended,False,
2026-07-28,702619,Luke Hill,hitter,AA,14.95,23.59,8.64,821,320,unintended,False,moderate_thin_sample_confidence
2026-07-28,683363,Matt Wilkinson,pitcher,AAA,19.17,23.41,4.24,536,327,unintended,False,moderate_thin_sample_confidence
2026-07-28,691024,Cayden Wallace,hitter,AAA,13.28,23.32,10.04,962,330,unintended,False,
2026-07-28,809733,Connor Wietgrefe,pitcher,AAA,20.75,23.22,2.47,440,336,unintended,False,
2026-07-28,808087,Junior Sanchez,pitcher,AA,21.15,23.03,1.88,425,347,unintended,False,moderate_thin_sample_confidence
2026-07-28,815617,Kayson Cunningham,hitter,A+,22.73,23.02,0.29,346,348,unintended,False,
2026-07-28,694753,Khristian Curtis,pitcher,AAA,18.13,22.77,4.64,604,360,unintended,False,
2026-07-28,691828,Sem Robberse,pitcher,A,22.34,22.76,0.42,368,361,intended,True,thin_current_sample_confidence
2026-07-28,815626,Ethan Bagwell,pitcher,A+,13.08,22.75,9.67,981,362,unintended,False,
2026-07-28,691021,A.J. Vukovich,hitter,AAA,22.58,22.59,0.01,359,375,unintended,False,thin_current_sample_confidence
2026-07-28,826315,Cole Hertzler,pitcher,AA,15.18,22.52,7.34,806,380,unintended,False,moderate_thin_sample_confidence
2026-07-28,700731,Keiner Delgado,hitter,AAA,11.48,22.45,10.97,1110,381,unintended,False,
2026-07-28,800176,Carlos Sanchez,hitter,AA,12.57,22.42,9.85,1017,382,unintended,False,
2026-07-28,808129,Juan Flores,hitter,AA,12.82,22.37,9.55,999,387,unintended,False,moderate_thin_sample_confidence
2026-07-28,806258,Thomas White,pitcher,AAA,24.67,22.09,-2.58,274,401,unintended,False,thin_current_sample_confidence
2026-07-28,699115,Carlos Jorge,hitter,AAA,11.78,22.03,10.25,1088,406,unintended,False,
2026-07-28,808365,Dameury Pena,hitter,A+,12.23,21.59,9.36,1048,427,unintended,False,
2026-07-28,692150,Émilien Pitre,hitter,AA,20.93,21.29,0.36,433,439,unintended,False,
2026-07-28,800305,Jesús  Báez,hitter,AA,13.67,21.24,7.57,929,442,unintended,False,
2026-07-28,699151,Jedixson Paez,pitcher,AA,21.17,21.19,0.02,423,445,unintended,False,thin_current_sample_confidence
2026-07-28,827719,Jake Munroe,hitter,AA,14.32,20.99,6.67,873,452,unintended,False,
2026-07-28,696143,Anthony Solometo,pitcher,AA,9.66,20.51,10.85,1285,473,intended,True,thin_current_sample_confidence
2026-07-28,701178,Rafe Schlesinger,pitcher,AA,18.94,20.49,1.55,546,474,unintended,False,moderate_thin_sample_confidence
2026-07-28,813536,Juan Valera,pitcher,A+,19.26,20.34,1.08,530,482,intended,True,thin_current_sample_confidence
2026-07-28,694860,Jake Brooks,pitcher,AAA,14.17,20.32,6.15,889,484,unintended,False,
2026-07-28,807720,Garret Forrester,hitter,AAA,23.39,20.31,-3.08,315,485,unintended,False,thin_current_sample_confidence
2026-07-28,703615,Jose Cabrera,pitcher,AAA,13.81,20.3,6.49,918,486,unintended,False,moderate_thin_sample_confidence
2026-07-28,703610,Justin Lamkin,pitcher,AA,22.72,20.28,-2.44,348,489,unintended,False,thin_current_sample_confidence
2026-07-28,814430,Brett Callahan,hitter,AAA,11.59,20.16,8.57,1101,496,unintended,False,
2026-07-28,820832,Blake Aita,pitcher,AA,8.7,20.04,11.34,1371,503,unintended,False,
2026-07-28,828824,Josiah Ragsdale,hitter,AA,10.87,20.01,9.14,1167,506,unintended,False,
2026-07-28,702270,Malcolm Moore,hitter,AA,19.41,19.89,0.48,518,517,unintended,False,
2026-07-28,825576,Brandt Thompson,pitcher,AAA,12.81,19.86,7.05,1000,520,unintended,False,moderate_thin_sample_confidence
2026-07-28,807267,JD Dix,hitter,A+,19.4,19.83,0.43,520,522,unintended,False,
2026-07-28,689818,David Sandlin,pitcher,AAA,20.18,19.54,-0.64,469,543,unintended,False,thin_current_sample_confidence
2026-07-28,803385,Jay Harry,hitter,AAA,15.84,19.27,3.43,766,554,unintended,False,moderate_thin_sample_confidence
2026-07-28,804249,Tate Kuehner,pitcher,AAA,19.28,19.27,-0.01,526,555,unintended,False,thin_current_sample_confidence
2026-07-28,806263,Brandon Winokur,hitter,AA,14.14,19.06,4.92,890,569,unintended,False,
2026-07-28,805127,Devin Taylor,hitter,AA,18.81,19.05,0.24,556,571,unintended,False,
2026-07-28,701780,Tanner McDougal,pitcher,AAA,19.37,18.77,-0.6,523,585,unintended,False,thin_current_sample_confidence
2026-07-28,807716,Ty Langenberg,pitcher,AAA,16.96,18.57,1.61,683,603,unintended,False,moderate_thin_sample_confidence
2026-07-28,800125,Fernando Perez,pitcher,AA,16.71,18.43,1.72,698,614,intended,True,thin_current_sample_confidence
2026-07-28,701750,Bennett Thompson,hitter,AA,7.06,18.22,11.16,1531,625,unintended,False,
2026-07-28,678142,Cedric De Grandpre,pitcher,AAA,14.82,18.07,3.25,831,637,unintended,False,
2026-07-28,691414,Yorman Gómez,pitcher,AAA,17.98,17.95,-0.03,619,652,unintended,False,thin_current_sample_confidence
2026-07-28,834978,Danny Thompson Jr.,pitcher,AA,12.94,17.92,4.98,994,656,unintended,False,moderate_thin_sample_confidence
2026-07-28,809844,Kien Vu,hitter,AA,6.9,17.82,10.92,1548,661,unintended,False,
2026-07-28,824600,Riley Maddox,pitcher,AA,5.79,17.64,11.85,1657,669,unintended,False,
2026-07-28,703680,Brandon Compton,hitter,AA,16.69,17.58,0.89,699,672,unintended,False,
2026-07-28,682769,Eiberson Castellano,pitcher,AAA,13.97,17.58,3.61,901,673,unintended,False,
2026-07-28,701337,Ethan Petry,hitter,AA,17.21,17.56,0.35,671,674,unintended,False,
2026-07-28,701836,Kyle Robinson,pitcher,AA,6.31,17.48,11.17,1616,679,unintended,False,
2026-07-28,701679,Brody Brecht,pitcher,A+,17.45,17.46,0.01,654,683,unintended,False,thin_current_sample_confidence
2026-07-28,809840,Micah Ashman,pitcher,AA,17.5,17.25,-0.25,650,698,unintended,False,thin_current_sample_confidence
2026-07-28,805790,Cody Bowker,pitcher,A+,11.18,17.2,6.02,1136,700,unintended,False,moderate_thin_sample_confidence
2026-07-28,805942,Zach Royse,pitcher,A+,12.0,17.06,5.06,1066,706,unintended,False,
2026-07-28,828599,Lucas Spence,hitter,AAA,5.33,17.05,11.72,1708,708,unintended,False,
2026-07-28,807485,Davian Garcia,pitcher,AA,17.01,16.98,-0.03,679,712,unintended,False,thin_current_sample_confidence
2026-07-28,813715,Khadim Diaw,hitter,AA,11.48,16.81,5.33,1111,720,unintended,False,
2026-07-28,800231,Won-Bin Cho,hitter,AA,8.47,16.71,8.24,1399,728,unintended,False,
2026-07-28,800569,Alberto Barriga,hitter,AA,11.27,16.68,5.41,1131,730,unintended,False,moderate_thin_sample_confidence
2026-07-28,827408,Ramon Marquez,pitcher,A+,15.06,16.67,1.61,817,733,unintended,False,moderate_thin_sample_confidence
2026-07-28,823182,Braylon Owens,pitcher,AA,5.57,16.19,10.62,1681,770,unintended,False,
2026-07-28,682620,Richard Gallardo,pitcher,AAA,15.87,16.16,0.29,761,775,unintended,False,moderate_thin_sample_confidence
2026-07-28,702965,Hiro Wyatt,pitcher,A,16.04,16.05,0.01,748,780,unintended,False,thin_current_sample_confidence
2026-07-28,811765,Deniel Ortiz,hitter,AA,17.67,15.99,-1.68,640,784,unintended,False,thin_current_sample_confidence
2026-07-28,699314,David Davalillo,pitcher,AAA,14.41,15.87,1.46,866,794,unintended,False,moderate_thin_sample_confidence
2026-07-28,691003,Tre' Morgan,hitter,AAA,15.85,15.83,-0.02,764,800,unintended,False,thin_current_sample_confidence
2026-07-28,687223,Carson Palmquist,pitcher,AAA,15.71,15.73,0.02,776,807,unintended,False,thin_current_sample_confidence
2026-07-28,691437,Adrian Pinto,hitter,AA,17.96,15.64,-2.32,621,810,unintended,False,thin_current_sample_confidence
2026-07-28,801796,Eli Jones,pitcher,AA,5.54,15.64,10.1,1685,811,unintended,False,moderate_thin_sample_confidence
2026-07-28,529017,Alexander Cornielle,pitcher,AAA,18.35,15.52,-2.83,590,817,unintended,False,thin_current_sample_confidence
2026-07-28,800017,Jose Montero,pitcher,AA,13.41,15.48,2.07,952,821,unintended,False,moderate_thin_sample_confidence
2026-07-28,695604,T.J. White,hitter,AA,9.67,15.45,5.78,1283,823,unintended,False,moderate_thin_sample_confidence
2026-07-28,700255,Jacob Steinmetz,pitcher,A,13.0,15.2,2.2,988,837,intended,True,thin_current_sample_confidence
2026-07-28,802410,Jacob Zibin,pitcher,A+,10.16,15.2,5.04,1239,838,unintended,False,moderate_thin_sample_confidence
2026-07-28,814489,Brett Wichrowski,pitcher,AAA,3.43,15.13,11.7,1948,848,unintended,False,moderate_thin_sample_confidence
2026-07-28,804123,Joey Volini,pitcher,AA,16.79,15.12,-1.67,692,849,unintended,False,thin_current_sample_confidence
2026-07-28,807993,Nicolas Carreno,pitcher,A+,11.37,14.9,3.53,1121,858,unintended,False,moderate_thin_sample_confidence
2026-07-28,802357,Drue Hackenberg,pitcher,AAA,17.7,14.7,-3.0,636,874,unintended,False,thin_current_sample_confidence
2026-07-28,695722,Boston Smith,hitter,AA,4.16,14.65,10.49,1850,875,unintended,False,
2026-07-28,815793,Carter Johnson,hitter,A+,13.83,14.63,0.8,917,878,unintended,False,
2026-07-28,815501,Bryce Meccage,pitcher,A+,14.42,14.4,-0.02,865,900,unintended,False,thin_current_sample_confidence
2026-07-28,831572,Carson Fischer,pitcher,A+,5.09,14.31,9.22,1730,908,unintended,False,
2026-07-28,691292,Angel Ortiz,hitter,AAA,13.22,14.3,1.08,966,909,unintended,False,moderate_thin_sample_confidence
2026-07-28,691616,Hedbert Perez,hitter,AA,15.14,14.13,-1.01,812,923,unintended,False,thin_current_sample_confidence
2026-07-28,808893,Bryan Balzer,pitcher,A+,4.05,14.11,10.06,1860,927,unintended,False,
2026-07-28,687210,Nathan Martorella,hitter,AAA,14.1,14.08,-0.02,895,929,unintended,False,thin_current_sample_confidence
2026-07-28,805880,Tanner Thach,hitter,A+,4.75,14.07,9.32,1778,932,unintended,False,
2026-07-28,804614,Marco Vargas,hitter,AA,15.59,14.04,-1.55,781,933,unintended,False,thin_current_sample_confidence
2026-07-28,702331,Noah Mendlinger,hitter,AAA,9.86,14.03,4.17,1264,934,unintended,False,moderate_thin_sample_confidence
2026-07-28,686544,Nestor Lorant,pitcher,AA,8.23,13.76,5.53,1426,959,unintended,False,moderate_thin_sample_confidence
2026-07-28,691006,Kevin Parada,hitter,AAA,7.86,13.62,5.76,1454,964,unintended,False,moderate_thin_sample_confidence;upper_level_low_impact_hitter_model_sample
2026-07-28,696062,Wilber Dotel,pitcher,AAA,14.81,13.62,-1.19,832,966,unintended,False,thin_current_sample_confidence
2026-07-28,834240,Ryan Wideman,hitter,A+,6.38,13.59,7.21,1612,968,unintended,False,
2026-07-28,808024,Carlos Virahonda,hitter,A+,5.66,13.57,7.91,1668,970,unintended,False,
2026-07-28,682633,Eduardo Garcia,hitter,AAA,5.26,13.53,8.27,1719,974,unintended,False,moderate_thin_sample_confidence
2026-07-28,691185,Maximo Acosta,hitter,AAA,13.38,13.36,-0.02,953,991,unintended,False,thin_current_sample_confidence
2026-07-28,691893,Jean Cabrera,pitcher,AAA,10.53,13.22,2.69,1203,1000,unintended,False,moderate_thin_sample_confidence
2026-07-28,692405,Jeremy Rivas,hitter,AAA,9.67,13.19,3.52,1282,1002,unintended,False,moderate_thin_sample_confidence
2026-07-28,801075,Walker Janek,hitter,AA,13.44,13.14,-0.3,947,1007,unintended,False,thin_current_sample_confidence
2026-07-28,827759,Daniel Bucciero,hitter,A+,0,13.01,13.01,2339,1020,unintended,False,
2026-07-28,804670,Ryan Birchard,pitcher,AA,13.03,13.01,-0.02,984,1021,unintended,False,thin_current_sample_confidence
2026-07-28,703804,Romeo Sanabria,hitter,AAA,0,12.83,12.83,2480,1031,unintended,False,
2026-07-28,691941,Calvin Harris,hitter,AA,13.86,12.79,-1.07,912,1033,unintended,False,thin_current_sample_confidence
2026-07-28,814384,Alexander Meckley,pitcher,A+,6.47,12.77,6.3,1603,1037,unintended,False,moderate_thin_sample_confidence
2026-07-28,806270,Dominic Perachi,pitcher,AA,13.36,12.71,-0.65,957,1042,unintended,False,thin_current_sample_confidence
2026-07-28,804985,Jack Anker,pitcher,A+,5.13,12.69,7.56,1727,1045,unintended,False,
2026-07-28,822514,Max Banks,pitcher,A+,5.38,12.65,7.27,1705,1047,unintended,False,
2026-07-28,694633,Chase Hampton,pitcher,AA,17.24,12.53,-4.71,669,1056,unintended,False,thin_current_sample_confidence
2026-07-28,813400,Jack Winnay,hitter,AA,4.37,12.49,8.12,1822,1059,unintended,False,
2026-07-28,815043,Simon Miller,pitcher,AA,10.82,12.43,1.61,1173,1064,intended,True,thin_current_sample_confidence
2026-07-28,823790,Will McCausland,pitcher,A+,3.52,12.37,8.85,1936,1067,unintended,False,
2026-07-28,699276,Jose Olivares,pitcher,AA,13.0,12.33,-0.67,989,1071,unintended,False,thin_current_sample_confidence
2026-07-28,690985,Colby Halter,hitter,AAA,6.41,12.29,5.88,1607,1076,unintended,False,moderate_thin_sample_confidence
2026-07-28,814346,Dylan Watts,pitcher,A+,1.69,12.22,10.53,2142,1085,unintended,False,moderate_thin_sample_confidence
2026-07-28,688354,Hayden Minton,pitcher,AA,7.32,12.19,4.87,1506,1089,unintended,False,
2026-07-28,808825,Andrew Sears,pitcher,AA,15.57,11.86,-3.71,784,1115,unintended,False,thin_current_sample_confidence
2026-07-28,807728,Carter Graham,hitter,AA,2.94,11.82,8.88,2033,1120,unintended,False,
2026-07-28,832307,Jack Kartsonas,pitcher,AA,0.14,11.82,11.68,2270,1122,unintended,False,
2026-07-28,683085,Landon Sims,pitcher,AAA,9.33,11.72,2.39,1315,1136,unintended,False,moderate_thin_sample_confidence
2026-07-28,687152,Darrien Miller,hitter,AAA,0.56,11.65,11.09,2234,1140,unintended,False,moderate_thin_sample_confidence
2026-07-28,694393,Jaxon Wiggins,pitcher,AAA,15.15,11.61,-3.54,810,1141,unintended,False,thin_current_sample_confidence
2026-07-28,691913,Jesus Castillo,hitter,AAA,7.01,11.57,4.56,1535,1145,unintended,False,moderate_thin_sample_confidence
2026-07-28,822477,JB Middleton,pitcher,A,11.37,11.39,0.02,1120,1157,unintended,False,thin_current_sample_confidence
2026-07-28,800387,Fernando Peguero,hitter,AAA,3.6,11.31,7.71,1923,1164,unintended,False,moderate_thin_sample_confidence;upper_level_low_impact_hitter_model_sample
2026-07-28,814452,Anthony Martinez,hitter,A+,0,11.06,11.06,2297,1183,unintended,False,moderate_thin_sample_confidence
2026-07-28,686445,Sammy Siani,hitter,AA,11.04,11.02,-0.02,1152,1188,unintended,False,thin_current_sample_confidence
2026-07-28,822966,John Taylor,hitter,AAA,10.31,10.96,0.65,1217,1194,unintended,False,moderate_thin_sample_confidence
2026-07-28,803291,Christian Oppor,pitcher,AA,11.06,10.95,-0.11,1149,1196,unintended,False,thin_current_sample_confidence
2026-07-28,691405,Juan Benjamin,hitter,AAA,0,10.93,10.93,2423,1198,unintended,False,moderate_thin_sample_confidence
2026-07-28,831273,Ethan Young,pitcher,A,10.8,10.79,-0.01,1176,1213,unintended,False,thin_current_sample_confidence
2026-07-28,807748,Kannon Kemp,pitcher,A+,9.58,10.73,1.15,1291,1217,intended,True,thin_current_sample_confidence
2026-07-28,815292,Luis Martinez-Gomez,pitcher,AA,12.66,10.65,-2.01,1013,1226,unintended,False,thin_current_sample_confidence
2026-07-28,801507,Jake Cunningham,hitter,AA,3.54,10.44,6.9,1932,1245,unintended,False,
2026-07-28,677601,Keyber Rodriguez,hitter,AAA,8.0,10.39,2.39,1440,1247,unintended,False,moderate_thin_sample_confidence
2026-07-28,807962,Carlos Castillo,pitcher,A+,10.04,10.05,0.01,1252,1284,unintended,False,thin_current_sample_confidence
2026-07-28,695646,Peter Heubeck,pitcher,AA,9.87,9.84,-0.03,1262,1298,unintended,False,thin_current_sample_confidence
2026-07-28,801643,Owen Wild,pitcher,AAA,9.55,9.82,0.27,1295,1301,unintended,False,moderate_thin_sample_confidence
2026-07-28,800254,Abrahan Ramirez,hitter,A+,3.53,9.68,6.15,1933,1313,unintended,False,moderate_thin_sample_confidence
2026-07-28,684128,Reidis Sena,pitcher,AAA,11.45,9.5,-1.95,1115,1327,unintended,False,thin_current_sample_confidence
2026-07-28,801957,Dub Gleed,hitter,AA,3.68,9.46,5.78,1900,1330,unintended,False,
2026-07-28,693739,Alexander Alberto,pitcher,AAA,12.8,9.44,-3.36,1002,1332,unintended,False,thin_current_sample_confidence
2026-07-28,694408,Riley Eikhoff,pitcher,A+,0,9.19,9.19,2826,1358,unintended,False,
2026-07-28,683349,Calvin Ziegler,pitcher,A+,3.57,9.09,5.52,1927,1369,intended,True,thin_current_sample_confidence
2026-07-28,809059,Danny Macchiarola,pitcher,A,8.98,8.96,-0.02,1348,1378,unintended,False,thin_current_sample_confidence
2026-07-28,694689,Dominic Pitelli,hitter,AAA,6.9,8.84,1.94,1547,1388,unintended,False,moderate_thin_sample_confidence
2026-07-28,691186,Arol Vera,hitter,AAA,10.16,8.67,-1.49,1237,1402,unintended,False,thin_current_sample_confidence
2026-07-28,700251,Brandon Clarke,pitcher,A,4.32,8.66,4.34,1828,1406,intended,True,thin_current_sample_confidence
2026-07-28,813706,Owen Hackman,pitcher,AA,11.14,8.65,-2.49,1142,1409,unintended,False,thin_current_sample_confidence
2026-07-28,691621,Jheremy Vargas,hitter,AAA,9.55,8.57,-0.98,1294,1416,unintended,False,thin_current_sample_confidence
2026-07-28,813636,Phil Fox,pitcher,AA,8.45,8.47,0.02,1401,1431,unintended,False,thin_current_sample_confidence
2026-07-28,811948,Tony Santa Maria,hitter,AAA,0,8.42,8.42,2493,1437,unintended,False,
2026-07-28,684081,Erick Brito,hitter,AA,9.55,8.4,-1.15,1293,1439,unintended,False,thin_current_sample_confidence
2026-07-28,687394,Jack Brannigan,hitter,AAA,0,8.36,8.36,2385,1443,unintended,False,moderate_thin_sample_confidence
2026-07-28,695771,Jacob Kmatz,pitcher,AA,5.31,8.36,3.05,1712,1445,unintended,False,moderate_thin_sample_confidence
2026-07-28,803183,Luke Fox,pitcher,AA,8.27,8.29,0.02,1419,1453,unintended,False,thin_current_sample_confidence
2026-07-28,692243,Jaden Woods,pitcher,AAA,12.45,8.17,-4.28,1028,1464,unintended,False,thin_current_sample_confidence
2026-07-28,805311,Nick Sando,pitcher,AAA,10.93,8.15,-2.78,1162,1465,unintended,False,thin_current_sample_confidence
2026-07-28,802407,Joe Lampe,hitter,AAA,0,8.14,8.14,2402,1466,unintended,False,moderate_thin_sample_confidence;upper_level_low_impact_hitter_model_sample
2026-07-28,696070,Kendry Rojas,pitcher,AAA,8.75,8.14,-0.61,1368,1468,unintended,False,thin_current_sample_confidence
2026-07-28,687282,Gabriel Rincones Jr.,hitter,AAA,14.26,8.12,-6.14,879,1469,unintended,False,thin_current_sample_confidence
2026-07-28,814388,Hayden Snelsire,pitcher,AAA,8.99,8.02,-0.97,1344,1478,unintended,False,thin_current_sample_confidence
2026-07-28,683494,Euribiel Angeles,hitter,AAA,2.55,7.96,5.41,2078,1481,unintended,False,moderate_thin_sample_confidence
2026-07-28,815653,Tyson Lewis,hitter,A+,7.2,7.94,0.74,1521,1483,unintended,False,
2026-07-28,685763,Jonatan Bernal,pitcher,AAA,3.74,7.79,4.05,1895,1505,unintended,False,moderate_thin_sample_confidence
2026-07-28,807974,Adrian Bohorquez,pitcher,A+,7.55,7.57,0.02,1489,1525,unintended,False,thin_current_sample_confidence
2026-07-28,832455,Matthew Fisher,pitcher,A,7.56,7.57,0.01,1487,1526,unintended,False,thin_current_sample_confidence
2026-07-28,694186,Shalin Polanco,hitter,AA,0,7.42,7.42,2487,1537,unintended,False,moderate_thin_sample_confidence
2026-07-28,806637,Jordan Woods,pitcher,A+,0,7.39,7.39,2725,1540,unintended,False,moderate_thin_sample_confidence
2026-07-28,824613,Cole Tolbert,pitcher,A,7.18,7.2,0.02,1522,1560,unintended,False,thin_current_sample_confidence
2026-07-28,806121,Mac Heuer,pitcher,A,7.1,7.11,0.01,1530,1568,unintended,False,thin_current_sample_confidence
2026-07-28,804556,Braden Nett,pitcher,AAA,7.01,7.03,0.02,1536,1571,unintended,False,thin_current_sample_confidence
2026-07-28,823242,Tanner Gresham,pitcher,A+,1.58,6.89,5.31,2150,1584,unintended,False,moderate_thin_sample_confidence
2026-07-28,814269,Kevin Verde,hitter,AA,10.78,6.87,-3.91,1179,1589,unintended,False,thin_current_sample_confidence
2026-07-28,701734,Ryan McCrystal,hitter,AA,2.06,6.85,4.79,2110,1594,unintended,False,moderate_thin_sample_confidence
2026-07-28,821023,Marlon De La Cruz,pitcher,A,6.84,6.82,-0.02,1559,1598,unintended,False,thin_current_sample_confidence
2026-07-28,691398,Yerlin Confidan,hitter,AA,0,6.81,6.81,2509,1599,unintended,False,
2026-07-28,806768,Giacomo Taschin,pitcher,A,6.84,6.81,-0.03,1558,1600,unintended,False,thin_current_sample_confidence
2026-07-28,806522,Irving Cota,pitcher,AA,8.6,6.77,-1.83,1383,1609,unintended,False,thin_current_sample_confidence
2026-07-28,805273,Frank Camarillo,pitcher,A+,3.87,6.74,2.87,1882,1611,unintended,False,moderate_thin_sample_confidence
2026-07-28,694991,Mitch Jebb,hitter,AAA,12.27,6.71,-5.56,1043,1613,unintended,False,thin_current_sample_confidence
2026-07-28,806441,Nehomar Ochoa Jr.,hitter,A+,5.0,6.64,1.64,1744,1624,unintended,False,moderate_thin_sample_confidence
2026-07-28,702576,Mason McGwire,pitcher,A+,4.99,6.54,1.55,1746,1633,unintended,False,moderate_thin_sample_confidence
2026-07-28,823295,Jay Thomason,hitter,AA,0,6.51,6.51,2398,1638,unintended,False,
2026-07-28,695556,Shane Panzini,pitcher,AAA,6.45,6.47,0.02,1605,1644,unintended,False,thin_current_sample_confidence
2026-07-28,804751,Logan Poteet,hitter,A+,0,6.44,6.44,2437,1646,unintended,False,
2026-07-28,820940,Eiver Mosquera,pitcher,A,6.42,6.4,-0.02,1606,1649,unintended,False,thin_current_sample_confidence
2026-07-28,702582,Dallas Macias,hitter,A+,0,6.31,6.31,2337,1655,unintended,False,
2026-07-28,805590,Dylan Palmer,hitter,A+,0,6.31,6.31,2352,1656,unintended,False,
2026-07-28,801367,Matt Jachec,pitcher,AAA,6.62,6.24,-0.38,1587,1663,unintended,False,thin_current_sample_confidence
2026-07-28,808291,Tyler Rodriguez,hitter,A+,3.58,6.22,2.64,1925,1665,unintended,False,moderate_thin_sample_confidence
2026-07-28,808547,Keyner Benitez,pitcher,A,6.2,6.17,-0.03,1627,1671,unintended,False,thin_current_sample_confidence
2026-07-28,801686,Michael Carico,hitter,A+,0,6.01,6.01,2454,1685,unintended,False,
2026-07-28,809633,Michael Dattalo,hitter,A+,2.2,6.0,3.8,2097,1688,unintended,False,moderate_thin_sample_confidence
2026-07-28,696277,Mason Marriott,pitcher,A+,0,5.94,5.94,2784,1693,intended,True,thin_current_sample_confidence
2026-07-28,693311,Tink Hence,pitcher,AAA,5.86,5.88,0.02,1651,1695,unintended,False,thin_current_sample_confidence
2026-07-28,812363,Marlon Nieves,pitcher,A,5.85,5.86,0.01,1652,1696,unintended,False,thin_current_sample_confidence
2026-07-28,806128,Antonio Jimenez,hitter,A+,0,5.79,5.79,2299,1699,unintended,False,moderate_thin_sample_confidence
2026-07-28,702526,Eric Snow,hitter,AA,3.04,5.66,2.62,2016,1712,unintended,False,moderate_thin_sample_confidence
2026-07-28,702495,Josh Tate,hitter,A+,0.14,5.5,5.36,2269,1731,unintended,False,
2026-07-28,811312,Justin Riemer,hitter,AA,0,5.44,5.44,2429,1739,unintended,False,moderate_thin_sample_confidence
2026-07-28,804946,Tyler Howard,hitter,A+,0,5.41,5.41,2495,1744,unintended,False,moderate_thin_sample_confidence
2026-07-28,692222,Jose Izarra,hitter,AA,0,5.35,5.35,2413,1748,unintended,False,
2026-07-28,689296,Anthony Nunez,pitcher,AAA,2.21,5.27,3.06,2096,1759,intended,True,thin_current_sample_confidence
2026-07-28,693781,Wilian Bormie,pitcher,AAA,9.69,5.24,-4.45,1279,1762,unintended,False,thin_current_sample_confidence
2026-07-28,701820,Jacob Friend,hitter,A+,4.67,5.23,0.56,1784,1763,unintended,False,moderate_thin_sample_confidence
2026-07-28,700357,Juan Rojas,pitcher,AA,9.76,5.18,-4.58,1273,1766,unintended,False,thin_current_sample_confidence
2026-07-28,814005,Jake Bloss,pitcher,AAA,11.13,5.16,-5.97,1144,1767,unintended,False,thin_current_sample_confidence
2026-07-28,694266,D'Andre Smith,hitter,AA,7.28,5.09,-2.19,1512,1771,unintended,False,thin_current_sample_confidence
2026-07-28,692226,Ty Floyd,pitcher,A+,5.06,5.04,-0.02,1734,1778,unintended,False,thin_current_sample_confidence
2026-07-28,694742,Josh Moylan,hitter,AA,0,4.87,4.87,2421,1800,unintended,False,
2026-07-28,805800,Zander Mueth,pitcher,A,4.81,4.82,0.01,1768,1807,unintended,False,thin_current_sample_confidence
2026-07-28,806083,J.D. Gonzalez,hitter,A+,0,4.8,4.8,2384,1809,unintended,False,moderate_thin_sample_confidence
2026-07-28,814522,Caden Kendle,hitter,AA,0,4.66,4.66,2319,1824,unintended,False,moderate_thin_sample_confidence
2026-07-28,835054,Cale Wetwiska,pitcher,A,4.62,4.59,-0.03,1790,1836,unintended,False,thin_current_sample_confidence
2026-07-28,813869,Ryan Degges,pitcher,A+,6.15,4.57,-1.58,1631,1841,unintended,False,thin_current_sample_confidence
2026-07-28,700845,Adam Zebrowski,hitter,AAA,0,4.54,4.54,2288,1845,unintended,False,moderate_thin_sample_confidence
2026-07-28,694181,Carlos Colmenarez,hitter,AAA,3.15,4.48,1.33,1998,1852,unintended,False,moderate_thin_sample_confidence
2026-07-28,690804,Ryan Nicholson,hitter,AAA,0,4.28,4.28,2482,1877,unintended,False,
2026-07-28,700179,Connor Oliver,pitcher,AA,2.46,4.26,1.8,2084,1883,unintended,False,moderate_thin_sample_confidence
2026-07-28,683103,Cade Doughty,hitter,AA,5.18,4.24,-0.94,1724,1885,unintended,False,thin_current_sample_confidence
2026-07-28,823817,Jake McCutcheon,hitter,A+,0,4.24,4.24,2392,1886,unintended,False,moderate_thin_sample_confidence
2026-07-28,827664,Silvano Hechavarria,pitcher,A+,0,4.24,4.24,2848,1888,unintended,False,moderate_thin_sample_confidence
2026-07-28,814366,Cade Feeney,pitcher,AAA,5.39,4.21,-1.18,1704,1891,unintended,False,thin_current_sample_confidence
2026-07-28,693243,Garrett Pennington,hitter,AA,0,4.19,4.19,2369,1892,unintended,False,
2026-07-28,809685,Aiven Cabral,pitcher,A+,0,4.07,4.07,2524,1904,unintended,False,moderate_thin_sample_confidence
2026-07-28,809784,Garrett Stratton,pitcher,AA,0,3.99,3.99,2649,1911,unintended,False,moderate_thin_sample_confidence
2026-07-28,671748,Casey Yamauchi,hitter,AAA,0,3.97,3.97,2327,1916,unintended,False,
2026-07-28,683353,Connor Caskenette,hitter,AA,0,3.83,3.83,2332,1931,unintended,False,moderate_thin_sample_confidence
2026-07-28,691947,Ronan Kopp,pitcher,AAA,3.78,3.79,0.01,1890,1935,unintended,False,thin_current_sample_confidence
2026-07-28,800348,Edwin Amparo,hitter,A+,0,3.75,3.75,2355,1939,unintended,False,
2026-07-28,703821,Myles Caba,pitcher,AA,6.56,3.73,-2.83,1590,1943,unintended,False,thin_current_sample_confidence
2026-07-28,702640,Tyler Gough,pitcher,A+,2.08,3.72,1.64,2107,1944,unintended,False,moderate_thin_sample_confidence
2026-07-28,683568,Jairo Iriarte,pitcher,AAA,3.31,3.69,0.38,1967,1947,unintended,False,moderate_thin_sample_confidence
2026-07-28,821061,Irwin Ramirez,pitcher,A,3.62,3.64,0.02,1918,1960,unintended,False,thin_current_sample_confidence
2026-07-28,805865,Guy Lipscomb,hitter,AA,3.62,3.61,-0.01,1915,1968,unintended,False,thin_current_sample_confidence
2026-07-28,699228,Jakey Josepha,hitter,AA,0,3.55,3.55,2395,1975,unintended,False,
2026-07-28,686981,Brenden Dixon,hitter,AA,3.48,3.46,-0.02,1940,1983,unintended,False,thin_current_sample_confidence
2026-07-28,701136,Kerrington Cross,hitter,A+,0,3.46,3.46,2430,1984,unintended,False,
2026-07-28,805517,Jackson Steensma,pitcher,A,3.42,3.4,-0.02,1949,1992,unintended,False,thin_current_sample_confidence
2026-07-28,701404,Fisher Jameson,pitcher,AAA,0,3.33,3.33,2640,2002,unintended,False,moderate_thin_sample_confidence
2026-07-28,814343,Danny Flatt,pitcher,A,3.3,3.31,0.01,1970,2009,unintended,False,thin_current_sample_confidence
2026-07-28,814194,Quinn McDaniel,hitter,AA,1.79,3.29,1.5,2132,2013,unintended,False,moderate_thin_sample_confidence
2026-07-28,696098,Jose Romero,pitcher,A+,0,3.27,3.27,2734,2018,intended,True,thin_current_sample_confidence
2026-07-28,696040,Po-Yu Chen,pitcher,AA,3.21,3.23,0.02,1990,2028,unintended,False,thin_current_sample_confidence
2026-07-28,692285,Luis Guerrero,pitcher,AAA,3.22,3.21,-0.01,1987,2032,unintended,False,thin_current_sample_confidence
2026-07-28,701860,Carter Cunningham,hitter,AA,0,3.19,3.19,2326,2035,unintended,False,
2026-07-28,802192,Daniel Corniel,pitcher,A+,3.16,3.14,-0.02,1996,2044,unintended,False,thin_current_sample_confidence
2026-07-28,683104,Trey Faltine,hitter,AAA,4.27,2.96,-1.31,1839,2069,unintended,False,thin_current_sample_confidence
2026-07-28,690053,Chris Sargent,hitter,AA,2.93,2.95,0.02,2035,2071,unintended,False,thin_current_sample_confidence
2026-07-28,688883,Peyton Pallette,pitcher,AAA,2.92,2.93,0.01,2037,2077,unintended,False,thin_current_sample_confidence
2026-07-28,800544,Cesar Lares,pitcher,A+,2.82,2.84,0.02,2051,2086,unintended,False,thin_current_sample_confidence
2026-07-28,807697,Jervis Alfaro,pitcher,A+,1.61,2.83,1.22,2146,2091,unintended,False,moderate_thin_sample_confidence
2026-07-28,833381,Jack Moroknek,hitter,A+,0,2.79,2.79,2386,2093,unintended,False,moderate_thin_sample_confidence
2026-07-28,809231,Tom Poole,hitter,A+,0,2.76,2.76,2491,2095,unintended,False,moderate_thin_sample_confidence
2026-07-28,695605,Travis Smith,pitcher,AA,0,2.73,2.73,2863,2097,unintended,False,moderate_thin_sample_confidence
2026-07-28,804466,Carter Garate,hitter,AAA,3.05,2.7,-0.35,2015,2102,unintended,False,thin_current_sample_confidence
2026-07-28,824742,Logan Braunschweig,hitter,AA,1.2,2.61,1.41,2176,2116,unintended,False,moderate_thin_sample_confidence
2026-07-28,693832,Tre Richardson III,hitter,AA,0.86,2.6,1.74,2208,2117,unintended,False,moderate_thin_sample_confidence
2026-07-28,701862,Jacob Walsh,hitter,A+,1.02,2.53,1.51,2185,2123,unintended,False,moderate_thin_sample_confidence
2026-07-28,682999,Will Childers,pitcher,AAA,3.99,2.53,-1.46,1867,2124,unintended,False,thin_current_sample_confidence
2026-07-28,687195,Jake Garland,pitcher,AAA,5.55,2.28,-3.27,1684,2135,unintended,False,thin_current_sample_confidence
2026-07-28,807187,Mathias LaCombe,pitcher,AA,3.62,2.28,-1.34,1919,2136,unintended,False,thin_current_sample_confidence
2026-07-28,679754,Alberto Rodriguez,hitter,AA,2.29,2.27,-0.02,2090,2138,unintended,False,thin_current_sample_confidence
2026-07-28,805879,Connor Foley,pitcher,A,2.18,2.16,-0.02,2100,2144,unintended,False,thin_current_sample_confidence
2026-07-28,681495,Cade Fergus,hitter,AAA,5.63,2.01,-3.62,1676,2159,unintended,False,thin_current_sample_confidence
2026-07-28,702631,Adonys Guzman,hitter,A+,0,1.93,1.93,2289,2163,unintended,False,moderate_thin_sample_confidence
2026-07-28,702563,Mason Neville,hitter,A+,0,1.91,1.91,2451,2165,unintended,False,moderate_thin_sample_confidence
2026-07-28,685719,Fernando Sanchez,pitcher,AAA,7.89,1.66,-6.23,1449,2185,unintended,False,thin_current_sample_confidence
2026-07-28,801039,John Garcia,hitter,AA,0,1.63,1.63,2405,2188,unintended,False,moderate_thin_sample_confidence
2026-07-28,811573,Myles Patton,pitcher,A,1.59,1.58,-0.01,2149,2192,unintended,False,thin_current_sample_confidence
2026-07-28,822877,Luke Cantwell,hitter,A+,0,1.48,1.48,2444,2196,unintended,False,moderate_thin_sample_confidence
2026-07-28,691942,Jack O'Dowd,hitter,AA,0,1.47,1.47,2387,2198,unintended,False,moderate_thin_sample_confidence
2026-07-28,694399,Elijah Nunez,hitter,AA,0,1.39,1.39,2356,2206,unintended,False,moderate_thin_sample_confidence
2026-07-28,695046,Drew Brutcher,hitter,AA,0,1.21,1.21,2350,2220,unintended,False,moderate_thin_sample_confidence
2026-07-28,687268,K.C. Hunt,pitcher,AAA,4.11,1.19,-2.92,1856,2224,unintended,False,thin_current_sample_confidence
2026-07-28,703198,Kenni Gomez,hitter,AA,1.87,0.79,-1.08,2122,2257,unintended,False,thin_current_sample_confidence
2026-07-28,680846,Pablo Aliendo,hitter,AA,0.59,0.61,0.02,2232,2272,unintended,False,thin_current_sample_confidence
2026-07-28,700784,Jeron Williams,hitter,AA,0.56,0.59,0.03,2235,2277,unintended,False,thin_current_sample_confidence
2026-07-28,827637,Dalton McIntyre,hitter,AA,0,0.49,0.49,2338,2281,unintended,False,moderate_thin_sample_confidence
2026-07-28,806927,Luis De La Cruz,pitcher,A+,0,0.47,0.47,2768,2283,unintended,False,moderate_thin_sample_confidence
2026-07-28,811229,Ubert Mejias,pitcher,A+,0,0.46,0.46,2876,2285,unintended,False,moderate_thin_sample_confidence
2026-07-28,683061,Alexander Vargas,hitter,AA,0.38,0.4,0.02,2243,2287,unintended,False,thin_current_sample_confidence
2026-07-28,806998,Hendry Chivilli,pitcher,A,0.42,0.39,-0.03,2241,2288,unintended,False,thin_current_sample_confidence
2026-07-28,822163,Kellan Oakes,pitcher,A+,0,0.34,0.34,2754,2294,unintended,False,moderate_thin_sample_confidence
2026-07-28,696020,Raudelis Martinez,hitter,AA,0.24,0.25,0.01,2256,2297,unintended,False,thin_current_sample_confidence
2026-07-28,821092,Dalvinson Reyes,pitcher,A,0.25,0.22,-0.03,2253,2305,unintended,False,thin_current_sample_confidence
2026-07-28,808333,Dariel Francia,pitcher,A,0.18,0.2,0.02,2263,2307,unintended,False,thin_current_sample_confidence
2026-07-28,808864,Raider Tello,hitter,AA,0,0.18,0.18,2472,2309,unintended,False,moderate_thin_sample_confidence
2026-07-28,692589,Victor Juarez,pitcher,AAA,6.71,0.03,-6.68,1574,2329,unintended,False,thin_current_sample_confidence
2026-07-28,692366,Onil Perez,hitter,AA,2.57,0.02,-2.55,2075,2330,unintended,False,thin_current_sample_confidence
2026-07-28,699305,Diego Mosquera,hitter,AA,2.56,0,-2.56,2077,2384,unintended,False,thin_current_sample_confidence
2026-07-28,687248,Keshawn Ogans,hitter,AAA,3.45,0,-3.45,1943,2447,unintended,False,thin_current_sample_confidence
2026-07-28,694204,Maikol Hernández,hitter,AAA,0.17,0,-0.17,2266,2462,unintended,False,thin_current_sample_confidence
2026-07-28,815152,Theo Hardy,hitter,AAA,0.27,0,-0.27,2250,2501,unintended,False,thin_current_sample_confidence
2026-07-28,815084,Ben Simon,pitcher,AAA,5.09,0,-5.09,1729,2558,unintended,False,thin_current_sample_confidence
2026-07-28,682981,Derek Diamond,pitcher,AAA,3.28,0,-3.28,1975,2617,unintended,False,thin_current_sample_confidence
2026-07-28,828506,Joey Danielson,pitcher,AA,0.49,0,-0.49,2238,2727,unintended,False,thin_current_sample_confidence
2026-07-28,681328,Jonny Cuevas,pitcher,AAA,2.83,0,-2.83,2050,2731,unintended,False,thin_current_sample_confidence
2026-07-28,687881,Kenten Egbert,pitcher,AAA,0.71,0,-0.71,2219,2761,unintended,False,thin_current_sample_confidence
